url_length,hostname_length,path_length,count_dots,count_hyphens,digit_count,digit_ratio,has_ip_address,subdomain_count,has_at_symbol,shannon_entropy_nan,relative_entropy,count_sensitive_keywords,count_brand_keywords,has_https_token_in_host,count_slashes,count_vowels_dom,status_bin
19,11,1,2,0,4,0.21052631578947367,0,1,0,1.4591479170272448,1.6205785759503222,0,0,0,3,1,1
60,13,40,2,1,5,0.08333333333333333,0,1,0,1.5709505944546687,0.5064647915085296,0,0,0,6,2,0
45,24,14,2,0,0,0.0,0,1,0,1.3787834934861753,0.40058389552509344,0,0,0,4,7,0
125,26,91,3,5,11,0.088,0,1,0,1.8427376486136673,0.3280854690073857,0,0,0,10,9,0
29,20,1,2,0,0,0.0,0,1,0,1.4591479170272448,0.4255353657791452,0,0,0,3,7,0
51,15,29,5,0,0,0.0,0,1,0,1.360964047443681,0.5514626176549928,1,0,0,4,4,1
37,17,13,2,1,0,0.0,0,1,0,1.657742726504889,0.6736072915701246,0,0,0,5,3,1
34,25,1,3,0,0,0.0,0,2,0,1.4488156357251847,0.4698651088614048,0,0,0,3,8,0
31,23,1,2,1,0,0.0,0,1,0,1.8423709931771084,0.5379172616616603,0,0,0,3,7,0
27,18,1,2,0,0,0.0,0,1,0,1.4591479170272448,0.8104537380120952,0,0,0,3,2,0
79,18,53,4,1,8,0.10126582278481013,0,1,0,2.271782221599798,0.5469110748525112,0,0,0,7,4,0
67,10,50,1,7,2,0.029850746268656716,0,0,0,1.5744174271404585,0.47986530760669865,0,0,0,5,4,0
20,11,1,2,0,0,0.0,0,1,0,1.4591479170272448,0.9488062171440291,0,0,0,3,3,0
50,20,22,3,0,0,0.0,0,1,0,1.3516441151533924,0.4917784300208439,0,0,0,5,6,0
35,17,10,2,0,0,0.0,0,1,0,1.3787834934861753,0.6844769857608587,0,0,0,4,6,0
40,31,1,2,1,0,0.0,0,1,0,1.8423709931771084,0.44913756784799846,0,0,0,3,9,1
40,25,7,2,0,8,0.2,0,1,0,1.3787834934861753,1.084842980711583,0,0,0,4,6,1
48,24,17,3,0,0,0.0,0,1,0,1.4488156357251847,0.25548828716850525,0,0,0,3,7,0
35,28,0,3,0,2,0.05714285714285714,0,2,0,1.4591479170272448,0.9203782253218429,0,0,0,2,10,1
127,50,20,4,1,24,0.1889763779527559,0,3,0,2.7550576199383077,0.9110280225148626,3,2,0,5,17,1
106,25,74,3,7,1,0.009433962264150943,0,1,0,1.7394541964918904,0.23685857592260112,0,0,0,6,8,0
74,14,10,4,1,4,0.05405405405405406,0,1,0,2.5232314287976205,0.7621781481594805,0,0,0,3,2,0
55,28,19,2,1,0,0.0,0,1,0,2.197159723424149,0.5367602754436916,0,0,0,3,9,0
30,21,1,2,0,0,0.0,0,1,0,1.4591479170272448,0.5944968203885899,0,0,0,3,6,0
32,18,7,3,0,2,0.0625,0,1,0,1.4488156357251847,0.824978526440637,0,0,0,3,3,1
61,14,40,5,0,0,0.0,0,2,0,1.3250112108241772,0.3778981756626112,1,1,0,6,4,1
79,31,33,3,3,0,0.0,0,1,0,2.2988252450030506,0.40796273642240727,0,0,0,5,8,1
58,21,18,4,0,2,0.034482758620689655,0,1,1,2.251629167387823,1.1106035641623335,0,0,0,4,5,1
35,18,10,2,0,0,0.0,0,1,0,1.3787834934861753,0.49885748089027615,0,0,0,4,5,1
70,16,46,2,0,2,0.02857142857142857,0,1,0,1.5709505944546687,0.6195628881642267,0,0,0,6,6,1
76,16,14,3,1,0,0.0,0,1,0,2.217021885879718,0.35204136456673707,0,0,0,6,3,1
31,23,1,2,0,0,0.0,0,1,0,1.4591479170272448,0.6042401325205312,0,0,0,3,7,0
42,15,19,2,0,8,0.19047619047619047,0,1,0,1.2987949406953985,0.8590979616496663,0,0,0,5,4,0
21,12,1,2,0,0,0.0,0,1,0,1.4591479170272448,0.6704465985131888,0,0,0,3,3,0
64,14,21,3,0,13,0.203125,0,1,0,2.0464393446710156,0.7968239099874338,0,0,0,4,3,0
38,27,4,2,0,0,0.0,0,1,0,1.4591479170272448,0.448512335964693,0,0,0,3,10,0
60,22,31,1,2,5,0.08333333333333333,0,0,0,1.4182958340544896,0.3412136027170815,0,0,0,8,9,1
64,20,37,3,0,0,0.0,0,1,0,1.3516441151533924,0.47301224676884374,0,0,0,5,6,0
145,25,113,4,1,15,0.10344827586206896,0,1,0,1.6113834567195195,0.3271806263893901,0,0,0,11,7,1
64,17,40,2,0,22,0.34375,0,1,0,1.3787834934861753,1.3814529549007688,0,0,0,4,6,1
18,9,1,1,0,0,0.0,0,0,0,1.3709505944546687,1.3490223123932072,0,0,0,3,2,0
32,23,1,2,0,0,0.0,0,1,0,1.4591479170272448,0.673801905023199,0,0,0,3,5,0
130,31,82,2,2,10,0.07692307692307693,0,1,0,2.5016094970590275,0.593330209351901,0,0,0,7,11,1
84,17,60,3,1,3,0.03571428571428571,0,1,0,2.146465798504072,0.28681858185530273,0,0,0,7,4,0
271,20,78,5,0,84,0.30996309963099633,0,1,0,2.5005038327557685,1.2410039947694638,2,0,0,10,5,1
29,20,1,2,0,3,0.10344827586206896,0,1,0,1.4591479170272448,0.8669122842517526,0,0,0,3,7,1
73,17,49,1,3,7,0.0958904109589041,0,0,0,1.6854752972273344,0.4776790383953972,0,0,0,5,5,0
26,18,1,3,0,0,0.0,0,2,0,1.4488156357251847,0.9469605841244824,0,0,0,3,6,0
42,34,1,2,2,6,0.14285714285714285,0,1,0,1.9056390622295665,0.7180171373804272,0,0,0,3,9,1
60,16,25,2,0,1,0.016666666666666666,0,1,0,1.9609640474436811,0.45176398686125885,0,0,0,5,6,1
126,50,20,4,1,14,0.1111111111111111,0,3,0,2.7550576199383077,0.7168946667885322,3,2,0,5,17,1
29,20,1,2,0,0,0.0,0,1,0,1.4591479170272448,0.36107930482466466,0,0,0,3,5,0
140,13,120,1,6,1,0.007142857142857143,0,0,0,1.6437519544205021,0.3279600128295483,3,0,0,11,4,1
21,13,1,2,0,0,0.0,0,1,0,1.4591479170272448,1.2263048729751442,0,0,0,3,3,0
18,9,1,1,0,0,0.0,0,0,0,1.3709505944546687,1.1424018230912596,0,0,0,3,2,0
41,16,17,2,0,0,0.0,0,1,0,1.2987949406953985,0.548653503272044,0,0,0,5,6,1
32,24,1,2,0,0,0.0,0,1,0,1.4591479170272448,0.49104287919997563,0,0,0,3,7,0
25,18,0,2,0,0,0.0,0,1,0,1.5219280948873621,0.6893995342027598,0,0,0,2,6,0
58,40,11,5,0,2,0.034482758620689655,0,3,0,1.360964047443681,0.5287225496854938,0,0,0,4,13,1
46,23,16,2,2,0,0.0,0,1,0,1.8365916681089791,0.44657902562174606,0,0,0,4,6,0
49,16,25,2,2,0,0.0,0,1,0,1.9056390622295665,0.30106392931406684,0,0,0,3,5,0
81,20,54,2,1,0,0.0,0,0,0,1.3520301017579528,0.2825073201827005,0,0,0,9,8,1
86,17,62,3,0,22,0.2558139534883721,0,1,0,1.295461844238322,0.8581814957272609,0,0,0,6,8,1
42,33,1,2,3,0,0.0,0,1,0,1.8910611120726526,0.3970349948828248,0,0,0,3,10,0
62,10,45,1,0,22,0.3548387096774194,0,0,0,1.1488348542809166,1.6036894557345889,0,0,0,5,2,1
56,37,12,4,3,5,0.08928571428571429,0,2,0,1.867633890971212,0.572809927953677,0,0,0,3,12,1
25,17,1,2,0,0,0.0,0,1,0,1.4591479170272448,0.4386898265044099,0,0,0,3,5,0
35,27,0,2,0,4,0.11428571428571428,0,1,0,1.5219280948873621,0.8531453610059698,0,0,0,2,8,1
16,9,0,2,0,0,0.0,0,1,0,1.5219280948873621,1.4756915016160344,0,0,0,2,3,0
28,19,1,2,0,4,0.14285714285714285,0,1,0,1.4591479170272448,1.2131048334945747,0,0,0,3,3,1
65,12,45,1,2,0,0.0,0,0,0,1.2916919971380596,0.3524952472021451,0,0,0,10,3,1
24,15,1,2,0,0,0.0,0,1,0,1.4591479170272448,0.8076524372688898,0,0,0,3,5,0
41,16,18,3,0,0,0.0,0,1,0,1.3516441151533924,0.7341902439038225,0,0,0,5,4,1
97,11,28,3,1,5,0.05154639175257732,0,0,1,2.9329993066372895,0.9889519770641237,0,0,0,6,3,1
23,14,1,3,0,0,0.0,0,2,0,1.4488156357251847,0.7765388320579985,0,0,0,3,4,0
30,15,7,2,0,0,0.0,0,1,0,1.3787834934861753,0.664453758746377,0,0,0,4,4,1
115,26,82,3,2,3,0.02608695652173913,0,1,0,2.623219672335508,0.5260829725198573,0,0,0,5,8,0
34,25,1,2,0,3,0.08823529411764706,0,1,0,1.4591479170272448,0.8958590684006823,0,0,0,3,7,1
71,22,41,3,0,4,0.056338028169014086,0,1,0,1.617189572592715,0.5954816854591671,0,0,0,6,10,0
101,28,66,3,0,12,0.1188118811881188,0,1,0,1.7884504573082896,0.8267507461882179,1,0,0,4,11,1
50,16,27,3,0,1,0.02,0,0,0,1.4056390622295665,0.5982075157181518,0,0,0,4,6,1
33,15,11,2,0,0,0.0,0,1,0,1.4591479170272448,0.5699296563470271,0,0,0,3,4,0
126,50,19,4,1,25,0.1984126984126984,0,3,0,2.794653473544342,0.8566322837325303,3,2,0,4,17,1
16,7,1,1,0,0,0.0,0,0,0,1.3709505944546687,0.8490969026076587,0,0,0,3,2,0
152,13,131,2,20,0,0.0,0,1,0,1.1160762796829877,0.49068486532123823,0,0,0,3,4,0
46,15,24,2,3,0,0.0,0,1,0,1.8910611120726526,0.3902445847990278,0,0,0,3,4,0
58,17,34,1,3,0,0.0,0,0,0,1.7527152789797047,0.5084729870139989,0,1,0,4,6,0
38,31,0,2,0,0,0.0,0,1,0,1.5219280948873621,0.6825972607903067,0,0,0,2,14,0
67,14,46,1,0,27,0.40298507462686567,0,0,0,0.9864267287308425,1.4752252845447018,0,0,0,7,4,1
21,10,1,2,0,5,0.23809523809523808,0,1,0,1.5566567074628228,1.726368546469849,0,0,0,3,1,0
125,50,19,4,1,18,0.144,0,3,0,2.794653473544342,0.8028913319074281,3,2,0,4,17,1
75,10,58,3,0,0,0.0,0,1,0,1.295461844238322,0.31366522915793016,0,0,0,6,1,0
37,17,13,1,0,0,0.0,0,0,0,1.1488348542809166,0.54332826594778,0,0,0,5,8,1
35,26,1,2,0,4,0.11428571428571428,0,1,0,1.4591479170272448,0.8537789863392395,0,0,0,3,7,1
83,14,61,2,10,4,0.04819277108433735,0,1,0,1.5779772001172403,0.4938038943943134,0,1,0,6,5,0
99,15,76,2,0,9,0.09090909090909091,0,1,0,1.4911148500551856,0.7848929213672536,0,0,0,7,5,1
62,24,31,3,2,0,0.0,0,1,0,1.8910611120726526,0.28204250889742916,0,0,0,3,7,0
53,45,1,5,2,5,0.09433962264150944,0,4,0,1.789929075309999,0.487427482131328,0,0,0,3,11,1
31,18,6,2,0,6,0.1935483870967742,0,1,0,1.4591479170272448,1.1230499869167285,0,0,0,3,4,1
64,14,43,3,0,6,0.09375,0,1,0,1.295461844238322,0.5635363840863217,0,0,0,6,6,0
34,27,0,2,0,1,0.029411764705882353,0,1,0,1.5219280948873621,0.6001096332597027,0,0,0,2,8,1
45,38,0,2,0,1,0.022222222222222223,0,1,0,1.5219280948873621,0.5768972551333345,0,0,0,2,13,1
19,10,1,1,0,0,0.0,0,0,0,1.3709505944546687,0.9444415433974921,0,0,0,3,3,0
132,16,24,3,0,4,0.030303030303030304,0,1,0,2.3553885422075336,0.6373547191189356,0,0,0,4,5,1
123,34,82,4,0,9,0.07317073170731707,0,3,0,1.360964047443681,0.9692915702343511,1,0,0,5,11,1
72,14,51,4,0,10,0.1388888888888889,0,2,0,1.7735572622751854,0.8278553997150736,0,0,0,8,4,0
73,21,45,3,2,6,0.0821917808219178,0,0,0,1.789929075309999,0.6842801522940992,0,0,0,5,8,1
29,21,1,2,1,0,0.0,0,1,0,1.8423709931771084,0.5083577507201982,0,0,0,3,8,0
42,16,18,2,1,0,0.0,0,1,0,1.75,0.33420347960342456,0,0,0,4,5,0
62,16,38,2,0,0,0.0,0,1,0,1.8464393446710154,0.4633655684301492,0,0,0,4,7,0
17,10,0,2,0,0,0.0,0,1,0,1.5219280948873621,1.3932799413657375,0,0,0,2,1,0
54,11,35,2,0,7,0.12962962962962962,0,1,0,1.3787834934861753,1.1534178989488262,0,0,0,4,3,1
20,12,1,2,0,0,0.0,0,1,0,1.4591479170272448,1.2398679653929017,0,0,0,3,3,0
69,25,37,4,0,0,0.0,0,2,0,1.7841591278514217,0.46133807614316996,0,0,0,5,8,0
27,14,6,1,0,4,0.14814814814814814,0,0,0,1.2516291673878228,1.0446320158198412,0,0,0,4,4,0
41,25,9,2,0,8,0.1951219512195122,0,1,0,1.4591479170272448,1.2861473040089362,0,0,0,3,6,1
42,13,22,2,0,0,0.0,0,1,0,1.224394445405986,0.6278775792019186,0,0,0,6,5,1
37,30,0,2,0,1,0.02702702702702703,0,1,0,1.5219280948873621,0.664135043305563,0,0,0,2,10,1
30,21,1,2,0,0,0.0,0,1,0,1.4591479170272448,0.6488117953664952,0,0,0,3,8,0
35,17,10,1,0,3,0.08571428571428572,0,0,0,1.2516291673878228,0.727026588235633,0,0,0,4,5,1
79,26,46,3,3,5,0.06329113924050633,0,1,0,1.8954618442383218,0.31130731669721384,0,0,0,3,9,0
41,13,21,2,0,0,0.0,0,0,0,1.2987949406953985,0.6379677178617524,0,0,0,5,5,1
32,11,14,1,0,0,0.0,0,0,0,1.1488348542809166,0.6815382316109497,0,0,0,5,4,1
28,19,1,2,0,0,0.0,0,1,0,1.4591479170272448,0.5317441166238988,0,0,0,3,5,0
103,13,36,2,0,24,0.23300970873786409,0,1,0,2.0349409139562287,1.1199189901194082,0,0,0,7,4,1
44,18,8,2,0,0,0.0,0,1,0,2.0588138903312014,0.5142352045242826,0,0,0,4,5,0
50,17,26,3,2,0,0.0,0,2,0,1.8910611120726526,0.4478942686530175,0,0,0,3,6,0
61,23,11,3,0,2,0.03278688524590164,0,1,0,2.3709505944546687,0.39949073267314894,0,0,0,3,7,0
37,28,1,2,0,4,0.10810810810810811,0,1,0,1.4591479170272448,0.8102320186101687,0,0,0,3,7,1
31,23,1,2,0,0,0.0,0,1,0,1.4591479170272448,0.5835705282264552,0,0,0,3,9,0
43,15,6,2,0,0,0.0,0,1,0,2.1556390622295662,0.921231251187195,0,0,0,3,5,0
129,25,87,2,1,7,0.05426356589147287,0,1,0,2.421127473337187,0.6122529393215772,0,0,0,7,6,1
27,18,1,2,0,0,0.0,0,1,0,1.4591479170272448,0.48434446488614546,0,0,0,3,5,0
42,13,22,4,0,11,0.2619047619047619,1,0,0,1.7527152789797047,1.2885607321308172,0,0,0,3,0,1
131,54,20,5,1,21,0.16030534351145037,0,4,0,2.723219672335508,0.7681699573149541,3,2,0,5,17,1
153,25,13,2,0,70,0.45751633986928103,0,1,0,2.205822050877804,2.040240180823746,0,0,0,5,6,1
23,14,1,3,0,0,0.0,0,2,0,1.4488156357251847,0.7794899716182295,0,0,0,3,4,0
36,16,13,3,0,0,0.0,0,1,0,1.8910611120726526,1.022461660185248,0,0,0,3,1,1
131,22,1,2,0,50,0.3816793893129771,0,1,1,2.872905595320056,1.9520908215742931,0,0,0,3,9,1
73,14,52,1,1,0,0.0,0,0,0,1.1451104143815827,0.4288569979823267,0,0,0,10,5,1
35,13,15,2,0,0,0.0,0,1,0,1.3787834934861753,0.5064336254054485,0,0,0,4,3,1
48,30,1,4,0,4,0.08333333333333333,0,3,0,2.0464393446710156,0.7200935863352985,1,0,0,3,6,1
41,16,17,2,0,0,0.0,0,1,0,1.3787834934861753,0.6021050558815917,0,0,0,4,7,0
22,15,0,2,0,0,0.0,0,1,0,1.5219280948873621,0.8005097457161153,0,0,0,2,7,1
33,25,1,2,0,2,0.06060606060606061,0,1,0,1.4591479170272448,0.6043114327419942,0,0,0,3,8,1
91,18,66,2,1,15,0.16483516483516483,0,1,0,1.4911148500551856,0.5876879817889437,1,0,0,7,4,1
23,16,0,2,0,0,0.0,0,1,0,1.5219280948873621,0.9843905548475944,0,0,0,2,3,0
22,13,1,2,0,0,0.0,0,1,0,1.4591479170272448,0.9371160783519819,0,0,0,3,2,0
91,16,68,2,7,6,0.06593406593406594,0,1,0,1.6774212838293647,0.3928203353235073,0,0,0,6,4,0
72,14,51,2,3,2,0.027777777777777776,0,0,0,1.6691803368667308,0.2905231619896449,0,0,0,7,4,1
43,13,22,2,3,0,0.0,0,1,0,1.8910611120726526,0.46636570796866833,0,0,0,3,4,0
47,7,32,1,0,3,0.06382978723404255,0,0,0,1.6644977792004612,1.3901374463334468,0,0,0,4,0,1
36,15,14,1,0,0,0.0,0,0,0,1.1488348542809166,0.7053059159797688,0,0,0,5,5,1
83,20,55,3,4,6,0.07228915662650602,0,1,0,1.8262452584026092,0.2364155114926816,0,0,0,5,6,0
61,23,31,3,0,0,0.0,0,1,0,1.8464393446710154,0.3394618327561137,0,0,0,4,5,0
101,6,39,2,0,0,0.0,0,0,0,2.35274578087187,0.682741678034279,0,0,0,5,3,1
126,50,19,4,1,21,0.16666666666666666,0,3,0,2.794653473544342,0.8190223143096492,3,2,0,4,17,1
32,13,11,1,0,0,0.0,0,0,0,1.1488348542809166,0.5120072065668287,0,0,0,5,5,1
36,27,1,2,0,0,0.0,0,1,0,1.4591479170272448,0.5026595812065804,0,0,0,3,8,0
28,7,13,1,0,0,0.0,0,0,0,1.2516291673878228,0.759050935828043,0,0,0,4,1,1
85,27,50,2,5,0,0.0,0,1,0,1.7841591278514217,0.34929112576625126,0,0,0,4,7,0
24,15,1,3,0,0,0.0,0,2,0,1.4488156357251847,1.0433844257025904,0,0,0,3,2,0
126,50,19,4,1,22,0.1746031746031746,0,3,0,2.794653473544342,0.8989975453936174,3,2,0,4,17,1
76,13,55,3,4,3,0.039473684210526314,0,1,0,1.8262452584026092,0.22262093494833235,0,0,0,5,2,0
20,13,0,2,0,0,0.0,0,1,0,1.5219280948873621,1.1367182533262543,0,0,0,2,4,0
88,28,52,2,5,5,0.056818181818181816,0,1,0,1.760495029766198,0.4512373855857912,0,0,0,5,10,0
40,17,16,3,0,0,0.0,0,1,0,1.3516441151533924,0.4347409612037149,0,0,0,5,6,0
72,17,47,2,2,14,0.19444444444444445,0,1,0,1.7609640474436812,1.0332721651656611,0,0,0,5,7,0
30,21,1,2,0,0,0.0,0,1,0,1.4591479170272448,0.375619484178368,0,0,0,3,5,0
35,11,16,1,0,0,0.0,0,0,0,1.3709505944546687,0.4475929380925538,0,0,0,3,3,0
50,18,25,3,0,0,0.0,0,1,0,1.295461844238322,0.7319011747943169,0,0,0,6,8,1
36,27,1,2,1,0,0.0,0,1,0,1.8423709931771084,0.5784143362911539,0,0,0,3,12,1
54,14,32,2,2,0,0.0,0,1,0,1.8365916681089791,0.3129839934221126,0,0,0,4,3,0
48,23,18,2,1,0,0.0,0,1,0,1.5709505944546687,0.47127153001414573,0,0,0,6,7,1
100,12,80,1,2,5,0.05,0,0,0,1.6737949406953985,0.4212001577418433,2,0,0,10,3,1
64,17,39,4,0,0,0.0,0,2,0,1.2389012566026305,0.42182810402581616,0,0,0,8,4,1
55,18,30,4,1,6,0.10909090909090909,0,2,0,1.9508257945180885,0.8614059152319073,0,0,0,5,4,0
45,18,20,3,0,0,0.0,0,1,0,1.4488156357251847,0.5073906806089907,0,0,0,3,5,0
48,26,15,2,0,0,0.0,0,1,0,1.75,0.6270610312318172,0,0,0,4,9,0
125,50,20,4,1,22,0.176,0,3,0,2.7550576199383077,0.8991209558974835,3,2,0,5,17,1
27,18,1,2,0,0,0.0,0,1,0,1.4591479170272448,0.6753584017072884,0,0,0,3,4,0
23,15,1,2,0,4,0.17391304347826086,0,1,0,1.4591479170272448,1.3819372651961275,0,0,0,3,3,0
39,30,1,3,0,0,0.0,0,2,0,1.4488156357251847,0.4035748525320838,0,0,0,3,10,0
104,13,84,3,0,8,0.07692307692307693,0,1,0,1.6841837197791887,0.47846046499143285,0,0,0,8,3,0
27,20,0,2,1,0,0.0,0,1,0,1.9182958340544896,0.5660700880633801,0,0,0,2,6,0
188,24,148,4,9,38,0.20212765957446807,0,1,0,2.017801027300537,0.5371143063270389,4,0,0,10,7,1
33,24,1,2,0,0,0.0,0,1,0,1.4591479170272448,0.5084607107698831,0,0,0,3,7,0
136,31,4,2,0,48,0.35294117647058826,0,1,0,2.1556390622295662,1.4800135834498092,0,0,0,3,13,1
32,25,0,2,0,1,0.03125,0,1,0,1.5219280948873621,0.7024548264832667,0,0,0,2,7,1
21,12,1,2,0,0,0.0,0,1,0,1.4591479170272448,0.9078229755025865,0,0,0,3,3,0
44,17,19,3,0,0,0.0,0,1,0,1.4056390622295665,0.40458821300419173,0,0,0,4,4,0
218,13,91,1,2,48,0.22018348623853212,0,0,0,2.5552690446481177,0.8442339914675908,1,0,0,12,4,1
536,24,1,2,0,92,0.17164179104477612,0,1,0,1.7295290545023005,1.077889735852561,0,0,0,3,9,1
37,30,0,2,0,1,0.02702702702702703,0,1,0,1.5219280948873621,0.5753640597338754,0,0,0,2,9,0
51,43,1,3,2,10,0.19607843137254902,0,2,0,1.8910611120726526,0.8042383396836413,0,0,0,3,12,1
32,23,1,2,0,0,0.0,0,1,0,1.4591479170272448,0.5641124734746451,0,0,0,3,7,1
31,22,1,2,0,0,0.0,0,1,0,1.4591479170272448,0.5290366130674078,0,0,0,3,6,0
22,15,0,2,0,0,0.0,0,1,0,1.5219280948873621,0.919383674380858,0,0,0,2,6,0
49,40,1,2,0,0,0.0,0,1,0,1.4591479170272448,1.0379383327065552,0,0,0,3,13,1
77,19,50,2,4,0,0.0,0,1,0,1.7381493331928664,0.6208726979024277,0,0,0,6,6,0
167,16,116,5,0,26,0.15568862275449102,0,0,0,2.582031116540498,0.7143558225137921,1,1,0,7,6,1
26,18,1,2,0,0,0.0,0,1,0,1.4591479170272448,0.9625683661456815,0,0,0,3,7,0
38,16,10,4,0,4,0.10526315789473684,0,2,0,1.5304930567574826,0.8700277918289476,0,0,0,3,4,1
29,20,1,2,0,0,0.0,0,1,0,1.4591479170272448,0.5062495929844976,0,0,0,3,7,0
26,18,1,2,0,0,0.0,0,1,0,1.4591479170272448,0.5668715682809513,0,0,0,3,4,0
43,21,15,2,0,2,0.046511627906976744,0,1,0,1.3787834934861753,0.550615366640291,0,0,0,4,6,1
79,11,58,4,0,6,0.0759493670886076,0,1,0,2.0,0.6219855517010694,0,0,0,8,4,1
70,22,41,2,4,0,0.0,0,1,0,1.823067982273661,0.23433001976524243,0,0,0,4,5,0
56,21,28,2,0,0,0.0,0,0,0,1.2987949406953985,0.44217221761453185,1,0,0,5,8,1
22,15,0,2,0,0,0.0,0,1,0,1.5219280948873621,0.9036132115656923,0,0,0,2,6,0
78,15,56,3,0,6,0.07692307692307693,0,1,0,1.8262452584026092,0.4153276308823784,0,0,0,5,2,0
246,68,171,6,0,50,0.2032520325203252,0,5,0,2.5587462305923774,1.0115205747475813,0,2,0,6,8,1
40,22,11,2,0,0,0.0,0,1,0,1.4591479170272448,0.5796207830722764,0,0,0,3,7,0
65,18,39,2,3,0,0.0,0,1,0,2.1180782093497093,0.32161211805209633,0,0,0,4,5,0
138,17,20,2,0,4,0.028985507246376812,0,0,0,2.7550576199383077,1.0418422444982738,2,0,0,5,6,1
57,16,33,3,2,5,0.08771929824561403,0,1,0,1.789929075309999,0.4007354306688682,0,0,0,5,3,0
77,16,53,2,0,0,0.0,0,1,0,1.7295739585136223,0.42160647743119745,0,0,0,6,6,0
84,10,67,2,2,23,0.27380952380952384,0,0,0,1.6858157091530304,0.9135589835211709,0,0,0,6,4,1
67,38,22,3,0,0,0.0,0,1,0,1.3516441151533924,0.24167409545884547,0,0,0,5,11,1
37,29,1,3,1,1,0.02702702702702703,0,2,0,1.811278124459133,0.9402919701868911,0,0,0,3,5,1
155,14,133,4,7,62,0.4,0,1,1,2.4370658315190226,1.5895580831278824,0,0,0,3,5,1
129,14,108,2,4,60,0.46511627906976744,0,0,0,1.7841591278514217,1.7260532415826884,0,0,0,5,3,1
36,28,1,3,0,0,0.0,0,2,0,1.4488156357251847,0.5389146188972278,1,0,0,3,7,1
38,13,18,3,0,0,0.0,0,1,0,1.4056390622295665,0.6274656818909454,1,0,0,4,0,1
47,26,14,3,0,0,0.0,0,1,0,1.4488156357251847,0.3762519630318684,0,0,0,3,6,0
43,15,20,2,0,0,0.0,0,1,0,1.3787834934861753,0.4354299286248011,0,0,0,4,5,0
52,16,28,2,1,0,0.0,0,1,0,1.75,0.2792032485194205,0,0,0,4,5,0
62,13,34,2,1,1,0.016129032258064516,0,0,0,2.353533948577482,0.3764519264729914,0,0,0,6,4,1
25,16,1,2,0,3,0.12,0,1,0,1.4591479170272448,0.8297725879189213,0,0,0,3,3,0
52,25,20,3,3,0,0.0,0,1,0,1.8954618442383218,0.4896803786806472,0,0,0,3,6,0
34,25,1,3,0,0,0.0,0,2,0,1.4488156357251847,0.4511523049812014,0,0,0,3,7,0
44,21,16,2,0,0,0.0,0,1,0,1.3787834934861753,0.4149172885065449,0,0,0,4,5,0
39,19,12,1,1,0,0.0,0,0,0,1.6644977792004612,0.4738666100261342,1,0,0,4,7,1
56,20,28,2,3,3,0.05357142857142857,0,1,0,1.8464393446710154,0.38856341300937064,0,0,0,4,6,0
58,24,27,5,0,1,0.017241379310344827,0,2,0,1.3250112108241772,0.39505093047748124,0,0,0,6,8,1
131,54,20,5,1,23,0.17557251908396945,0,4,0,2.723219672335508,0.8257436006092675,3,2,0,5,17,1
40,14,19,1,0,4,0.1,0,0,0,1.061278124459133,0.762630783813845,0,0,0,6,3,0
29,10,12,2,0,0,0.0,0,1,0,1.224394445405986,1.0713094791141216,0,0,0,6,2,1
213,24,24,3,0,76,0.3568075117370892,0,1,0,2.5550365325772657,1.6007485541334032,2,0,0,5,9,1
43,19,17,3,0,1,0.023255813953488372,0,1,0,1.4056390622295665,0.4157965044523793,0,0,0,4,6,0
68,28,33,3,5,0,0.0,0,1,0,1.8250112108241772,0.25347868870643026,0,0,0,3,7,0
29,21,1,2,0,0,0.0,0,1,0,1.4591479170272448,0.5096177405354774,0,0,0,3,6,0
37,18,12,2,0,0,0.0,0,1,0,1.3787834934861753,0.4235351128409833,0,0,0,4,5,1
36,25,4,2,0,8,0.2222222222222222,0,1,0,1.4591479170272448,1.4251064360237489,0,0,0,3,6,1
24,15,1,2,0,0,0.0,0,1,0,1.4591479170272448,0.6826447344710367,0,0,0,3,5,0
27,18,1,2,0,0,0.0,0,1,0,1.4591479170272448,0.4688915390912614,0,0,0,3,6,0
48,21,20,2,1,0,0.0,0,1,0,1.75,0.2765212308375696,0,0,0,4,6,0
35,23,4,2,1,0,0.0,0,1,0,1.75,0.5087039501612561,0,0,0,4,7,0
38,30,1,3,1,4,0.10526315789473684,0,2,0,1.811278124459133,0.8759163662445809,0,0,0,3,8,1
60,22,31,3,4,0,0.0,0,1,0,1.8553885422075338,0.5297415484104137,0,0,0,4,6,0
49,26,16,1,1,0,0.0,0,0,0,1.6644977792004612,0.39011000840928034,0,0,0,4,10,1
97,19,71,3,1,20,0.20618556701030927,0,0,0,1.927451224964519,0.7120924641732654,0,0,0,8,7,0
20,4,8,1,0,3,0.15,0,0,0,1.3709505944546687,1.6353209008214407,0,0,0,3,0,1
70,14,49,2,3,0,0.0,0,0,0,1.8464393446710154,0.3236504423522272,0,0,0,4,5,0
39,16,6,1,0,4,0.10256410256410256,0,0,0,2.0,0.8839072391881893,0,0,0,4,6,1
41,33,1,2,0,0,0.0,0,1,0,1.4591479170272448,0.5258923484835502,0,0,0,3,11,0
43,15,21,2,1,0,0.0,0,0,0,1.75,0.6575405872684581,0,0,0,4,6,1
78,16,55,3,0,13,0.16666666666666666,0,1,0,1.6225562489182659,0.8806277712096497,0,0,0,9,8,0
24,16,1,2,0,0,0.0,0,1,0,1.4591479170272448,0.8358763107496439,0,0,0,3,4,0
29,21,1,2,0,0,0.0,0,1,0,1.4591479170272448,0.6132891525985257,0,0,0,3,6,0
28,19,1,2,0,0,0.0,0,1,0,1.4591479170272448,0.5677403303072164,0,0,0,3,6,0
126,50,19,4,1,22,0.1746031746031746,0,3,0,2.794653473544342,0.8169652311323649,3,2,0,4,17,1
58,25,26,2,2,0,0.0,0,1,0,1.8365916681089791,0.3418252956417791,0,0,0,4,7,0
25,17,1,1,0,0,0.0,0,0,0,1.3709505944546687,0.6605240933596569,0,0,0,3,6,1
29,20,1,2,0,0,0.0,0,1,0,1.4591479170272448,0.5429840354334022,1,0,0,3,7,1
114,26,81,3,2,33,0.2894736842105263,0,1,0,1.5546097612655667,0.8085983643498503,0,0,0,9,9,1
34,22,5,1,0,0,0.0,0,0,0,1.2516291673878228,0.5326696184266267,0,0,0,4,9,1
40,19,14,2,0,0,0.0,0,1,0,1.8423709931771084,0.5060036006172831,0,1,0,3,4,0
27,18,1,2,1,0,0.0,0,1,0,1.8423709931771084,0.5923585109952874,0,0,0,3,4,0
66,20,39,2,5,3,0.045454545454545456,0,1,0,1.7841591278514217,0.32688966459159663,0,0,0,4,6,0
51,18,25,3,0,0,0.0,0,1,0,1.3516441151533924,0.5632739157328174,0,0,0,5,4,0
249,37,129,2,15,40,0.1606425702811245,0,1,0,2.2146036266528566,0.5899114671626648,0,0,0,9,11,1
76,60,1,4,4,2,0.02631578947368421,0,3,0,2.3248629576173565,0.45114778619995183,1,2,0,3,20,1
33,10,15,5,0,0,0.0,0,0,0,1.360964047443681,0.7353324162319522,0,0,0,4,2,1
36,28,1,2,0,0,0.0,0,1,0,1.4591479170272448,0.5013567490433617,0,0,0,3,7,0
19,4,7,1,0,0,0.0,0,0,0,1.3709505944546687,1.1513529814630983,0,0,0,3,2,1
190,13,44,5,11,39,0.20526315789473684,0,1,0,2.4358169479348177,1.548746558976139,0,1,0,7,1,1
33,26,0,2,0,0,0.0,0,1,0,1.5219280948873621,0.6593061095268752,0,0,0,2,8,0
47,10,30,2,1,19,0.40425531914893614,0,0,0,1.657742726504889,1.5727286476861593,0,0,0,5,3,1
34,25,1,2,0,0,0.0,0,1,0,1.4591479170272448,0.3418092299413083,0,0,0,3,7,0
34,27,0,2,2,0,0.0,0,1,0,1.9502120649147467,0.4754945331602401,0,0,0,2,6,0
47,18,21,2,0,0,0.0,0,1,0,1.224394445405986,0.4229215654571802,0,0,0,6,4,0
49,16,25,2,0,0,0.0,0,1,0,1.8365916681089791,0.5690116143998253,0,0,0,4,7,0
19,11,0,2,0,0,0.0,0,1,0,1.5219280948873621,1.1054925625324514,0,0,0,2,2,1
58,32,19,2,1,0,0.0,0,1,0,1.657742726504889,0.38746046731109457,0,0,0,5,11,1
23,15,1,2,1,0,0.0,0,1,0,1.8423709931771084,0.6940726836105208,0,0,0,3,4,0
106,17,61,3,1,0,0.0,0,0,1,2.323219672335508,0.6882892208689522,0,0,0,10,7,1
36,21,8,2,0,1,0.027777777777777776,0,1,0,1.4591479170272448,0.5549711856853817,0,0,0,3,6,1
31,22,1,2,0,0,0.0,0,1,0,1.4591479170272448,0.45574407275359907,0,0,0,3,5,0
23,15,1,2,0,0,0.0,0,1,0,1.4591479170272448,0.8782744583093997,0,0,0,3,3,0
63,21,35,2,2,0,0.0,0,0,0,1.7609640474436812,0.4620390831397928,0,0,0,5,6,0
74,23,44,3,4,6,0.08108108108108109,0,1,0,1.867633890971212,0.3340505275405221,0,0,0,3,8,0
70,49,13,5,2,17,0.24285714285714285,0,3,0,1.7841591278514217,0.862727371487875,0,0,0,4,8,1
48,11,30,2,2,0,0.0,0,0,0,1.9056390622295665,0.39723143402799693,0,0,0,3,3,0
32,25,0,2,1,0,0.0,0,1,0,1.9182958340544896,0.5175012714109604,0,0,0,2,8,1
96,17,61,2,1,0,0.0,0,0,0,1.871602261409798,0.319894452481617,0,0,0,9,7,1
133,32,84,2,1,13,0.09774436090225563,0,1,0,2.4387439204017474,0.5373518852134176,0,0,0,7,7,1
109,27,3,4,1,3,0.027522935779816515,0,1,0,2.469670487371862,0.5454519354634342,0,0,0,4,7,1
126,31,26,3,0,32,0.25396825396825395,0,1,0,2.4225797618424916,0.9475013749075631,0,0,0,6,11,1
30,21,1,2,1,0,0.0,0,1,0,1.8423709931771084,0.4767853250120989,0,0,0,3,5,0
31,23,1,2,0,0,0.0,0,1,0,1.4591479170272448,0.581712640629915,1,0,0,3,7,0
77,23,47,1,0,27,0.35064935064935066,0,0,0,1.1488348542809166,1.284610626533194,0,0,0,5,8,1
24,15,1,3,0,0,0.0,0,2,0,1.4488156357251847,1.0037509470247017,0,0,0,3,2,0
48,17,11,3,1,0,0.0,0,1,0,2.113283334294875,0.4374987778301097,0,0,0,3,5,0
56,16,18,3,1,14,0.25,0,1,0,2.0464393446710156,1.0466782791940736,0,0,0,4,4,1
30,22,1,2,0,6,0.2,0,1,0,1.4591479170272448,1.3515249749431857,0,0,0,3,6,1
53,20,26,2,3,3,0.05660377358490566,0,1,0,1.8464393446710154,0.31448007908467884,0,0,0,4,4,0
55,18,29,2,2,0,0.0,0,1,0,1.6858157091530304,0.42863856853295396,0,0,0,6,5,0
40,19,14,1,1,0,0.0,0,0,0,1.5487949406953985,0.44844629973419364,0,0,0,5,8,1
39,16,15,2,0,0,0.0,0,1,0,1.3787834934861753,0.44375544782037235,0,0,0,4,5,0
35,20,8,2,0,0,0.0,0,1,0,1.3787834934861753,0.7089688035288232,0,0,0,4,6,1
28,15,6,2,0,0,0.0,0,1,0,1.2987949406953985,0.7480264501713372,0,0,0,5,2,1
159,14,138,2,0,49,0.3081761006289308,0,0,0,0.9912642605354288,1.5620471171698815,1,0,0,10,5,1
46,16,22,2,0,0,0.0,0,1,0,1.75,0.5056103807022914,0,0,0,4,7,0
63,20,36,2,1,0,0.0,0,1,0,1.4911148500551856,0.3095381066344751,0,1,0,7,6,1
66,15,43,2,2,0,0.0,0,0,0,1.5465935642949384,0.25110038217016695,0,0,0,8,5,1
43,10,26,1,0,2,0.046511627906976744,0,0,0,1.061278124459133,0.6975990762970512,0,0,0,6,3,1
26,19,0,2,0,0,0.0,0,1,0,1.5219280948873621,0.9019177895922537,0,0,0,2,5,0
39,13,18,1,1,0,0.0,0,0,0,1.5487949406953985,0.47253380550008206,0,0,0,5,3,0
141,29,95,2,2,4,0.028368794326241134,0,1,0,2.4806821149663847,0.5338785536418856,0,0,0,7,9,1
24,16,1,3,0,0,0.0,0,2,0,1.4488156357251847,0.6135037788170555,0,0,0,3,5,0
26,17,1,2,0,3,0.11538461538461539,0,1,0,1.4591479170272448,0.7608755942364555,0,0,0,3,3,0
47,21,19,2,1,0,0.0,0,1,0,1.657742726504889,0.33883874658122237,0,0,0,5,6,1
86,16,40,3,1,0,0.0,0,0,1,2.359879028736861,0.7088967672408111,0,0,0,6,6,1
41,33,1,4,1,0,0.0,0,3,0,1.7527152789797047,0.5685147693917473,0,0,0,3,6,0
27,18,1,2,0,0,0.0,0,1,0,1.4591479170272448,0.6729089569086771,0,0,0,3,5,0
109,17,84,2,10,8,0.07339449541284404,0,1,0,1.5779772001172403,0.5880369706880307,0,0,0,6,2,0
85,18,60,4,0,37,0.43529411764705883,0,2,0,1.3921472236645345,1.666283690262667,0,2,0,4,7,1
26,17,1,2,0,0,0.0,0,1,0,1.4591479170272448,0.6205416011429654,0,0,0,3,5,0
47,13,27,2,3,0,0.0,0,1,0,1.789929075309999,0.3765146010456973,0,0,0,5,4,0
79,30,42,2,3,0,0.0,0,1,0,1.6691803368667308,0.2771764002062585,0,0,0,7,8,0
28,21,0,2,0,1,0.03571428571428571,0,1,0,1.5219280948873621,0.7902332472750347,0,0,0,2,6,1
77,23,47,1,0,14,0.18181818181818182,0,0,0,1.1488348542809166,0.9558798442307934,0,0,0,5,8,1
74,17,20,2,0,0,0.0,0,0,0,2.682588730501833,0.8417942589824031,2,0,0,5,6,1
33,22,4,2,0,0,0.0,0,1,0,1.4591479170272448,0.5784784263458667,0,0,0,3,7,0
23,15,1,2,0,0,0.0,0,1,0,1.4591479170272448,0.9184153253963478,0,0,0,3,5,0
62,27,28,3,1,0,0.0,0,1,0,1.6854752972273344,0.5220657866558336,0,0,0,5,10,1
47,17,23,3,0,0,0.0,0,1,0,1.4056390622295665,0.3815599279913282,1,0,0,4,5,1
57,18,31,3,2,4,0.07017543859649122,0,2,0,1.8464393446710154,0.6100198703201958,0,0,0,4,7,0
17,8,1,1,0,0,0.0,0,0,0,1.3709505944546687,0.9382395059736864,0,0,0,3,2,0
85,18,60,4,0,31,0.36470588235294116,0,2,0,1.3921472236645345,1.3901791174662725,0,2,0,4,7,1
80,18,55,3,3,0,0.0,0,0,0,2.0202442071537563,0.41459572992784144,0,0,0,6,8,1
63,13,42,1,6,3,0.047619047619047616,0,0,0,1.617189572592715,0.5009610722656146,0,0,0,3,3,0
59,20,32,3,0,0,0.0,0,1,0,1.7527152789797047,0.3341300020669587,0,0,0,4,7,0
44,10,26,1,3,0,0.0,0,0,0,1.811278124459133,0.42921730057238516,0,0,0,3,4,0
70,15,48,3,0,1,0.014285714285714285,0,1,0,1.6854752972273344,0.2949033316402264,0,0,0,5,4,0
43,12,24,1,0,1,0.023255813953488372,0,0,0,1.6767370300521325,0.7600370899413574,0,0,0,5,3,1
43,25,11,3,0,8,0.18604651162790697,0,1,0,1.4488156357251847,1.117349355971448,0,0,0,3,6,1
294,34,66,3,1,54,0.1836734693877551,0,1,0,2.838710641914682,0.7296780845146528,0,0,0,7,10,1
124,14,12,3,0,37,0.29838709677419356,0,1,0,1.7527152789797047,1.9111311397409554,0,0,0,4,4,1
59,21,31,2,4,0,0.0,0,1,0,1.7841591278514217,0.27552649814463154,0,0,0,5,5,0
38,19,11,2,0,0,0.0,0,1,0,1.3787834934861753,0.42067856442494656,0,0,0,4,5,0
48,27,14,3,3,0,0.0,0,1,0,1.867633890971212,0.4843437916897175,0,0,0,4,7,1
67,22,38,3,0,0,0.0,0,1,0,1.8464393446710154,0.48187982169483784,0,0,0,4,7,0
93,13,73,5,0,1,0.010752688172043012,0,0,0,1.2957378005380122,0.3559886073099736,0,0,0,7,3,1
53,22,24,3,1,1,0.018867924528301886,0,1,0,2.0464393446710156,0.6726307416350612,1,0,0,4,6,1
90,16,67,2,7,1,0.011111111111111112,0,1,0,1.6774212838293647,0.29084423499012774,0,0,0,6,6,0
15,4,4,1,0,1,0.06666666666666667,0,0,0,1.3709505944546687,1.68138759757627,0,0,0,3,0,1
49,12,29,2,1,4,0.08163265306122448,0,1,0,1.5709505944546687,0.38229354237714197,0,0,0,6,2,0
22,14,1,2,0,0,0.0,0,1,0,1.4591479170272448,0.7558123182847414,0,0,0,3,4,0
66,14,45,1,2,0,0.0,0,0,0,1.657742726504889,0.4696265921144582,0,0,0,5,4,0
51,14,30,2,1,0,0.0,0,0,0,1.657742726504889,0.4265311078255093,0,0,0,5,5,1
81,20,54,2,1,0,0.0,0,0,0,1.3520301017579528,0.3258500842808316,0,0,0,9,8,1
39,25,7,2,0,0,0.0,0,1,0,1.4591479170272448,0.5897482156516538,0,0,0,3,11,0
76,21,48,2,1,1,0.013157894736842105,0,1,0,1.3520301017579528,0.32476834008777894,0,0,0,9,6,1
30,22,1,2,0,0,0.0,0,1,0,1.4591479170272448,0.523715972515533,0,0,0,3,8,0
21,14,0,2,0,0,0.0,0,1,0,1.5219280948873621,0.8715259981645461,0,0,0,2,4,0
36,28,0,2,1,0,0.0,0,1,0,1.9182958340544896,0.6264878100544705,0,0,0,2,8,1
46,31,7,2,0,0,0.0,0,1,0,1.4591479170272448,0.43398096634879546,0,0,0,3,10,1
103,15,81,1,1,20,0.1941747572815534,0,0,0,1.1451104143815827,0.6959748740362862,0,0,0,10,5,1
27,19,1,3,0,0,0.0,0,2,0,1.4488156357251847,0.47459089585934733,0,0,0,3,5,0
42,17,17,3,0,1,0.023809523809523808,0,1,0,1.7527152789797047,0.9038736279590168,0,0,0,4,3,0
56,29,20,3,0,0,0.0,0,2,0,1.295461844238322,0.6282637180723191,0,0,0,6,8,1
93,21,65,3,0,0,0.0,0,1,0,1.8262452584026092,0.3061101284905124,0,0,0,5,5,0
39,16,15,2,0,0,0.0,0,1,0,1.4591479170272448,0.3530088915963645,0,0,0,3,5,0
89,13,69,3,4,6,0.06741573033707865,0,1,0,1.6158045319402516,0.3155872418842529,0,0,0,10,3,0
45,22,16,3,1,0,0.0,0,1,0,1.7527152789797047,0.4783814674451926,0,0,0,4,8,1
37,16,14,2,0,0,0.0,0,1,0,1.2987949406953985,0.5796592310004873,1,0,0,5,4,1
64,18,38,4,1,9,0.140625,0,1,0,2.406666316740689,0.7548659901015456,0,0,0,5,4,0
261,13,40,6,0,38,0.14559386973180077,0,0,0,1.6143308351592656,0.6619387896675296,0,0,0,5,4,1
45,25,13,2,0,0,0.0,0,1,0,1.8423709931771084,0.4308491106070268,0,0,0,3,8,0
54,15,32,2,4,0,0.0,0,1,0,1.8464393446710154,0.35405893850334075,0,0,0,3,4,0
56,48,1,4,1,0,0.0,0,3,0,1.7527152789797047,0.5262610299168623,0,0,0,3,12,1
43,15,6,2,0,1,0.023255813953488372,0,1,0,2.1556390622295662,0.6931800091985849,0,0,0,3,5,0
38,29,1,2,0,0,0.0,0,1,0,1.4591479170272448,0.4498992223071122,0,0,0,3,8,0
127,50,19,4,1,22,0.1732283464566929,0,3,0,2.794653473544342,0.8847610296436154,3,2,0,4,17,1
62,16,26,2,1,0,0.0,0,1,0,2.4508257945180882,0.41926716203480835,0,0,0,5,6,1
259,13,38,6,0,47,0.18146718146718147,0,0,0,1.6143308351592656,1.1390505013412915,0,0,0,5,4,1
16,8,0,1,0,0,0.0,0,0,0,1.5,1.285264739904625,0,0,0,2,3,1
25,18,0,2,0,0,0.0,0,1,0,1.5219280948873621,1.1045092942399921,0,0,0,2,7,0
44,16,21,1,1,0,0.0,0,0,0,1.6644977792004612,0.31358175172308306,0,0,0,4,4,0
128,50,20,4,1,23,0.1796875,0,3,0,2.7550576199383077,0.8721179175091262,3,2,0,5,17,1
39,22,10,2,3,1,0.02564102564102564,0,1,0,1.8910611120726526,0.5765403414173166,0,0,0,3,6,0
77,20,49,2,1,4,0.05194805194805195,0,1,0,1.4911148500551856,0.4020409995280327,1,0,0,7,8,1
41,33,1,3,2,0,0.0,0,2,0,1.8910611120726526,0.6238864163643943,0,0,0,3,8,1
35,28,0,2,0,1,0.02857142857142857,0,1,0,1.5219280948873621,0.5655971588337946,0,0,0,2,9,1
95,15,73,3,6,10,0.10526315789473684,0,1,0,1.781937063546704,0.45314822106366487,0,0,0,5,4,0
31,23,1,2,0,0,0.0,0,1,0,1.4591479170272448,0.36875669066087413,0,0,0,3,6,0
48,15,26,2,3,0,0.0,0,1,0,1.8464393446710154,0.3749566640232072,0,0,0,4,3,0
30,18,4,2,0,0,0.0,0,1,0,1.4591479170272448,0.7138590520040581,0,0,0,3,6,0
37,17,7,3,0,2,0.05405405405405406,0,1,0,2.113283334294875,0.8398433642542398,0,0,0,3,4,1
26,13,5,1,0,0,0.0,0,0,0,1.3709505944546687,0.5743164886443836,0,0,0,3,4,1
25,17,1,3,0,0,0.0,0,2,0,1.4488156357251847,0.93813457459085,0,0,0,3,3,0
46,19,20,3,0,0,0.0,0,1,0,1.4488156357251847,0.38186068708250187,0,0,0,3,5,0
84,18,58,2,5,4,0.047619047619047616,0,1,0,1.7841591278514217,0.32954615591022307,0,0,0,4,5,0
35,16,1,2,0,0,0.0,0,1,0,1.8423709931771084,0.7609586462581509,0,0,0,3,6,1
90,15,67,2,7,0,0.0,0,1,0,1.6893917467430877,0.39082031163501724,0,0,0,4,4,0
71,18,46,4,1,10,0.14084507042253522,0,2,0,1.573402452417767,0.6005117870881923,0,0,0,7,4,0
39,15,16,2,0,0,0.0,0,1,0,1.8423709931771084,0.6744850830106482,0,0,0,3,5,0
62,22,33,2,1,3,0.04838709677419355,0,1,0,1.657742726504889,0.39837256908766994,0,0,0,5,6,0
45,21,17,1,0,1,0.022222222222222223,0,0,0,1.061278124459133,0.41052252720262145,1,0,0,6,9,1
40,12,21,2,0,0,0.0,0,0,0,1.2987949406953985,0.694970715826508,1,0,0,5,4,1
140,15,22,3,1,4,0.02857142857142857,0,1,0,2.853719697075852,0.8893262092290383,0,0,0,4,5,1
44,16,20,2,0,0,0.0,0,1,0,1.8464393446710154,0.7074986537597219,0,0,0,4,7,0
33,26,0,2,0,0,0.0,0,1,0,1.5219280948873621,0.5474091450841206,0,0,0,2,7,0
34,26,1,3,0,0,0.0,0,2,0,1.4488156357251847,0.6149773301399782,0,0,0,3,9,0
40,32,1,2,0,0,0.0,0,1,0,1.4591479170272448,0.4042713828529008,0,0,0,3,12,0
68,12,49,3,3,7,0.10294117647058823,0,1,0,2.2295739585136225,0.4812018236936531,0,0,0,3,3,0
58,24,6,2,0,5,0.08620689655172414,0,1,0,2.222191575506678,0.6268503493035679,0,0,0,5,7,1
68,41,20,5,1,18,0.2647058823529412,0,4,0,1.6767370300521325,0.8658182688717547,0,0,0,4,12,1
55,18,30,2,3,0,0.0,0,1,0,1.8464393446710154,0.19432690473940353,0,0,0,4,6,0
126,61,10,3,4,36,0.2857142857142857,0,1,0,2.6062389286533896,1.1934928120098116,0,0,0,3,13,1
27,15,4,2,0,0,0.0,0,1,0,1.3787834934861753,0.5240615737861244,0,0,0,4,3,0
16,9,0,1,0,0,0.0,0,0,0,1.5,1.0176121488477536,0,0,0,2,3,0
124,46,20,5,0,19,0.1532258064516129,0,4,0,2.56507654233637,0.7815936468466008,3,2,0,5,15,1
36,11,18,2,1,0,0.0,0,1,0,1.75,0.6702399447194102,0,0,0,4,1,0
32,24,1,2,0,0,0.0,0,1,0,1.4591479170272448,0.4332970091734213,0,0,0,3,6,0
58,18,33,3,0,0,0.0,0,1,0,1.295461844238322,0.44758314965129387,0,0,0,6,5,1
61,18,36,3,2,0,0.0,0,1,0,1.8464393446710154,0.27260708645889675,0,0,0,4,4,0
67,40,20,5,0,19,0.2835820895522388,0,4,0,1.360964047443681,1.1983295358287216,0,0,0,4,12,1
23,14,1,2,0,1,0.043478260869565216,0,1,0,1.4591479170272448,0.8015657801470376,0,0,0,3,2,0
49,28,14,1,0,0,0.0,0,0,0,1.3709505944546687,0.6431272206984163,0,0,0,3,13,1
78,22,49,3,0,5,0.0641025641025641,0,1,0,1.617189572592715,0.39240271722044684,0,0,0,6,7,0
119,11,54,4,1,19,0.15966386554621848,0,0,0,2.1892869761976885,0.6256486542156463,0,0,0,7,3,1
94,24,62,2,7,9,0.09574468085106383,0,1,0,1.6578764348499595,0.43553118109641076,0,0,0,7,8,0
35,16,11,1,0,0,0.0,0,0,0,1.2516291673878228,0.5849487557182954,0,0,0,4,5,1
48,11,30,2,3,0,0.0,0,1,0,1.789929075309999,0.39609227660694846,0,0,0,5,1,0
55,23,25,2,2,0,0.0,0,1,0,1.8365916681089791,0.335696426089083,0,0,0,4,6,0
96,13,75,1,9,6,0.0625,0,0,0,1.4913146570363986,0.5098313131053606,0,0,0,5,5,0
54,17,30,3,1,0,0.0,0,1,0,1.7527152789797047,0.27372459904815316,0,0,0,4,4,0
127,50,19,4,1,23,0.18110236220472442,0,3,0,2.794653473544342,0.8884326414522119,3,2,0,4,17,1
31,22,1,2,1,0,0.0,0,1,0,1.8423709931771084,0.5223219620656997,0,0,0,3,7,0
40,12,20,1,1,0,0.0,0,0,0,1.5487949406953985,0.3257577889559199,0,0,0,5,4,1
36,15,14,3,1,0,0.0,0,1,0,1.811278124459133,0.5856439767321883,0,0,0,3,3,0
35,19,9,2,0,0,0.0,0,1,0,1.3787834934861753,0.4005554186577466,0,0,0,4,6,0
50,42,1,2,0,0,0.0,0,1,0,1.4591479170272448,0.5039494080419145,0,0,0,3,14,0
46,18,20,2,1,0,0.0,0,1,0,1.75,0.29253332859486597,0,0,0,4,5,0
86,27,26,3,1,2,0.023255813953488372,0,1,0,2.753434386188785,0.5890097093314982,0,0,0,4,8,1
50,42,1,2,2,0,0.0,0,1,0,1.9056390622295665,0.4020411415136183,0,2,0,3,13,1
97,21,68,3,1,4,0.041237113402061855,0,1,0,1.9211854965885542,0.47560917588268115,0,0,0,7,5,0
31,23,1,2,0,0,0.0,0,1,0,1.4591479170272448,0.503294021261338,0,0,0,3,5,0
42,13,22,2,0,0,0.0,0,0,0,1.2987949406953985,0.5760423161827644,1,0,0,5,4,1
17,8,1,1,0,0,0.0,0,0,0,1.3709505944546687,1.1386323496102293,0,0,0,3,2,1
46,13,25,2,2,1,0.021739130434782608,0,1,0,1.7609640474436812,0.5296528544160429,0,0,0,5,5,0
30,14,9,3,0,0,0.0,0,1,0,1.4488156357251847,0.5783674825757706,0,0,0,3,4,1
64,36,21,3,2,0,0.0,0,1,0,1.8464393446710154,0.25873537934939533,0,0,0,4,10,0
99,15,76,2,5,8,0.08080808080808081,0,1,0,1.8751310486364092,0.3240338374859868,0,0,0,8,2,0
19,10,1,1,0,0,0.0,0,0,0,1.3709505944546687,1.1717972305284907,0,0,0,3,1,0
67,28,32,3,0,0,0.0,0,1,0,1.3516441151533924,0.32083181919843434,0,0,0,5,9,0
67,19,40,3,3,0,0.0,0,1,0,1.8954618442383218,0.3709050000473162,2,0,0,3,4,1
79,19,52,4,0,0,0.0,0,2,0,1.3221793455166666,0.3695468309508337,0,0,0,6,4,0
101,24,47,2,1,20,0.19801980198019803,0,0,0,2.353533948577482,0.8227057123843448,1,0,0,6,10,1
40,13,10,4,0,10,0.25,1,0,1,2.251629167387823,2.2552902085436815,1,0,0,4,0,1
24,15,1,2,0,3,0.125,0,1,0,1.4591479170272448,1.1498797564125967,0,0,0,3,3,0
29,21,1,2,0,0,0.0,0,1,0,1.4591479170272448,0.6371772638933195,0,0,0,3,6,0
30,15,8,2,0,0,0.0,0,1,0,1.4591479170272448,0.653662299736119,0,0,0,3,5,1
27,19,1,2,0,0,0.0,0,1,0,1.4591479170272448,0.649003548314343,0,0,0,3,5,0
51,22,21,2,1,0,0.0,0,1,0,1.75,0.2840723550629777,0,0,0,4,7,0
165,21,27,4,6,54,0.32727272727272727,0,1,1,2.708694969562842,1.4570280764724888,0,0,0,3,5,1
113,24,82,5,0,0,0.0,0,0,0,1.7832474385325099,0.3222661019828293,0,0,0,10,6,1
29,21,1,2,0,0,0.0,0,1,0,1.4591479170272448,0.8459484817347125,0,0,0,3,6,0
30,22,1,2,0,0,0.0,0,1,0,1.4591479170272448,0.7980821962882405,0,0,0,3,4,0
36,15,14,1,0,0,0.0,0,0,0,1.061278124459133,0.6062740482734634,0,0,0,6,6,1
24,15,1,2,1,0,0.0,0,1,0,1.8423709931771084,0.5518435884566095,0,0,0,3,5,0
41,21,12,3,1,0,0.0,0,1,0,1.811278124459133,0.34461934448301734,0,0,0,3,6,0
48,31,10,4,0,3,0.0625,0,3,0,1.4056390622295665,0.8736104958493518,0,0,0,3,5,1
210,18,26,2,0,80,0.38095238095238093,0,0,0,2.48345859334435,1.644880568229518,2,0,0,6,5,1
24,15,1,2,0,0,0.0,0,1,0,1.4591479170272448,0.717846436345045,0,0,0,3,5,0
27,18,1,3,0,0,0.0,0,2,0,1.4488156357251847,0.8383861608222504,0,0,0,3,5,0
46,20,19,3,0,2,0.043478260869565216,0,2,0,1.7527152789797047,0.3515745790680459,1,0,0,4,9,1
128,50,20,4,1,18,0.140625,0,3,0,2.7550576199383077,0.8162408914338306,3,2,0,5,17,1
32,25,0,2,0,0,0.0,0,1,0,1.5219280948873621,0.5760178051006776,0,0,0,2,9,1
105,28,70,2,2,0,0.0,0,1,0,1.6140054628542204,0.34364546758225567,0,0,0,7,8,0
40,32,1,2,1,0,0.0,0,1,0,1.8423709931771084,0.2981700554739078,0,0,0,3,12,1
49,19,23,1,0,0,0.0,0,0,0,1.5487949406953985,0.5168624849889832,1,0,0,5,7,0
78,17,54,1,7,7,0.08974358974358974,0,0,0,1.562806631693174,0.6252014025049969,0,0,0,6,5,0
239,26,29,3,0,55,0.2301255230125523,0,1,0,2.861575817764811,1.029002522837065,0,0,0,5,9,1
30,10,13,1,0,0,0.0,0,0,0,1.2516291673878228,0.5845105220814851,0,0,0,4,3,0
52,18,27,2,0,2,0.038461538461538464,0,0,0,1.1567796494470395,0.5168999019628625,0,0,0,7,6,1
94,21,65,2,1,0,0.0,0,1,0,1.5589385323502771,0.3895212589735613,0,0,0,10,8,0
60,20,33,2,2,0,0.0,0,1,0,1.7609640474436812,0.4119214560198566,0,0,0,5,7,0
79,22,50,3,3,6,0.0759493670886076,0,1,0,1.7758589482446405,0.3383889342812987,0,0,0,6,7,0
87,18,62,7,0,1,0.011494252873563218,0,2,0,1.253297578463043,0.29739298735709674,0,0,0,9,3,1
73,19,47,2,3,4,0.0547945205479452,0,0,0,1.610577243331642,0.3141446004098646,0,0,0,8,4,1
69,16,46,2,7,2,0.028985507246376812,0,1,0,1.6893917467430877,0.3301384703523212,0,0,0,4,5,0
77,14,10,4,1,5,0.06493506493506493,0,1,0,2.5232314287976205,0.7119079091338881,0,0,0,3,2,0
32,24,1,2,0,0,0.0,0,1,0,1.4591479170272448,0.5051811354308878,0,0,0,3,9,0
31,22,1,2,2,0,0.0,0,1,0,1.9056390622295665,0.6554282691696965,0,0,0,3,5,0
98,16,36,3,1,0,0.0,0,0,1,2.2797991318374056,0.6706936822810459,1,0,0,7,3,1
30,22,1,2,1,0,0.0,0,1,0,1.8423709931771084,0.5027120376220424,0,0,0,3,5,0
32,23,2,2,0,0,0.0,0,1,0,1.3787834934861753,0.45026383184643964,0,0,0,4,6,0
32,14,10,1,0,0,0.0,0,0,0,1.2516291673878228,0.6496038944740647,0,0,0,4,5,1
29,10,12,1,0,2,0.06896551724137931,0,0,0,1.1488348542809166,1.0969873802373595,0,0,0,5,3,1
35,26,1,2,1,0,0.0,0,1,0,1.8423709931771084,0.4396926552855089,0,0,0,3,10,1
556,25,54,5,24,198,0.35611510791366907,0,1,0,2.7305788433551066,1.3666137824765883,1,0,0,5,9,0
87,17,62,2,4,8,0.09195402298850575,0,1,0,1.5919171866886992,0.3399258785755546,0,0,0,9,5,0
24,17,0,1,0,0,0.0,0,0,0,1.5,0.6173689988353621,0,0,0,2,7,0
36,20,8,2,0,0,0.0,0,1,0,1.4591479170272448,0.8008118431992187,0,0,0,3,9,1
47,18,22,3,0,0,0.0,0,1,0,1.4056390622295665,0.3967065332277941,0,0,0,4,4,0
18,9,1,1,0,0,0.0,0,0,0,1.3709505944546687,0.9797102413934748,0,0,0,3,5,0
34,25,1,2,0,0,0.0,0,1,0,1.4591479170272448,0.3953038570611169,0,0,0,3,6,0
40,31,1,2,0,0,0.0,0,1,0,1.4591479170272448,0.7507159691601675,0,0,0,3,11,1
40,18,15,2,0,0,0.0,0,1,0,1.3787834934861753,0.6407182368652509,0,0,0,4,5,0
30,21,1,2,1,0,0.0,0,1,0,1.8423709931771084,0.5568916649503873,0,0,0,3,7,1
24,15,1,1,0,0,0.0,0,0,0,1.3709505944546687,0.882066912228037,0,0,0,3,6,0
75,17,51,3,0,0,0.0,0,1,0,1.6691803368667308,0.5883974529989718,0,0,0,7,3,0
66,41,18,6,0,17,0.25757575757575757,0,4,0,1.3221793455166666,1.0020622422326815,0,0,0,4,5,1
50,15,28,1,0,0,0.0,0,0,0,1.5487949406953985,0.5037781992531811,0,0,0,5,6,1
30,22,1,2,0,0,0.0,0,1,0,1.4591479170272448,0.6538266139043436,0,0,0,3,5,0
31,23,1,2,0,0,0.0,0,1,0,1.4591479170272448,0.5752007544996189,0,0,0,3,6,1
60,27,26,3,0,0,0.0,0,1,0,1.3516441151533924,0.30538731324849183,0,0,0,5,10,1
39,31,1,2,0,3,0.07692307692307693,0,1,0,1.4591479170272448,0.6001442361259728,1,0,0,3,9,1
26,14,5,2,0,0,0.0,0,1,0,1.3787834934861753,0.8466762323061099,0,0,0,4,5,0
49,16,25,2,0,0,0.0,0,1,0,1.8365916681089791,0.48248308130020695,0,0,0,4,7,0
35,26,1,2,0,0,0.0,0,1,0,1.4591479170272448,0.649480441222323,0,0,0,3,11,1
32,17,7,1,0,0,0.0,0,0,0,1.2516291673878228,0.44323412669367895,0,0,0,4,6,1
114,18,88,2,11,1,0.008771929824561403,0,1,0,1.528801814525318,0.41041052511362625,0,0,0,5,5,0
98,13,77,2,14,0,0.0,0,1,0,1.319035274338866,0.5062947546276607,0,0,0,3,4,0
66,26,33,2,1,21,0.3181818181818182,0,1,0,1.8423709931771084,1.1418847456457262,0,0,0,3,7,1
23,15,1,2,0,0,0.0,0,1,0,1.4591479170272448,0.8226583810917164,0,0,0,3,2,0
55,14,34,2,2,0,0.0,0,1,0,1.9056390622295665,0.41269227015216564,0,0,0,3,3,0
60,17,35,2,2,2,0.03333333333333333,0,1,0,1.6140054628542204,0.4565119797046921,0,0,0,7,4,0
33,25,1,3,0,9,0.2727272727272727,0,2,0,1.4488156357251847,1.31577001966197,0,0,0,3,5,1
34,6,9,2,0,3,0.08823529411764706,0,0,0,2.0588138903312014,1.5106492780286715,0,0,0,4,1,1
59,26,26,3,1,0,0.0,0,1,0,1.811278124459133,0.22982721721709498,0,0,0,3,8,0
54,31,16,2,1,2,0.037037037037037035,0,1,0,2.0588138903312014,0.35787872113726277,0,0,0,4,10,0
91,13,71,2,0,24,0.26373626373626374,0,1,0,0.9463729359854419,1.188611604171274,0,0,0,11,3,1
22,13,1,2,0,0,0.0,0,1,0,1.4591479170272448,0.925530149904116,0,0,0,3,3,0
28,19,1,2,0,1,0.03571428571428571,0,1,0,1.4591479170272448,0.5708704346856244,0,0,0,3,6,0
71,18,46,4,0,11,0.15492957746478872,0,2,0,1.2389012566026305,0.7996744914824359,0,0,0,8,4,0
21,13,1,2,0,0,0.0,0,1,0,1.4591479170272448,1.0130840005482031,0,0,0,3,3,0
64,19,38,3,3,6,0.09375,0,1,0,1.8250112108241772,0.45656830961662975,0,0,0,5,3,0
41,15,19,3,2,7,0.17073170731707318,0,2,0,1.8464393446710154,0.9364159833974566,0,0,0,4,2,0
20,11,1,2,0,1,0.05,0,1,0,1.4591479170272448,1.0245345582269902,0,0,0,3,1,0
103,16,80,2,2,5,0.04854368932038835,0,1,0,1.7804463148460088,0.3210346513751571,2,0,0,10,3,1
50,12,31,3,0,0,0.0,0,1,0,1.3516441151533924,0.5767684085587998,0,0,0,5,1,1
32,23,1,3,0,0,0.0,0,2,0,1.4488156357251847,0.7015864578232165,0,0,0,3,8,0
48,16,24,2,2,0,0.0,0,1,0,1.6858157091530304,0.5490720370002786,0,0,0,6,3,0
62,39,16,2,3,0,0.0,0,1,0,1.8464393446710154,0.43339449778619366,0,0,0,4,11,1
77,22,12,1,0,14,0.18181818181818182,0,0,0,2.40400975732486,0.8433148382369525,0,0,0,5,10,1
76,31,25,3,1,7,0.09210526315789473,0,1,0,2.221251836004466,0.46415401273058626,0,0,0,5,11,1
62,23,32,4,0,9,0.14516129032258066,0,1,0,1.3221793455166666,0.5676091122559193,0,0,0,6,6,0
38,22,8,2,0,0,0.0,0,1,0,1.3787834934861753,0.5146330464905481,1,0,0,4,7,1
92,27,58,3,0,4,0.043478260869565216,0,1,0,1.2406705316766884,0.44581119052428025,0,0,0,7,8,0
43,34,1,2,2,0,0.0,0,1,0,1.9056390622295665,0.4535754510054249,0,0,0,3,11,1
70,35,28,2,2,6,0.08571428571428572,0,1,0,2.1219280948873624,0.44952341416254027,0,2,0,4,13,1
44,16,20,2,0,0,0.0,0,1,0,1.4591479170272448,0.3223641243367584,0,0,0,3,5,0
93,20,66,2,9,1,0.010752688172043012,0,1,0,1.5919171866886992,0.4062787828589377,0,0,0,4,6,0
46,23,16,2,0,0,0.0,0,1,0,1.2987949406953985,0.49635237905329355,0,0,0,5,7,1
62,16,38,2,2,5,0.08064516129032258,0,1,0,1.6140054628542204,0.4436261139427232,0,0,0,7,4,0
52,23,22,3,0,0,0.0,0,1,0,1.7527152789797047,0.5439158889974499,0,0,0,4,10,0
80,32,40,4,3,2,0.025,0,2,0,2.0670314951575843,0.4167249178347098,0,0,0,5,11,0
51,23,11,3,0,0,0.0,0,1,0,2.113283334294875,0.4543746749379843,0,0,0,3,7,0
37,12,18,3,0,4,0.10810810810810811,0,1,0,1.4056390622295665,0.9487027902502114,0,0,0,4,2,0
35,20,8,2,0,0,0.0,0,1,0,1.4591479170272448,0.45764159832525475,0,0,0,3,6,0
36,15,14,3,0,0,0.0,0,1,0,1.4488156357251847,0.7614298099189984,0,0,0,3,5,1
127,50,19,4,1,18,0.14173228346456693,0,3,0,2.794653473544342,0.8479244049983536,3,2,0,4,17,1
63,13,43,2,3,0,0.0,0,1,0,1.7295739585136223,0.3571527623124796,0,0,0,6,3,0
29,21,0,2,0,0,0.0,0,1,0,1.5219280948873621,0.7096085889447983,0,0,0,2,6,0
40,14,19,2,2,0,0.0,0,1,0,1.8365916681089791,0.3652607343902698,0,0,0,4,3,0
34,27,0,2,0,0,0.0,0,1,0,1.5219280948873621,0.5167999821532736,0,0,0,2,9,0
107,21,61,4,1,0,0.0,0,1,1,2.140518056276712,0.6510614619564027,0,0,0,9,7,1
75,17,51,4,0,7,0.09333333333333334,0,2,0,1.1981174211304033,0.5073186603879849,0,0,0,9,5,0
59,31,21,5,0,0,0.0,0,3,0,1.3516441151533924,0.38892396121264117,0,0,0,3,10,1
25,17,0,2,0,0,0.0,0,1,0,1.5219280948873621,0.6031893640941303,0,0,0,2,5,0
38,18,13,3,0,0,0.0,0,1,0,1.4056390622295665,0.5142370138078382,0,0,0,4,6,1
40,15,11,2,0,0,0.0,0,1,0,1.9609640474436811,0.9325912239012615,0,0,0,5,4,0
74,18,49,2,6,9,0.12162162162162163,0,1,0,1.6774212838293647,0.5591589935964169,0,0,0,7,6,0
39,16,15,2,0,0,0.0,0,1,0,1.2987949406953985,0.5548401237182763,0,0,0,5,6,1
33,14,11,2,0,2,0.06060606060606061,0,1,0,1.4591479170272448,1.1264062916107795,0,0,0,3,2,1
75,25,23,4,0,2,0.02666666666666667,0,1,1,1.8919954870390203,0.771951798926853,0,0,0,6,7,1
64,39,17,5,1,0,0.0,0,3,0,1.6767370300521325,0.21632080041884613,0,0,0,4,11,1
64,32,25,2,0,3,0.046875,0,1,0,1.657742726504889,0.48504227000644395,0,0,0,5,9,1
37,28,1,2,0,0,0.0,0,1,0,1.4591479170272448,0.5416729598892419,0,0,0,3,8,1
71,14,49,3,2,0,0.0,0,1,0,1.789929075309999,0.26045028164336836,0,0,0,5,4,0
37,29,1,2,2,1,0.02702702702702703,0,1,0,1.9056390622295665,0.543128030717394,0,0,0,3,8,1
34,26,1,3,0,0,0.0,0,2,0,1.4488156357251847,0.7065278084315711,0,0,0,3,8,0
32,24,1,2,1,0,0.0,0,1,0,1.8423709931771084,0.7149249164865239,0,0,0,3,7,0
123,46,19,5,0,18,0.14634146341463414,0,4,0,2.5941178916311856,0.802419889891867,3,2,0,4,15,1
44,20,17,2,0,0,0.0,0,1,0,1.2987949406953985,0.5079837170117919,1,0,0,5,7,1
41,13,21,2,1,3,0.07317073170731707,0,0,0,2.1219280948873624,0.766629222833917,0,0,0,4,3,0
21,13,1,2,0,0,0.0,0,1,0,1.4591479170272448,1.1550385721074838,0,0,0,3,3,0
47,18,21,2,0,12,0.2553191489361702,0,1,0,1.224394445405986,1.2863526124935105,0,0,0,6,7,1
21,13,1,2,0,4,0.19047619047619047,0,1,0,1.4591479170272448,1.6178619416609992,0,0,0,3,2,1
57,28,22,4,0,0,0.0,0,2,0,1.4056390622295665,0.28014248513079987,0,0,0,3,9,0
127,50,19,4,1,22,0.1732283464566929,0,3,0,2.794653473544342,0.8792665079007572,3,2,0,4,17,1
52,16,28,3,0,0,0.0,0,1,0,1.8954618442383218,0.5003889025437941,0,0,0,3,4,0
68,42,19,4,0,8,0.11764705882352941,0,3,0,1.3921472236645345,0.6770555678583108,2,2,0,4,15,1
65,31,26,5,0,3,0.046153846153846156,0,3,1,1.6854752972273344,1.1273660508128913,0,0,0,3,5,1
22,6,8,1,0,1,0.045454545454545456,0,0,0,1.3709505944546687,1.3597407150516634,0,0,0,3,1,1
23,14,1,2,0,0,0.0,0,1,0,1.4591479170272448,0.6868210073917772,0,0,0,3,5,1
25,18,0,2,0,0,0.0,0,1,0,1.5219280948873621,0.6907365275504028,0,0,0,2,4,0
67,18,42,1,5,7,0.1044776119402985,0,0,0,1.6143308351592656,0.5252964881162187,0,0,0,6,6,0
65,36,22,5,2,5,0.07692307692307693,0,3,0,1.7841591278514217,0.4113078578459885,1,0,0,4,9,1
115,21,61,4,1,0,0.0,0,1,1,2.140518056276712,0.5116045923957668,0,0,0,9,7,1
54,45,1,2,0,12,0.2222222222222222,0,1,0,1.4591479170272448,0.6597704650393071,0,0,0,3,13,1
51,17,27,4,0,0,0.0,0,2,0,1.360964047443681,0.4624626946749461,0,0,0,5,5,0
63,31,25,2,1,0,0.0,0,1,0,1.75,0.3426147117325084,0,0,0,4,9,0
55,25,22,2,2,0,0.0,0,1,0,1.7609640474436812,0.521853311394837,0,0,0,5,7,0
47,29,11,4,0,3,0.06382978723404255,0,3,0,1.4056390622295665,0.43663379033218075,0,0,0,3,8,1
44,26,10,3,0,3,0.06818181818181818,0,1,0,1.4488156357251847,0.5686023817222814,1,0,0,3,7,1
67,54,5,2,1,0,0.0,0,1,0,1.8423709931771084,0.48637130982419546,0,0,0,3,24,1
102,15,80,1,1,17,0.16666666666666666,0,0,0,1.207518749639422,0.6891564688840957,0,0,0,9,5,1
41,33,1,2,1,3,0.07317073170731707,0,1,0,1.8423709931771084,0.6071135591270542,0,0,0,3,10,1
36,12,16,1,2,1,0.027777777777777776,0,0,0,1.657742726504889,0.4336242787983957,0,0,0,5,3,1
125,20,98,2,8,0,0.0,0,1,0,1.6457113704075783,0.3557200931618678,0,0,0,6,6,0
55,16,31,2,0,0,0.0,0,1,0,1.75,0.4245939698419726,0,0,0,4,7,0
112,16,89,3,2,4,0.03571428571428571,0,1,0,2.0086949695628418,0.5593281933828431,0,0,0,6,5,0
60,21,32,2,0,0,0.0,0,0,0,1.2987949406953985,0.6555169330925669,0,0,0,5,6,1
37,18,12,4,0,0,0.0,0,2,0,1.3921472236645345,0.5198384885301209,0,0,0,4,4,1
72,15,49,3,0,13,0.18055555555555555,0,1,0,1.5510981710072647,0.5845631816326552,0,0,0,7,5,0
23,10,6,2,0,0,0.0,0,1,0,1.3787834934861753,0.8779005900759211,0,0,0,4,3,0
35,26,1,2,2,0,0.0,0,1,0,1.9056390622295665,0.41122138575161243,0,0,0,3,8,0
57,49,1,5,2,0,0.0,0,4,0,1.789929075309999,0.42175812767525656,0,2,0,3,15,1
17,9,1,1,0,1,0.058823529411764705,0,0,0,1.3709505944546687,1.1010601426861868,0,0,0,3,2,0
50,16,26,2,0,0,0.0,0,1,0,2.321928094887362,0.5989521347734951,0,0,0,4,7,0
57,35,15,3,0,0,0.0,0,1,0,1.4488156357251847,0.3901964400554067,0,0,0,3,12,0
74,20,46,2,4,0,0.0,0,1,0,1.823067982273661,0.3158582173980398,0,0,0,4,5,0
81,17,57,3,5,0,0.0,0,1,0,1.8262452584026092,0.31153334379495345,0,0,0,4,5,0
27,15,5,2,0,2,0.07407407407407407,0,1,0,1.3787834934861753,0.8619920791934729,0,0,0,4,4,1
24,17,0,1,0,0,0.0,0,0,0,1.5,0.480477612395116,0,0,0,2,7,0
32,17,2,2,0,0,0.0,0,1,0,2.1556390622295662,0.9336427347032441,0,0,0,3,7,0
31,12,12,3,0,0,0.0,0,1,0,1.4488156357251847,0.6231603996363226,0,0,0,3,2,1
59,42,9,2,0,0,0.0,0,0,0,1.4591479170272448,0.480163802056901,0,0,0,3,20,1
73,19,47,3,3,1,0.0136986301369863,0,2,0,1.7758589482446405,0.27629758033729307,0,0,0,6,3,0
28,20,1,2,1,0,0.0,0,1,0,1.8423709931771084,0.6390708347139893,0,0,0,3,5,0
24,17,0,2,0,0,0.0,0,1,0,1.5219280948873621,1.0591589439359896,0,0,0,2,6,0
29,16,1,2,0,0,0.0,0,1,0,2.4464393446710155,1.3105236648531293,0,0,0,3,2,0
64,31,26,5,0,10,0.15625,0,3,1,1.6854752972273344,1.2878481505678288,0,0,0,3,6,1
45,36,1,2,0,0,0.0,0,1,0,1.4591479170272448,0.41544827169270365,0,0,0,3,13,0
129,14,108,2,4,59,0.4573643410852713,0,0,0,1.7841591278514217,1.8522553096012226,0,0,0,5,3,1
129,54,20,5,1,22,0.17054263565891473,0,4,0,2.723219672335508,0.8146353053294362,3,2,0,5,17,1
113,15,76,2,0,9,0.07964601769911504,0,1,0,2.0349409139562287,0.796866855891255,0,0,0,7,5,1
47,39,0,2,0,0,0.0,0,1,0,1.5219280948873621,0.5199593843625979,0,0,0,2,16,1
90,17,66,2,9,12,0.13333333333333333,0,1,0,1.5919171866886992,0.5050169903328916,0,0,0,4,6,0
22,15,0,2,1,0,0.0,0,1,0,1.9182958340544896,0.7053372137465532,0,0,0,2,4,1
55,16,31,2,0,0,0.0,0,1,0,1.3787834934861753,0.3179960887328688,0,0,0,4,5,0
128,50,20,4,1,18,0.140625,0,3,0,2.7550576199383077,0.8865897747514973,3,2,0,5,17,1
124,46,20,5,0,21,0.1693548387096774,0,4,0,2.56507654233637,0.901508256664949,3,2,0,5,15,1
98,22,12,4,1,3,0.030612244897959183,0,0,0,2.794653473544342,0.8845343584468243,1,0,0,4,8,1
43,22,1,2,0,3,0.06976744186046512,0,1,0,2.4464393446710155,0.9881868537564651,0,0,0,3,8,0
34,16,10,2,0,0,0.0,0,1,0,1.3787834934861753,0.7041355245344355,0,0,0,4,7,0
89,23,34,3,1,0,0.0,0,1,0,2.73345859334435,0.4718622149613457,2,0,0,6,9,1
90,34,49,2,6,6,0.06666666666666667,0,1,0,1.7273966735744792,0.4904597161473757,0,0,0,5,10,0
15,6,1,1,0,0,0.0,0,0,0,1.3709505944546687,0.9654101801656388,0,0,0,3,1,0
44,22,14,3,0,0,0.0,0,1,0,1.4056390622295665,0.41035492915054295,0,0,0,4,9,1
49,18,23,2,0,0,0.0,0,1,0,1.3787834934861753,0.27027629562931516,0,0,0,4,5,0
54,20,27,5,0,0,0.0,0,3,0,1.360964047443681,0.4483685341754161,0,0,0,4,5,0
47,29,10,4,0,1,0.02127659574468085,0,3,0,1.4056390622295665,0.4523425058018156,0,0,0,3,8,1
27,19,1,2,1,0,0.0,0,1,0,1.8423709931771084,0.5994461400912773,0,0,0,3,5,0
38,16,14,2,0,0,0.0,0,1,0,1.3787834934861753,0.6054036983532031,0,0,0,4,7,0
69,11,51,3,1,0,0.0,0,1,0,1.7534343861887849,0.2740148790804149,0,0,0,8,2,0
26,18,1,2,1,0,0.0,0,1,0,1.8423709931771084,0.7597834244521839,0,0,0,3,4,0
28,11,9,1,0,0,0.0,0,0,0,1.3709505944546687,0.6623324531412347,0,0,0,3,3,0
52,44,1,4,0,11,0.21153846153846154,0,3,0,1.4056390622295665,1.1810734669986211,0,0,0,3,7,1
59,13,25,2,0,0,0.0,0,0,0,2.3685225277282065,0.5768933528792456,0,0,0,4,5,1
21,6,8,1,0,0,0.0,0,0,0,1.3709505944546687,1.419924642143359,0,0,0,3,1,0
36,17,12,2,0,0,0.0,0,1,0,1.2987949406953985,0.6786391182135383,0,0,0,5,6,1
44,36,1,2,3,0,0.0,0,1,0,1.8910611120726526,0.5095686020927358,0,2,0,3,9,1
18,11,0,1,0,0,0.0,0,0,0,1.5,0.7538871671919362,0,0,0,2,5,0
51,43,1,3,2,10,0.19607843137254902,0,2,0,1.8910611120726526,0.879334526082111,0,0,0,3,12,1
29,22,0,2,0,2,0.06896551724137931,0,1,0,1.5219280948873621,0.8002586447886484,0,0,0,2,6,1
31,22,1,1,0,0,0.0,0,0,0,1.3709505944546687,0.4508058425023348,0,0,0,3,9,0
30,14,9,3,0,1,0.03333333333333333,0,1,0,1.4488156357251847,0.8790607586815051,0,0,0,3,2,1
124,46,20,5,0,24,0.1935483870967742,0,4,0,2.56507654233637,0.8532789183478614,3,2,0,5,15,1
32,13,12,2,2,4,0.125,0,1,0,1.8365916681089791,0.8319680653035735,0,0,0,4,3,1
53,12,34,1,2,8,0.1509433962264151,0,0,0,1.4911148500551856,0.5833321663580486,0,0,0,7,4,0
60,14,39,2,1,0,0.0,0,0,0,1.5709505944546687,0.3439329309287772,0,0,0,6,4,1
85,11,67,2,1,2,0.023529411764705882,0,0,0,1.5589385323502771,0.555735363028528,0,0,0,10,3,1
49,15,27,2,0,0,0.0,0,1,0,1.1567796494470395,0.5592491296614011,0,0,0,7,4,0
29,17,5,1,0,0,0.0,0,0,0,1.2516291673878228,0.7391686013498102,0,0,0,4,8,1
77,23,47,1,0,22,0.2857142857142857,0,0,0,1.1488348542809166,0.9813405184720863,0,0,0,5,8,1
125,50,19,4,1,23,0.184,0,3,0,2.794653473544342,0.9530214564063849,3,2,0,4,17,1
23,16,0,2,0,0,0.0,0,1,0,1.5219280948873621,0.6038650237208437,0,0,0,2,5,0
106,8,27,2,0,0,0.0,0,0,0,2.7709505944546686,0.878453228554042,1,0,0,6,3,1
24,16,1,2,0,0,0.0,0,1,0,1.4591479170272448,0.75827725733827,0,0,0,3,3,0
57,30,20,3,0,0,0.0,0,1,0,1.4056390622295665,0.3599201123383417,0,0,0,4,10,1
70,18,22,3,0,0,0.0,0,0,1,2.221251836004466,1.0158662367845255,0,0,0,5,7,1
39,30,1,2,0,0,0.0,0,1,0,1.4591479170272448,0.4943428274978098,0,0,0,3,9,1
58,19,7,1,0,6,0.10344827586206896,0,0,0,2.1609640474436813,0.6112958488340665,0,0,0,5,8,1
36,27,1,2,0,1,0.027777777777777776,0,1,0,1.4591479170272448,0.6737602241144186,0,0,0,3,7,0
22,14,1,2,0,0,0.0,0,1,0,1.4591479170272448,0.9072750514663367,0,0,0,3,2,0
81,22,52,1,1,22,0.2716049382716049,0,0,0,1.4466166676282082,1.131193073809857,0,0,0,6,9,1
139,54,19,5,1,21,0.1510791366906475,0,4,0,2.946387519131128,0.9461233354738738,3,2,0,4,17,1
26,17,1,2,0,0,0.0,0,1,0,1.4591479170272448,0.5057275302411648,0,0,0,3,4,0
27,19,1,2,0,0,0.0,0,1,0,1.4591479170272448,1.1693853097204698,0,0,0,3,4,0
37,14,15,2,0,0,0.0,0,1,0,1.3787834934861753,0.450587165533275,0,0,0,4,3,0
27,17,3,2,0,0,0.0,0,1,0,1.4591479170272448,0.6623395211831499,0,0,0,3,3,1
34,26,1,4,0,0,0.0,0,3,0,1.4056390622295665,0.5384421705647219,0,0,0,3,10,1
52,28,17,2,0,0,0.0,0,1,0,1.3787834934861753,0.3887900718394624,0,0,0,4,8,0
37,22,8,2,0,0,0.0,0,1,0,1.4591479170272448,0.512954352929708,0,0,0,3,7,0
25,17,1,2,0,1,0.04,0,1,0,1.4591479170272448,1.0889693126286204,0,0,0,3,5,0
61,16,37,2,0,0,0.0,0,1,0,1.8464393446710154,0.496371508091479,0,0,0,4,7,0
79,22,49,2,5,0,0.0,0,1,0,1.7841591278514217,0.34983134387668235,0,0,0,4,6,0
102,15,80,1,1,21,0.20588235294117646,0,0,0,1.207518749639422,0.7103214795607993,0,0,0,9,5,1
107,20,80,2,0,18,0.16822429906542055,0,0,0,0.9912642605354288,0.7020695205487315,1,0,0,10,8,1
55,17,31,2,2,1,0.01818181818181818,0,1,0,1.7609640474436812,0.33214746398827927,0,0,0,5,5,0
43,16,19,2,0,0,0.0,0,1,0,1.3787834934861753,0.6003089403786305,0,0,0,4,7,0
79,26,46,2,1,0,0.0,0,1,0,1.4182958340544896,0.358090191256188,0,1,0,8,8,1
29,20,1,2,0,0,0.0,0,1,0,1.4591479170272448,0.453901831493932,0,0,0,3,5,0
18,11,0,1,1,0,0.0,0,0,0,1.9219280948873623,0.9289766912865443,0,0,0,2,3,0
30,16,6,2,0,0,0.0,0,1,0,1.4591479170272448,0.9967912141715018,0,0,0,3,4,0
22,13,1,2,0,0,0.0,0,1,0,1.4591479170272448,1.0170635411305777,0,0,0,3,1,0
67,11,48,3,3,0,0.0,0,0,0,1.7244078178625923,0.395500357011157,1,0,0,7,3,1
39,20,11,2,0,7,0.1794871794871795,0,1,0,1.2987949406953985,1.226486952834703,0,0,0,5,2,1
57,27,23,2,2,0,0.0,0,1,0,1.8365916681089791,0.39107072998005704,0,0,0,4,8,0
37,25,5,2,0,8,0.21621621621621623,0,1,0,1.3787834934861753,1.5693724814856302,0,0,0,4,6,1
100,25,67,2,5,10,0.1,0,1,0,1.7273966735744792,0.420100437843879,0,0,0,6,8,0
69,22,39,2,3,8,0.11594202898550725,0,1,0,1.6691803368667308,0.4669443623241747,0,0,0,7,6,1
78,50,20,4,1,12,0.15384615384615385,0,3,0,1.6767370300521325,0.5622863722948658,2,2,0,5,17,1
126,50,19,4,1,12,0.09523809523809523,0,3,0,2.794653473544342,0.8156106857280598,3,2,0,4,17,1
75,25,43,3,0,4,0.05333333333333334,0,0,0,1.617189572592715,0.5146539367774189,2,0,0,6,11,1
70,36,27,2,1,0,0.0,0,1,0,1.75,0.24811026489913363,0,0,0,4,12,0
38,13,1,1,0,5,0.13157894736842105,0,0,0,2.128085278891394,1.0242574136768283,0,0,0,3,5,0
49,19,23,2,2,0,0.0,0,1,0,1.8365916681089791,0.2291107013043319,0,0,0,4,6,0
43,12,23,3,0,2,0.046511627906976744,0,1,0,1.3516441151533924,0.4818436206300819,0,0,0,5,2,0
26,18,1,2,0,0,0.0,0,1,0,1.4591479170272448,0.7287091336210463,0,0,0,3,5,0
48,27,14,4,0,2,0.041666666666666664,0,2,0,1.3921472236645345,0.5000646900487606,0,0,0,4,5,1
57,23,27,2,1,0,0.0,0,0,0,1.657742726504889,0.3727599279700281,0,0,0,5,7,1
35,19,9,2,0,2,0.05714285714285714,0,1,0,1.3787834934861753,0.49733670723799794,0,0,0,4,7,0
61,22,32,3,3,0,0.0,0,1,0,1.867633890971212,0.6524909908620329,0,0,0,4,6,0
32,24,1,2,0,8,0.25,0,1,0,1.4591479170272448,1.5098674061809438,0,0,0,3,4,1
34,25,1,2,1,0,0.0,0,1,0,1.8423709931771084,0.39812320284238945,0,0,0,3,7,0
32,23,1,2,0,0,0.0,0,1,0,1.4591479170272448,0.8262551539638253,0,0,0,3,9,0
29,20,1,2,1,0,0.0,0,1,0,1.8423709931771084,0.5345344856393889,0,0,0,3,6,0
33,24,1,2,0,0,0.0,0,1,0,1.4591479170272448,0.48223306928884846,0,0,0,3,9,0
119,42,20,4,0,21,0.17647058823529413,0,3,0,2.5941178916311856,1.0770390293907857,3,2,0,5,15,1
39,26,6,2,0,2,0.05128205128205128,0,1,0,1.4591479170272448,0.49221956566785036,0,0,0,3,8,1
22,15,0,2,0,0,0.0,0,1,0,1.5219280948873621,0.7570352800462405,0,0,0,2,5,0
75,14,54,4,0,0,0.0,0,2,0,1.3221793455166666,0.3168918429566138,0,0,0,6,5,0
63,18,37,2,2,8,0.12698412698412698,0,1,0,2.1219280948873624,0.6039989536813698,0,0,0,4,5,0
70,16,32,3,0,5,0.07142857142857142,0,1,0,1.9877733714879842,0.5704200528931206,0,0,0,6,2,1
29,21,1,2,0,4,0.13793103448275862,0,1,0,1.4591479170272448,1.1997539333749112,0,0,0,3,5,0
31,18,1,2,0,4,0.12903225806451613,0,1,0,2.4464393446710155,1.2481493097258625,0,0,0,3,3,0
114,20,87,2,10,0,0.0,0,1,0,1.5683182557028439,0.3762067369123624,0,0,0,5,5,0
62,34,21,2,0,10,0.16129032258064516,0,1,0,2.3158243335257076,1.083012438546493,0,0,0,4,8,1
43,16,19,2,0,0,0.0,0,1,0,1.75,0.47788860854760273,0,0,0,4,7,0
58,19,32,1,4,0,0.0,0,0,0,1.721928094887362,0.34416346751987326,0,0,0,4,6,0
64,30,27,3,5,0,0.0,0,1,0,1.8250112108241772,0.2996329570759291,0,0,0,3,9,0
29,13,1,3,0,10,0.3448275862068966,1,0,0,2.0464393446710156,2.2639568571544606,1,0,0,4,0,1
23,15,0,2,0,0,0.0,0,1,0,1.5219280948873621,0.8655068941108885,0,0,0,2,3,0
90,19,63,4,0,22,0.24444444444444444,0,1,0,1.3221793455166666,0.8409081598075747,0,0,0,6,6,1
36,22,6,2,0,0,0.0,0,1,0,1.3787834934861753,0.5402569796373703,0,0,0,4,7,0
36,27,1,2,1,0,0.0,0,1,0,1.8423709931771084,0.49103542870702976,0,0,0,3,10,1
151,25,59,6,1,14,0.09271523178807947,0,1,0,2.41259573908863,0.2774861404980723,2,1,0,10,9,1
68,29,32,3,4,1,0.014705882352941176,0,1,0,1.867633890971212,0.31550125058998224,0,0,0,3,10,0
111,17,61,3,2,0,0.0,0,0,1,2.2096909728231857,0.5644792939110213,0,0,0,9,7,1
27,18,1,2,0,0,0.0,0,1,0,1.4591479170272448,0.4372647242921742,0,0,0,3,6,0
44,35,1,4,2,6,0.13636363636363635,0,3,0,1.8464393446710154,0.7658458235221237,0,0,0,3,8,1
29,21,1,2,0,5,0.1724137931034483,0,1,0,1.4591479170272448,1.1161869505915614,0,0,0,3,5,1
218,12,24,4,0,36,0.1651376146788991,1,0,0,2.6399135167507204,2.109334135584216,3,0,0,5,0,1
32,23,1,2,0,0,0.0,0,1,0,1.4591479170272448,0.49517844647580705,0,0,0,3,6,0
40,11,22,2,0,4,0.1,0,0,0,1.2987949406953985,0.7215666752078106,0,0,0,5,2,1
77,20,49,3,5,2,0.025974025974025976,0,1,0,1.8262452584026092,0.19932765059793475,0,0,0,4,5,0
37,16,14,1,0,0,0.0,0,0,0,1.1488348542809166,0.6194676287839921,0,0,0,5,5,1
122,23,82,2,3,6,0.04918032786885246,0,1,0,2.502598068247261,0.5290189749508265,0,0,0,7,8,1
145,36,92,2,3,16,0.1103448275862069,0,1,0,2.5261207468426807,0.3962197448638742,0,0,0,7,8,1
33,23,3,2,2,2,0.06060606060606061,0,1,0,1.9056390622295665,0.627033402900392,1,0,0,3,7,1
117,42,20,4,0,20,0.17094017094017094,0,3,0,2.5941178916311856,0.9250240925317864,3,2,0,5,15,1
24,17,0,1,0,0,0.0,0,0,0,1.5,0.7907942117835333,0,0,0,2,6,0
25,16,1,2,0,0,0.0,0,1,0,1.4591479170272448,0.6119804789865243,0,0,0,3,3,0
47,22,17,2,1,0,0.0,0,1,0,1.657742726504889,0.412073459947528,0,0,0,5,9,1
62,20,35,3,1,0,0.0,0,1,0,1.617189572592715,0.32562034715444427,1,0,0,6,5,1
48,41,0,4,2,0,0.0,0,3,0,1.8365916681089791,0.5101831549217299,0,0,0,2,11,1
122,17,6,2,0,22,0.18032786885245902,0,1,0,2.970840013101985,1.346938969015204,0,0,0,3,7,1
134,14,113,4,7,46,0.34328358208955223,0,1,1,2.4370658315190226,1.4707023927190799,0,0,0,3,5,1
31,16,7,2,0,0,0.0,0,1,0,1.4591479170272448,0.553569363524756,0,0,0,3,5,0
111,17,87,2,5,4,0.036036036036036036,0,1,0,1.5683182557028439,0.2695025975057554,1,0,0,10,4,0
113,15,76,2,3,6,0.05309734513274336,0,1,0,2.349601752714581,0.5102976027446846,0,0,0,7,5,1
78,18,52,2,4,0,0.0,0,1,0,1.823067982273661,0.35108898148572815,0,0,0,4,4,0
41,33,1,2,1,3,0.07317073170731707,0,1,0,1.8423709931771084,1.0635600395427083,0,0,0,3,6,1
87,21,59,2,5,9,0.10344827586206896,0,1,0,1.7273966735744792,0.3213926074864351,0,0,0,6,5,1
54,11,36,2,1,0,0.0,0,1,0,1.657742726504889,0.5831497703298276,0,0,0,5,3,1
210,18,26,2,0,68,0.3238095238095238,0,0,0,2.48345859334435,1.6607464320704546,2,0,0,6,5,1
126,50,19,4,1,15,0.11904761904761904,0,3,0,2.794653473544342,0.7080738664811455,3,2,0,4,17,1
58,12,39,2,3,0,0.0,0,1,0,1.8464393446710154,0.3389006309238605,0,0,0,4,3,0
34,17,10,2,0,0,0.0,0,1,0,1.3787834934861753,0.4240984687950876,0,0,0,4,5,0
105,23,74,2,7,7,0.06666666666666667,0,1,0,1.6774212838293647,0.3322667369594044,0,0,0,6,7,0
135,19,109,2,11,2,0.014814814814814815,0,1,0,1.5195563653739033,0.4254840861113264,0,0,0,11,6,0
22,13,1,2,0,0,0.0,0,1,0,1.4591479170272448,1.0169802649481654,0,0,0,3,3,0
78,18,53,3,0,0,0.0,0,1,0,1.8250112108241772,0.3505686123350548,0,0,0,5,6,0
91,19,65,2,7,0,0.0,0,1,0,1.6893917467430877,0.3726786100942437,0,0,0,4,4,0
36,14,15,2,0,3,0.08333333333333333,0,1,0,1.2987949406953985,0.8853869989928449,0,0,0,5,3,1
126,10,109,3,3,5,0.03968253968253968,0,0,0,1.7960885595978366,0.190082102539056,0,0,0,10,3,1
28,20,0,2,1,0,0.0,0,1,0,1.9182958340544896,0.4275100924955818,0,0,0,2,5,0
25,17,1,2,0,0,0.0,0,1,0,1.4591479170272448,0.8460998902299722,0,0,0,3,4,0
117,38,72,2,1,23,0.19658119658119658,0,1,0,1.5709505944546687,0.6090453524174437,0,0,0,6,12,1
42,27,7,4,1,1,0.023809523809523808,0,3,0,1.7527152789797047,0.6201929040351698,0,0,0,3,4,1
49,11,1,4,0,0,0.0,0,1,0,2.2998963911678914,0.7066185607907168,0,0,0,3,2,1
37,15,15,3,0,0,0.0,0,1,0,1.4056390622295665,0.7764911090624335,0,0,0,4,5,1
40,31,1,2,0,3,0.075,0,1,0,1.4591479170272448,0.687083830485316,0,0,0,3,8,1
38,30,1,2,0,0,0.0,0,1,0,1.4591479170272448,0.3657639249814673,0,0,0,3,9,0
19,8,4,1,0,0,0.0,0,0,0,1.2516291673878228,1.044010825322482,0,0,0,4,2,1
132,22,31,3,2,14,0.10606060606060606,0,0,0,2.5028246923615067,0.9606811406467174,0,0,0,5,8,1
60,24,29,2,1,10,0.16666666666666666,0,1,0,2.0588138903312014,0.8229224149274522,0,0,0,4,7,1
116,21,61,4,2,0,0.0,0,1,1,2.2200683022340693,0.49750163850794255,0,0,0,9,7,1
82,25,50,2,6,8,0.0975609756097561,0,1,0,1.6774212838293647,0.46766759015592,0,0,0,7,8,0
66,38,21,5,2,6,0.09090909090909091,0,3,0,1.789929075309999,0.4590573921648113,0,0,0,3,9,1
76,16,53,3,4,6,0.07894736842105263,0,1,0,1.8262452584026092,0.2919610353132322,0,0,0,5,6,0
49,24,18,2,1,0,0.0,0,1,0,1.657742726504889,0.397597032421696,0,0,0,5,8,0
43,17,19,3,1,0,0.0,0,1,0,1.6854752972273344,0.5154546396968909,0,0,0,5,4,1
33,15,10,2,0,0,0.0,0,1,0,1.3787834934861753,0.6752217927207312,0,0,0,4,5,0
32,23,1,2,0,0,0.0,0,1,0,1.4591479170272448,0.5506274932339089,0,0,0,3,7,0
32,20,1,2,0,0,0.0,0,1,0,1.8423709931771084,0.5785315804413014,0,0,0,3,7,1
31,22,1,2,0,0,0.0,0,1,0,1.4591479170272448,0.5870899181312261,0,0,0,3,7,0
75,18,49,3,3,0,0.0,0,1,0,1.867633890971212,0.3975229442163146,0,0,0,4,4,0
25,16,1,2,0,0,0.0,0,1,0,1.4591479170272448,0.6443633290687111,0,0,0,3,4,0
32,24,1,3,1,7,0.21875,0,2,0,1.811278124459133,1.512789053996038,0,0,0,3,2,1
63,12,44,1,4,8,0.12698412698412698,0,0,0,1.573402452417767,0.46803231140743934,0,0,0,7,4,0
28,19,1,3,0,0,0.0,0,2,0,1.4488156357251847,0.6550020470424309,0,0,0,3,4,0
72,12,53,3,1,0,0.0,0,0,0,1.9717472571281809,0.4959128890814336,1,0,0,5,4,1
38,30,1,2,0,0,0.0,0,1,0,1.4591479170272448,0.3440232131761796,0,0,0,3,9,0
76,16,52,2,0,0,0.0,0,1,0,2.0922718656836103,0.7608087397762742,0,0,0,5,6,0
22,14,1,2,0,0,0.0,0,1,0,1.4591479170272448,0.6895189353630049,0,0,0,3,4,0
125,50,20,4,1,17,0.136,0,3,0,2.7550576199383077,0.8628071804823515,3,2,0,5,17,1
33,26,0,2,1,0,0.0,0,1,0,1.9182958340544896,0.48696388037493915,0,0,0,2,10,1
53,26,20,5,0,0,0.0,0,3,1,1.6854752972273344,1.3729150196606086,0,0,0,3,5,1
51,17,27,2,2,0,0.0,0,1,0,1.8365916681089791,0.31644716996152494,0,0,0,4,4,0
68,9,51,1,4,8,0.11764705882352941,0,0,0,1.5216406363433184,0.49296385609435595,0,0,0,8,2,0
26,17,1,2,0,0,0.0,0,1,0,1.4591479170272448,0.6956709542908016,0,0,0,3,4,0
33,12,13,2,0,0,0.0,0,0,0,1.4591479170272448,0.7725274378649846,0,0,0,3,4,1
23,15,1,2,0,0,0.0,0,1,0,1.4591479170272448,1.0294095462759962,0,0,0,3,3,0
32,23,1,2,0,0,0.0,0,1,0,1.4591479170272448,0.5462592867844899,0,0,0,3,6,0
72,24,40,3,2,3,0.041666666666666664,0,1,0,2.1492553971685,0.4243760121365246,0,0,0,5,9,0
55,20,28,3,0,2,0.03636363636363636,0,1,0,1.7527152789797047,0.31980931087753567,0,0,0,4,5,0
28,13,8,3,0,0,0.0,0,1,0,1.4488156357251847,0.6252751807944206,0,0,0,3,4,1
138,12,118,3,8,3,0.021739130434782608,0,1,0,2.0872520915136796,0.4188872846068114,0,0,0,7,7,0
44,18,19,2,0,0,0.0,0,1,0,2.321928094887362,0.792305147067506,0,0,0,4,7,0
83,19,57,3,3,0,0.0,0,1,0,1.867633890971212,0.4144301475762737,0,0,0,4,5,0
27,18,1,2,1,0,0.0,0,1,0,1.8423709931771084,0.5802285288886906,0,0,0,3,5,0
17,9,1,2,0,0,0.0,0,1,0,1.4591479170272448,1.3953838824716218,0,0,0,3,0,0
49,25,17,2,0,0,0.0,0,0,0,1.2987949406953985,0.410058398794418,0,0,0,5,9,1
76,22,47,2,7,3,0.039473684210526314,0,1,0,1.6893917467430877,0.4856810260022563,0,0,0,4,6,0
56,22,27,5,0,3,0.05357142857142857,0,2,0,1.3250112108241772,0.6501910283114846,1,0,0,6,7,1
115,22,86,3,4,0,0.0,0,1,0,1.7884504573082896,0.26483388841140537,2,0,0,6,8,1
24,16,1,2,0,0,0.0,0,1,0,1.4591479170272448,0.7427070799595847,0,0,0,3,4,0
47,38,1,4,2,6,0.1276595744680851,0,3,0,1.8464393446710154,0.5870364814216005,0,0,0,3,9,1
49,36,1,2,3,1,0.02040816326530612,0,1,0,2.4130884364257574,0.5940635048467995,0,2,0,3,9,1
140,32,91,2,2,4,0.02857142857142857,0,1,0,2.5016094970590275,0.3784118355207061,0,0,0,7,11,1
62,14,41,3,1,0,0.0,0,1,0,2.0758692966977272,0.4579760348855793,0,0,0,5,1,0
52,18,6,1,0,2,0.038461538461538464,0,0,0,2.2810361125534233,0.630208803067272,0,0,0,4,4,1
26,17,1,3,0,0,0.0,0,2,0,1.4488156357251847,0.7842296508545759,0,0,0,3,3,0
33,25,1,2,0,0,0.0,0,1,0,1.4591479170272448,0.41630625019098527,0,0,0,3,6,0
59,20,32,2,1,0,0.0,0,1,0,1.5709505944546687,0.3019086964876458,0,0,0,6,8,0
75,13,55,2,5,0,0.0,0,1,0,1.760495029766198,0.3344110657557804,0,0,0,5,2,0
18,11,0,1,1,0,0.0,0,0,0,1.9219280948873623,0.744571841928372,0,0,0,2,4,0
38,18,12,1,0,0,0.0,0,0,0,1.6644977792004612,0.6138410374642245,0,0,0,4,6,1
19,11,1,2,0,3,0.15789473684210525,0,1,0,1.4591479170272448,1.5095406307148784,0,0,0,3,1,1
66,11,48,4,0,7,0.10606060606060606,0,1,0,1.2389012566026305,0.48389381510713225,0,0,0,8,4,0
39,16,5,2,0,0,0.0,0,1,0,2.1556390622295662,0.6468189992243923,0,0,0,3,7,0
33,14,11,2,0,8,0.24242424242424243,0,1,0,1.4591479170272448,1.4604290870609031,0,0,0,3,2,1
38,29,1,2,0,0,0.0,0,1,0,1.4591479170272448,0.49890836561587854,0,0,0,3,9,0
436,14,60,3,2,201,0.4610091743119266,0,1,0,1.6805563732659934,2.214087294092229,0,0,0,11,2,1
46,29,10,4,0,2,0.043478260869565216,0,2,0,1.4056390622295665,0.6753036106046918,1,0,0,3,7,1
51,23,20,2,2,0,0.0,0,1,0,1.8365916681089791,0.2134303362077689,0,0,0,4,6,0
79,11,61,2,7,1,0.012658227848101266,0,0,0,1.6893917467430877,0.36226788099753443,0,0,0,4,2,0
69,35,26,5,1,13,0.18840579710144928,0,3,1,1.9717472571281809,1.2989111402178748,0,0,0,3,7,1
117,42,20,4,0,20,0.17094017094017094,0,3,0,2.5941178916311856,0.9277352950896779,3,2,0,5,15,1
33,25,1,3,0,0,0.0,0,2,0,1.4488156357251847,0.4492019006721532,0,0,0,3,9,0
127,50,19,4,1,24,0.1889763779527559,0,3,0,2.794653473544342,0.8497869167824785,3,2,0,4,17,1
50,16,27,3,0,3,0.06,0,0,0,1.4056390622295665,0.617714600229906,0,0,0,4,6,1
23,15,1,2,1,0,0.0,0,1,0,1.8423709931771084,0.6100402574211095,0,0,0,3,3,0
32,16,8,2,0,0,0.0,0,1,0,1.3787834934861753,0.7534958327102163,0,0,0,4,4,0
67,23,37,1,0,0,0.0,0,0,0,0.9219280948873623,0.5470548634948671,0,0,0,8,9,1
26,18,1,2,1,0,0.0,0,1,0,1.8423709931771084,0.7882633545902384,0,0,0,3,6,1
80,72,1,2,2,0,0.0,0,1,0,1.9056390622295665,0.6019356261913399,0,0,0,3,26,1
54,26,21,4,0,4,0.07407407407407407,0,3,0,1.4591479170272448,0.5486961748829177,0,0,0,6,7,1
74,18,49,3,0,1,0.013513513513513514,0,1,0,1.617189572592715,0.46714713156195564,0,0,0,6,4,0
33,26,0,2,0,3,0.09090909090909091,0,1,0,1.5219280948873621,0.8792882943667581,0,0,0,2,7,1
57,25,25,3,0,11,0.19298245614035087,0,1,0,1.295461844238322,0.8036786170965462,1,1,0,6,9,1
143,26,12,5,0,18,0.1258741258741259,0,3,0,2.287783719941071,0.849739901180594,0,0,0,3,6,1
49,19,22,2,1,0,0.0,0,1,0,1.75,0.24007560238391307,0,0,0,4,6,0
31,22,1,2,0,0,0.0,0,1,0,1.4591479170272448,0.5372377596328131,0,0,0,3,7,0
49,17,25,3,0,2,0.04081632653061224,0,1,0,1.7527152789797047,0.7571755578043294,0,0,0,4,4,0
57,7,33,1,3,8,0.14035087719298245,0,0,0,2.7192945256669794,1.3089075203958136,0,0,0,4,0,1
34,14,13,2,1,0,0.0,0,1,0,1.75,0.3610937311792162,0,0,0,4,3,0
48,24,17,2,1,0,0.0,0,1,0,1.657742726504889,0.3700437135344368,0,0,0,5,8,0
60,18,35,3,3,6,0.1,0,1,0,1.8250112108241772,0.7033229737157376,0,0,0,5,5,1
50,13,30,5,0,10,0.2,1,0,0,1.3485878960124222,1.0917259703305338,0,1,0,5,0,1
76,24,45,3,0,0,0.0,0,1,0,1.617189572592715,0.3445950896463642,0,0,0,6,6,0
28,19,1,2,1,0,0.0,0,1,0,1.8423709931771084,0.433046625278778,0,0,0,3,4,0
22,15,0,1,0,0,0.0,0,0,0,1.5,1.0124624701219835,0,0,0,2,6,0
51,10,34,2,1,0,0.0,0,0,0,1.4911148500551856,0.5970876609801731,0,0,0,7,4,1
120,23,80,2,2,10,0.08333333333333333,0,1,0,2.502598068247261,0.4033499510422507,0,0,0,7,5,1
50,27,15,2,1,0,0.0,0,1,0,1.8423709931771084,0.44434018958635324,0,0,0,3,10,0
44,13,23,3,0,0,0.0,0,1,0,1.295461844238322,0.595897396840552,0,0,0,6,5,1
40,10,22,1,0,0,0.0,0,0,0,1.8423709931771084,0.693069588338669,0,0,0,3,2,1
32,23,1,2,0,0,0.0,0,1,0,1.4591479170272448,0.38273984782877857,0,0,0,3,7,0
26,17,1,2,0,0,0.0,0,1,0,1.4591479170272448,0.6016744136781327,0,0,0,3,5,0
29,14,8,2,0,0,0.0,0,1,0,1.4591479170272448,1.052724170706364,0,0,0,3,3,1
31,23,0,3,0,0,0.0,0,2,0,1.4591479170272448,0.5541624136286749,0,0,0,2,7,1
37,20,10,3,0,0,0.0,0,1,0,1.4056390622295665,0.4363953149850202,0,0,0,4,8,1
107,19,81,2,1,17,0.1588785046728972,0,1,0,1.2916919971380596,0.6074955443563222,0,0,0,10,5,1
28,15,1,1,0,3,0.10714285714285714,0,0,0,1.4591479170272448,0.9925213053672121,0,0,0,3,7,0
50,32,10,2,0,0,0.0,0,0,0,1.4591479170272448,0.5042708664019162,1,0,0,3,7,1
38,30,1,2,0,0,0.0,0,1,0,1.4591479170272448,0.6600989736991343,0,0,0,3,9,1
40,11,22,1,0,0,0.0,0,0,0,1.5487949406953985,0.6962656047747445,0,0,0,5,3,1
61,13,41,1,3,5,0.08196721311475409,0,0,0,1.617189572592715,0.520757258625007,0,0,0,6,3,0
74,13,53,4,1,0,0.0,0,1,0,1.7169171866886992,0.23513268709593393,1,1,0,9,3,1
56,16,32,3,4,0,0.0,0,1,0,1.867633890971212,0.4351718291482359,0,0,0,3,4,0
107,19,81,2,1,16,0.14953271028037382,0,1,0,1.2916919971380596,0.5698822832486603,0,0,0,10,5,1
33,17,1,2,0,4,0.12121212121212122,0,1,0,2.1556390622295662,1.11567881526294,0,0,0,3,3,0
32,24,1,2,0,0,0.0,0,1,0,1.4591479170272448,0.4853508586665537,0,0,0,3,6,0
50,16,27,3,0,4,0.08,0,0,0,1.4056390622295665,0.6563852294229444,0,0,0,4,6,1
47,13,27,3,0,0,0.0,0,1,0,1.295461844238322,0.6346183461587193,0,0,0,6,4,1
66,17,42,2,4,4,0.06060606060606061,0,1,0,1.7841591278514217,0.4202597092555043,0,0,0,5,4,0
27,19,1,2,0,0,0.0,0,1,0,1.4591479170272448,0.6380638635397948,0,0,0,3,5,0
57,22,28,3,1,0,0.0,0,1,0,1.6854752972273344,0.3266341832761164,0,0,0,5,6,1
54,14,33,3,0,11,0.2037037037037037,1,0,0,1.617189572592715,1.2343117757347044,0,1,0,6,0,1
26,18,1,2,0,0,0.0,0,1,0,1.4591479170272448,0.7289646121367609,0,0,0,3,6,1
17,10,0,1,0,0,0.0,0,0,0,1.5,0.9611463221634876,0,0,0,2,3,0
132,30,41,5,5,24,0.18181818181818182,0,1,0,2.4198513730338043,0.6315213932771593,0,0,0,7,13,1
34,25,1,2,0,0,0.0,0,1,0,1.4591479170272448,0.2932547120520022,0,0,0,3,8,0
46,14,25,1,0,0,0.0,0,0,0,1.1488348542809166,0.5835071172104783,0,0,0,5,6,0
20,11,1,2,0,0,0.0,0,1,0,1.4591479170272448,0.8068766987483706,0,0,0,3,2,0
23,16,0,1,0,0,0.0,0,0,0,1.5,0.7635630351055753,0,0,0,2,7,0
40,14,19,1,0,0,0.0,0,0,0,1.2516291673878228,0.5227984774634353,0,0,0,4,5,0
230,23,34,3,1,92,0.4,0,1,0,2.8709505944546687,1.5411716747345763,2,0,0,6,9,1
48,18,22,2,0,0,0.0,0,1,0,1.3787834934861753,0.44557928263165253,0,0,0,4,5,0
19,10,1,1,0,0,0.0,0,0,0,1.3709505944546687,0.6552765060019028,0,0,0,3,4,0
103,15,81,1,1,17,0.1650485436893204,0,0,0,1.1451104143815827,0.6843621225779317,0,0,0,10,5,1
22,14,1,3,0,0,0.0,0,2,0,1.4488156357251847,0.852292477582372,0,0,0,3,4,0
23,14,1,2,0,0,0.0,0,1,0,1.4591479170272448,0.7181432114723139,0,0,0,3,4,1
51,16,27,1,1,0,0.0,0,0,0,1.4466166676282082,0.3978371278989123,0,0,0,6,7,1
45,10,28,2,0,2,0.044444444444444446,0,0,0,1.2987949406953985,0.45182454488656687,0,0,0,5,3,1
30,21,1,2,0,0,0.0,0,1,0,1.4591479170272448,0.583208780641289,0,0,0,3,6,0
33,26,0,1,3,1,0.030303030303030304,0,0,0,1.8423709931771084,0.8200727547249395,0,0,0,2,7,1
69,26,36,3,4,0,0.0,0,1,0,1.867633890971212,0.47718676666621673,0,0,0,3,7,0
33,20,1,2,0,0,0.0,0,1,0,2.4464393446710155,1.0540518256839246,0,0,0,3,5,0
49,12,30,3,0,0,0.0,0,1,0,1.295461844238322,0.5503418796461296,0,0,0,6,1,0
47,35,1,2,3,1,0.02127659574468085,0,1,0,2.4130884364257574,0.6334443260512861,0,2,0,3,9,1
50,24,19,3,0,0,0.0,0,2,0,1.3516441151533924,0.5175564366551207,0,0,0,5,9,0
29,20,1,2,0,2,0.06896551724137931,0,1,0,1.4591479170272448,0.9347507473620636,0,0,0,3,6,1
58,17,33,3,0,3,0.05172413793103448,0,1,0,1.4056390622295665,0.808155043423691,0,0,0,4,4,1
75,12,33,2,1,0,0.0,0,0,1,2.5239860659612976,1.0588222336219986,0,0,0,8,3,1
31,24,0,2,0,1,0.03225806451612903,0,1,0,1.5219280948873621,0.6035404806519091,0,0,0,2,8,0
73,40,26,5,2,0,0.0,0,3,1,2.054585169337799,0.8415969845617766,1,2,0,3,14,1
53,16,19,3,0,2,0.03773584905660377,0,1,0,2.3709505944546687,0.5264895197468725,0,0,0,3,3,1
104,28,69,4,1,24,0.23076923076923078,0,2,0,1.6258145836939115,0.81926478602279,1,0,0,6,7,1
98,26,65,2,2,27,0.2755102040816326,0,1,0,1.483831706844689,0.8056668132635924,0,0,0,9,9,1
35,12,16,2,0,0,0.0,0,1,0,1.3787834934861753,0.628405507118726,0,0,0,4,2,0
34,26,1,2,0,0,0.0,0,1,0,1.4591479170272448,0.4438320860652143,0,0,0,3,10,0
103,35,60,4,5,6,0.05825242718446602,0,2,0,1.8256051990169437,0.3340630695692186,0,0,0,5,10,0
66,10,49,2,0,29,0.4393939393939394,0,0,0,0.9463729359854419,1.7693016489917668,0,0,0,11,2,1
25,17,1,2,0,0,0.0,0,1,0,1.4591479170272448,1.0023014451552796,0,0,0,3,3,0
44,30,7,2,2,9,0.20454545454545456,0,1,0,1.9056390622295665,0.960479707656817,0,0,0,3,6,1
17,8,1,1,0,0,0.0,0,0,0,1.3709505944546687,1.0769335504354398,0,0,0,3,3,0
36,28,1,4,0,9,0.25,0,3,0,1.4056390622295665,1.4927642110433803,0,0,0,3,4,1
54,17,30,1,3,0,0.0,0,0,0,1.7527152789797047,0.6716507722544385,0,0,0,4,6,0
128,50,20,4,1,16,0.125,0,3,0,2.7550576199383077,0.7938724403072027,3,2,0,5,17,1
62,22,33,2,1,0,0.0,0,1,0,1.4182958340544896,0.27063745179334486,0,0,0,8,7,1
34,26,1,2,2,0,0.0,0,1,0,1.9056390622295665,0.6132343625049353,0,0,0,3,9,0
159,14,51,2,0,43,0.27044025157232704,0,0,0,2.25,1.0950276259514666,0,0,0,8,5,1
39,31,1,2,1,4,0.10256410256410256,0,1,0,1.8423709931771084,0.8362003230030821,0,0,0,3,8,1
28,21,0,2,1,0,0.0,0,1,0,1.9182958340544896,0.5132765421854274,0,0,0,2,7,0
102,6,9,3,0,37,0.3627450980392157,0,0,0,2.8655768552072485,1.7883346935730102,0,0,0,3,1,1
65,13,44,2,5,0,0.0,0,1,0,1.7841591278514217,0.3440273895713702,0,0,0,4,3,0
94,28,59,3,1,22,0.23404255319148937,0,2,0,1.617189572592715,0.8667708481360128,1,0,0,6,7,1
44,23,14,4,0,1,0.022727272727272728,0,2,0,1.7527152789797047,0.6466031791898795,0,0,0,3,6,1
28,20,1,2,0,0,0.0,0,1,0,1.4591479170272448,0.6783928803417721,0,0,0,3,7,1
30,21,1,2,1,0,0.0,0,1,0,1.8423709931771084,0.4292277375213593,0,0,0,3,5,0
26,17,1,2,0,0,0.0,0,1,0,1.4591479170272448,0.9765525827614809,0,0,0,3,5,0
21,13,1,2,0,0,0.0,0,1,0,1.4591479170272448,0.9863144395484703,0,0,0,3,3,0
34,25,1,2,0,0,0.0,0,1,0,1.4591479170272448,0.4080942588766635,0,0,0,3,7,0
81,12,62,4,0,7,0.08641975308641975,0,1,0,1.4716022614097979,0.5495884667421652,0,0,0,9,2,0
552,25,54,5,24,198,0.358695652173913,0,1,0,2.7305788433551066,1.3853847575793337,1,0,0,5,9,0
52,25,1,5,0,3,0.057692307692307696,0,3,1,1.9717472571281809,1.4424946489026313,0,0,0,3,4,1
26,17,1,2,1,0,0.0,0,1,0,1.8423709931771084,0.7959351263015798,0,0,0,3,3,0
32,14,10,2,0,2,0.0625,0,1,0,1.2987949406953985,1.053672034863515,0,0,0,5,3,1
52,35,10,3,0,0,0.0,0,1,0,1.4488156357251847,0.529440730556376,1,0,0,3,14,1
32,24,1,2,0,2,0.0625,0,1,0,1.4591479170272448,0.8845100240342967,0,0,0,3,3,1
131,54,20,5,1,16,0.12213740458015267,0,4,0,2.723219672335508,0.6675706450310416,3,2,0,5,17,1
26,17,1,1,0,0,0.0,0,0,0,1.3709505944546687,1.1671798916939806,0,0,0,3,5,0
30,13,10,3,0,10,0.3333333333333333,1,0,0,1.4056390622295665,1.93724328401494,0,0,0,4,0,1
29,21,1,2,0,0,0.0,0,1,0,1.4591479170272448,0.5636816631262087,0,0,0,3,5,1
133,95,1,10,2,5,0.03759398496240601,0,8,1,1.949137865273585,0.6815558667782204,0,0,0,3,25,1
45,18,20,2,0,0,0.0,0,1,0,1.3787834934861753,0.3503219067592296,0,0,0,4,5,0
54,20,26,2,0,5,0.09259259259259259,0,1,0,1.224394445405986,0.7603515554903995,2,0,0,6,3,1
36,27,1,3,0,0,0.0,0,2,0,1.4488156357251847,0.5484289040608824,0,0,0,3,6,0
130,13,110,3,5,14,0.1076923076923077,0,1,0,1.8427376486136673,0.3672158539827431,0,0,0,10,3,0
102,64,10,4,3,11,0.10784313725490197,0,2,0,2.5868878409958134,0.7828252157447727,0,0,0,3,16,1
72,23,42,3,4,5,0.06944444444444445,0,1,0,1.867633890971212,0.41956478123532226,0,0,0,3,8,0
127,50,19,4,1,25,0.1968503937007874,0,3,0,2.794653473544342,0.9806009742811757,3,2,0,4,17,1
42,34,1,2,0,2,0.047619047619047616,0,1,0,1.4591479170272448,0.5662154648182083,0,0,0,3,9,1
16,7,1,1,0,0,0.0,0,0,0,1.3709505944546687,1.002116295592969,0,0,0,3,1,0
28,20,1,2,0,0,0.0,0,1,0,1.4591479170272448,0.3591067244318229,0,0,0,3,5,0
29,20,1,2,0,0,0.0,0,1,0,1.4591479170272448,0.6488647662875121,0,0,0,3,6,0
118,42,20,4,0,20,0.1694915254237288,0,3,0,2.5941178916311856,0.8767602800686661,3,2,0,5,15,1
84,32,45,2,5,0,0.0,0,1,0,1.760495029766198,0.42775887383235456,0,0,0,5,9,0
96,7,1,2,1,8,0.08333333333333333,0,0,0,2.8895494308620875,1.004168464964438,0,0,0,3,2,1
25,16,1,2,0,0,0.0,0,1,0,1.4591479170272448,0.5788527352973339,0,0,0,3,5,0
68,22,38,2,0,16,0.23529411764705882,0,1,0,1.3787834934861753,1.0096779952116952,0,0,0,4,9,1
33,24,1,2,0,0,0.0,0,1,0,1.4591479170272448,0.531222711604851,0,0,0,3,7,0
61,30,24,3,0,8,0.13114754098360656,0,1,0,1.8954618442383218,0.7205655235773847,0,0,0,3,10,1
69,26,36,1,1,0,0.0,0,0,0,1.3567796494470397,0.3065739426894681,0,0,0,7,10,1
132,32,92,2,1,15,0.11363636363636363,0,1,0,2.0131324651707385,0.4625375645327279,0,0,0,7,7,1
76,50,19,4,1,11,0.14473684210526316,0,3,0,1.721928094887362,0.7143850850025513,2,2,0,4,17,1
22,13,1,2,0,0,0.0,0,1,0,1.4591479170272448,0.8384534583962702,0,0,0,3,3,0
121,37,77,4,1,19,0.15702479338842976,0,2,0,1.5216406363433184,0.6119538363604369,0,0,0,8,11,1
59,17,34,2,4,0,0.0,0,1,0,1.823067982273661,0.2554516060494276,0,0,0,4,4,0
47,39,1,4,2,4,0.0851063829787234,0,3,0,1.8464393446710154,0.5140412838954834,0,0,0,3,9,1
54,17,29,2,0,10,0.18518518518518517,0,1,0,1.4591479170272448,0.9261619772957128,0,0,0,3,4,1
112,25,79,2,13,7,0.0625,0,1,0,1.4534909080039502,0.38049575325025514,0,0,0,5,7,0
64,23,34,3,0,0,0.0,0,1,0,1.6854752972273344,0.32879731000794554,0,0,0,5,9,1
40,19,14,2,1,0,0.0,0,1,0,1.8423709931771084,0.33556493463906706,0,0,0,3,6,0
46,17,21,3,1,0,0.0,0,2,0,1.7527152789797047,0.7654664558346561,0,0,0,4,3,1
89,11,71,2,6,0,0.0,0,0,0,1.7381493331928664,0.49612545072218234,0,0,0,4,4,0
132,25,90,2,1,7,0.05303030303030303,0,1,0,2.4164997849817103,0.38083038208205633,0,0,0,7,6,1
254,29,8,3,1,46,0.18110236220472442,0,1,0,2.5949066182439395,0.8959985545754405,0,0,0,3,4,1
28,21,0,2,0,0,0.0,0,1,0,1.5219280948873621,0.7224831774377982,0,0,0,2,7,0
46,7,31,2,0,4,0.08695652173913043,0,0,0,1.5709505944546687,0.7094526859237243,0,0,0,6,2,0
44,22,14,2,0,0,0.0,0,0,0,1.3787834934861753,0.5288781429649633,0,0,0,4,9,1
19,10,1,1,0,0,0.0,0,0,0,1.3709505944546687,1.0156671059112756,0,0,0,3,2,0
32,21,4,1,0,0,0.0,0,0,0,1.3709505944546687,0.5467123551213959,0,0,0,3,6,0
89,20,62,4,1,8,0.0898876404494382,0,2,0,1.7169171866886992,0.4168426370509599,0,0,0,9,9,0
124,50,19,4,1,19,0.1532258064516129,0,3,0,2.794653473544342,0.862450593532824,3,2,0,4,17,1
80,13,59,1,7,0,0.0,0,0,0,1.573402452417767,0.4190259853638148,0,0,0,4,3,0
36,17,12,2,0,0,0.0,0,1,0,1.3787834934861753,0.4614129006257489,0,0,0,4,6,1
32,23,1,2,0,3,0.09375,0,1,0,1.4591479170272448,0.800968174362192,0,0,0,3,6,1
24,16,1,2,0,0,0.0,0,1,0,1.4591479170272448,0.7725116864075156,0,0,0,3,3,0
46,15,24,4,0,1,0.021739130434782608,0,1,0,1.360964047443681,0.7622822352622451,0,0,0,5,2,1
20,12,1,2,0,0,0.0,0,1,0,1.4591479170272448,1.0006482319161827,0,0,0,3,2,0
48,20,20,3,0,6,0.125,0,1,0,1.4056390622295665,0.7019262614810438,0,0,0,4,6,0
45,36,1,2,2,0,0.0,0,1,0,1.9056390622295665,0.3930076542200877,0,0,0,3,13,1
35,27,1,2,0,0,0.0,0,1,0,1.4591479170272448,0.4813798187309547,0,0,0,3,7,0
62,14,41,3,3,5,0.08064516129032258,0,1,0,1.8954618442383218,0.4546623816651083,0,0,0,3,3,0
28,20,1,2,0,1,0.03571428571428571,0,1,0,1.4591479170272448,0.6876208131171412,0,0,0,3,5,0
40,13,20,2,1,1,0.025,0,1,0,1.75,0.4573633515706052,0,0,0,4,2,0
57,39,10,4,3,1,0.017543859649122806,0,2,0,1.867633890971212,0.29840854621734914,0,2,0,3,12,1
46,38,1,2,0,0,0.0,0,1,0,1.4591479170272448,0.5416838093365364,0,0,0,3,14,0
45,36,1,3,0,0,0.0,0,2,0,1.4488156357251847,0.5228058256852615,0,0,0,3,9,1
69,23,39,2,1,8,0.11594202898550725,0,1,0,1.4182958340544896,1.0367072620554725,0,0,0,8,7,1
43,15,6,2,0,5,0.11627906976744186,0,1,0,2.1556390622295662,1.210886857839815,0,0,0,3,5,0
60,25,28,3,1,0,0.0,0,1,0,1.6854752972273344,0.2149973785424344,0,0,0,5,6,1
36,13,15,1,0,0,0.0,0,0,0,1.2516291673878228,0.4575417095823212,0,0,0,4,3,0
32,23,1,2,0,0,0.0,0,1,0,1.4591479170272448,0.6129048473101301,0,0,0,3,7,0
94,20,4,3,0,7,0.07446808510638298,0,1,0,2.5220552088742005,0.7464076418059997,0,0,0,4,6,1
54,38,9,5,2,0,0.0,0,3,0,1.789929075309999,0.5482911775134419,0,0,0,3,12,1
50,19,23,1,0,0,0.0,0,0,0,1.1488348542809166,0.368153619615256,0,0,0,5,6,1
41,24,10,3,0,0,0.0,0,2,0,1.4488156357251847,0.38486914676379175,0,0,0,3,6,0
24,15,1,2,0,0,0.0,0,1,0,1.4591479170272448,0.9444061827688558,0,0,0,3,3,0
35,27,1,2,1,0,0.0,0,1,0,1.8423709931771084,0.5650414611083874,0,0,0,3,8,1
28,20,1,2,0,7,0.25,0,1,0,1.4591479170272448,1.2996357403898757,0,0,0,3,3,1
149,32,12,5,0,18,0.12080536912751678,0,3,0,2.287783719941071,0.7191365014984322,0,0,0,3,9,1
35,13,10,4,0,14,0.4,1,0,0,1.5304930567574826,2.1238304038353863,0,0,0,3,0,1
80,34,39,3,8,0,0.0,0,1,0,1.672905595320056,0.37918632197209895,0,0,0,3,10,0
84,19,58,3,3,4,0.047619047619047616,0,1,0,1.7244078178625923,0.25368312124555165,0,0,0,7,6,0
72,14,10,4,1,4,0.05555555555555555,0,1,0,2.5232314287976205,0.7540733384830786,0,0,0,3,2,0
69,11,51,1,5,0,0.0,0,0,0,1.6767370300521325,0.45959243461523136,0,0,0,4,4,0
42,33,1,2,1,3,0.07142857142857142,0,1,0,1.8423709931771084,0.5878853126164229,0,0,0,3,10,1
71,22,42,3,0,0,0.0,0,1,0,1.8464393446710154,0.34787296989040206,0,0,0,4,7,0
78,24,47,2,8,0,0.0,0,1,0,1.6493974703476992,0.3934116311334264,0,0,0,5,6,0
102,14,80,4,7,13,0.12745098039215685,0,1,0,1.7393538721672008,0.42606150057389647,0,0,0,8,3,0
37,28,1,3,0,0,0.0,0,2,0,1.4488156357251847,0.4572349110921029,0,0,0,3,9,0
28,21,0,2,0,5,0.17857142857142858,0,1,0,1.5219280948873621,0.9993573203772123,0,0,0,2,6,1
56,15,34,2,0,0,0.0,0,0,0,1.0957952550009336,0.5795614434312836,0,0,0,8,5,1
25,16,1,3,0,5,0.2,0,2,0,1.4488156357251847,1.2519342872437313,0,0,0,3,3,0
40,19,14,2,0,0,0.0,0,1,0,1.8423709931771084,0.43976974834823634,0,0,0,3,5,0
85,10,67,2,2,15,0.17647058823529413,0,0,0,1.6858157091530304,0.6261213533416747,0,0,0,6,4,1
43,34,1,2,0,0,0.0,0,1,0,1.4591479170272448,0.6463522376013465,0,0,0,3,11,1
62,28,27,3,1,0,0.0,0,1,0,1.6854752972273344,0.48267216308931143,0,0,0,5,7,1
77,23,47,1,0,21,0.2727272727272727,0,0,0,1.1488348542809166,0.9855935962956446,0,0,0,5,8,1
106,19,80,2,1,16,0.1509433962264151,0,1,0,1.3520301017579528,0.5739367495349256,0,0,0,9,5,1
71,16,48,2,0,0,0.0,0,1,0,1.9591479170272446,0.4179693237067992,0,0,0,6,4,0
52,24,21,3,0,0,0.0,0,1,0,1.7527152789797047,0.33283575589160597,0,0,0,4,7,0
33,12,14,2,0,0,0.0,0,0,0,1.3787834934861753,0.6648351043009921,0,0,0,4,5,1
25,14,4,1,0,0,0.0,0,0,0,1.2516291673878228,0.6698168770442252,0,0,0,4,6,1
39,31,1,2,1,0,0.0,0,1,0,1.8423709931771084,0.3098627844192949,0,0,0,3,11,1
25,16,1,2,0,0,0.0,0,1,0,1.4591479170272448,0.6531736795395138,0,0,0,3,7,0
47,13,27,2,0,0,0.0,0,0,0,1.224394445405986,0.5335818767660976,0,0,0,6,5,1
28,19,1,2,0,0,0.0,0,1,0,1.4591479170272448,0.6355911386219658,0,0,0,3,8,0
40,32,1,2,0,6,0.15,0,1,0,1.4591479170272448,0.7461648988009929,0,0,0,3,7,1
28,21,0,2,0,0,0.0,0,1,0,1.5219280948873621,0.6784137941889157,0,0,0,2,6,1
69,18,40,2,2,0,0.0,0,0,0,1.8810947601100747,0.49647095533443014,0,0,0,7,6,1
133,13,91,1,2,5,0.03759398496240601,0,0,0,2.392277173072062,0.48375584166127006,1,0,0,12,4,1
43,17,19,3,2,0,0.0,0,2,0,1.8910611120726526,0.47988852547274446,0,0,0,3,4,0
27,18,1,3,0,0,0.0,0,2,0,1.4488156357251847,0.7160714442148668,0,0,0,3,5,0
46,16,14,2,0,0,0.0,0,0,0,1.8423709931771084,0.45467691391784015,1,0,0,3,6,1
50,23,20,3,0,0,0.0,0,2,0,1.617189572592715,0.4435080574006607,0,1,0,6,5,1
37,13,16,1,0,1,0.02702702702702703,0,0,0,1.1488348542809166,0.8306379288324266,0,1,0,5,3,1
462,26,59,5,2,195,0.42207792207792205,0,1,0,2.0300872246321315,2.0068288780349297,0,0,0,9,6,1
54,10,37,2,1,0,0.0,0,0,0,1.657742726504889,0.32521913712961176,0,0,0,5,4,1
68,19,19,3,0,0,0.0,0,1,0,2.6258145836939115,0.5080089214777543,0,0,0,3,6,0
29,21,1,3,0,6,0.20689655172413793,0,2,0,1.4488156357251847,1.2935765820801766,0,2,0,3,5,1
45,24,14,2,0,6,0.13333333333333333,0,1,0,1.3787834934861753,0.7547315460233527,0,0,0,4,11,0
66,25,34,2,1,0,0.0,0,1,0,1.8676338909712122,0.272912497692569,0,0,0,6,7,1
53,18,28,2,3,4,0.07547169811320754,0,1,0,1.8464393446710154,0.5283791021613364,0,0,0,4,5,0
76,17,52,1,1,0,0.0,0,0,0,1.207518749639422,0.29503276253301564,0,0,0,9,7,1
20,4,8,1,0,1,0.05,0,0,0,1.3709505944546687,1.05589196743828,0,0,0,3,0,1
47,38,1,4,2,0,0.0,0,3,0,1.8464393446710154,0.5684042984375112,0,0,0,3,12,1
71,17,46,2,2,15,0.2112676056338028,0,1,0,1.7609640474436812,0.9645352163794227,0,0,0,5,6,0
41,16,18,3,0,7,0.17073170731707318,0,2,0,1.4056390622295665,0.7608825923008767,0,2,0,4,5,0
66,26,1,2,1,7,0.10606060606060606,0,1,0,2.4193819456463714,0.5767532783150184,0,0,0,3,10,0
26,18,1,2,0,0,0.0,0,1,0,1.4591479170272448,0.6448380902441586,0,0,0,3,5,0
37,17,12,2,0,6,0.16216216216216217,0,1,0,1.3787834934861753,0.8692159082772175,0,0,0,4,5,0
123,17,61,5,1,0,0.0,0,0,1,2.080482023721841,0.48812710701853085,0,0,0,10,7,1
36,27,1,2,0,1,0.027777777777777776,0,1,0,1.4591479170272448,0.6395532558182162,0,0,0,3,9,1
33,8,18,1,0,0,0.0,0,0,0,1.1488348542809166,0.5997982929357337,0,0,0,5,3,1
49,31,11,2,1,7,0.14285714285714285,0,1,0,1.657742726504889,1.0106188035608195,0,0,0,5,5,1
139,27,95,2,3,10,0.07194244604316546,0,1,0,2.5274955437916096,0.4482716916695101,0,0,0,7,8,1
62,14,41,2,2,0,0.0,0,0,0,1.6140054628542204,0.33725473620181284,0,0,0,7,4,1
63,18,37,3,0,2,0.031746031746031744,0,1,0,1.617189572592715,0.399239144021199,0,0,0,6,6,1
108,25,24,2,4,24,0.2222222222222222,0,1,0,2.524397470347699,0.7835646474776656,1,0,0,5,9,1
54,22,25,4,0,0,0.0,0,2,0,1.3221793455166666,0.6141496477273244,0,0,0,6,8,1
46,37,1,4,2,6,0.13043478260869565,0,3,0,1.8464393446710154,0.6349096655224197,0,0,0,3,8,1
38,16,15,2,0,0,0.0,0,0,0,1.3787834934861753,0.6371380869289114,0,0,0,4,5,1
27,20,0,2,0,0,0.0,0,1,0,1.5219280948873621,0.7784197272632829,0,0,0,2,5,0
21,13,1,2,0,0,0.0,0,1,0,1.4591479170272448,0.8559893448649496,0,0,0,3,1,0
319,16,22,4,8,113,0.3542319749216301,0,1,0,2.7702834614222898,1.575553685169853,0,0,0,6,5,1
29,22,0,2,0,0,0.0,0,1,0,1.5219280948873621,0.7626963589031527,0,0,0,2,6,0
56,22,26,3,0,0,0.0,0,1,0,1.7527152789797047,0.3446478210042353,0,0,0,4,8,0
56,15,34,3,1,0,0.0,0,1,0,1.617189572592715,0.4609307947466699,0,0,0,6,6,1
22,13,1,2,0,1,0.045454545454545456,0,1,0,1.4591479170272448,1.0786752310908547,0,0,0,3,2,1
79,13,58,3,1,11,0.13924050632911392,0,1,0,1.3752793655393791,0.7155714688912865,1,0,0,10,2,1
35,10,18,3,0,1,0.02857142857142857,0,1,0,1.4056390622295665,0.7683126307263697,0,0,0,4,3,1
38,31,0,2,0,0,0.0,0,1,0,1.5219280948873621,0.6280005603859108,0,0,0,2,10,1
37,10,19,2,2,0,0.0,0,1,0,1.9056390622295665,0.6502565423771745,0,0,0,3,3,1
51,31,13,2,0,5,0.09803921568627451,0,1,0,1.3787834934861753,0.6928262356588387,0,0,0,4,10,1
183,22,19,4,1,15,0.08196721311475409,0,1,0,2.8112414074633327,1.0357243787631596,0,0,0,5,7,1
109,15,87,2,11,11,0.10091743119266056,0,1,0,1.4516607643577666,0.4852526270118357,0,0,0,3,4,0
39,31,1,6,1,1,0.02564102564102564,0,5,0,1.617189572592715,0.8614687831525487,0,0,0,3,7,1
51,11,33,3,1,2,0.0392156862745098,0,1,0,1.6854752972273344,0.337491330550015,0,0,0,5,2,0
30,22,1,2,0,0,0.0,0,1,0,1.4591479170272448,0.7949649718621952,0,0,0,3,6,0
43,29,7,2,0,0,0.0,0,1,0,1.3787834934861753,0.5303999297699252,0,0,0,4,8,0
23,11,4,1,0,1,0.043478260869565216,0,0,0,1.3709505944546687,0.7287785843448187,0,0,0,3,3,0
129,54,20,5,1,22,0.17054263565891473,0,4,0,2.723219672335508,0.8554191803701326,3,2,0,5,17,1
32,24,1,2,0,0,0.0,0,1,0,1.4591479170272448,0.39646412028167116,0,0,0,3,7,0
53,22,23,3,2,0,0.0,0,1,0,1.8464393446710154,0.18800788641246372,0,0,0,4,6,0
37,28,1,2,0,4,0.10810810810810811,0,1,0,1.4591479170272448,0.71464464801194,0,0,0,3,7,1
38,13,17,3,0,3,0.07894736842105263,0,1,0,1.3516441151533924,0.7128563492500215,0,0,0,5,2,1
39,30,1,2,0,0,0.0,0,1,0,1.4591479170272448,0.5404219764278754,0,0,0,3,10,0
50,42,1,3,3,1,0.02,0,2,0,1.8954618442383218,0.3749133484543847,0,0,0,3,10,1
81,27,47,2,0,18,0.2222222222222222,0,1,0,1.2987949406953985,0.8683129165103346,0,0,0,5,8,1
43,16,19,3,0,0,0.0,0,1,0,2.0464393446710156,0.701472358953268,0,0,0,4,7,0
89,19,62,1,5,2,0.02247191011235955,0,0,0,1.6143308351592656,0.44573101211905136,0,0,0,6,7,0
62,21,33,2,1,8,0.12903225806451613,0,1,0,1.4911148500551856,0.4335037640529949,0,0,0,7,5,0
52,14,31,3,0,2,0.038461538461538464,0,1,0,1.6854752972273344,0.4275162818107492,0,0,0,5,4,1
64,14,43,1,8,10,0.15625,0,0,0,1.4885252948977485,0.6287790451487085,0,0,0,3,5,0
29,21,1,2,1,0,0.0,0,1,0,1.8423709931771084,0.416167110979624,0,0,0,3,6,0
48,21,15,3,0,2,0.041666666666666664,0,1,0,2.0464393446710156,0.6140022816723225,0,0,0,4,5,0
50,16,26,2,0,0,0.0,0,1,0,2.3685225277282065,0.698938304308713,0,0,0,4,7,0
32,11,13,1,1,0,0.0,0,0,0,1.792481250360578,0.3708336566617872,0,0,0,3,3,1
51,22,22,2,0,0,0.0,0,1,0,1.1567796494470395,0.4913273503338038,1,0,0,7,8,1
52,34,11,5,0,4,0.07692307692307693,0,3,0,1.3516441151533924,0.6693631471847097,1,0,0,3,7,1
45,16,21,2,0,0,0.0,0,1,0,1.8464393446710154,0.5941784399058708,0,0,0,4,7,0
32,25,0,2,0,2,0.0625,0,1,0,1.5219280948873621,0.6712037903353002,0,0,0,2,7,1
41,16,17,2,0,0,0.0,0,1,0,1.75,0.46365211026575315,0,0,0,4,7,0
33,24,1,2,0,0,0.0,0,1,0,1.4591479170272448,0.3598894716954235,0,0,0,3,7,0
64,36,21,5,2,3,0.046875,0,3,0,1.760495029766198,0.49115012878704145,1,0,0,5,9,1
32,16,9,3,1,0,0.0,0,1,0,1.811278124459133,0.7657906715260553,0,0,0,3,3,0
28,19,1,4,0,0,0.0,0,3,0,1.4056390622295665,0.7994167404837141,0,0,0,3,5,0
48,16,25,1,3,0,0.0,0,0,0,1.7527152789797047,0.3508340200701316,0,0,0,4,5,0
40,31,1,2,0,4,0.1,0,1,0,1.4591479170272448,0.71004269562278,0,0,0,3,7,1
95,18,3,4,1,7,0.07368421052631578,0,1,1,2.469670487371862,0.9563263591113941,0,0,0,4,4,1
115,15,93,1,10,10,0.08695652173913043,0,0,0,1.4652556501132248,0.4453879847249834,0,0,0,7,4,0
32,23,1,2,0,0,0.0,0,1,0,1.4591479170272448,0.4388010034578066,0,0,0,3,6,0
629,20,602,2,8,108,0.17170111287758347,0,1,0,2.0018228256222304,0.9570019337621495,0,0,0,4,9,1
36,12,17,2,0,7,0.19444444444444445,0,1,0,1.2987949406953985,0.9852602078397266,0,0,0,5,2,0
56,26,23,2,1,0,0.0,0,1,0,1.75,0.31082908982660246,0,0,0,4,7,0
86,15,64,3,4,8,0.09302325581395349,0,1,0,1.7028195311147831,0.4706524320033801,0,0,0,8,5,0
52,18,7,2,0,0,0.0,0,1,0,2.4464393446710155,0.6797523924902472,0,0,0,3,5,0
42,20,15,2,0,0,0.0,0,1,0,1.4591479170272448,0.4403622985538891,0,0,0,3,8,0
40,16,17,1,0,0,0.0,0,0,0,1.1488348542809166,0.4906170440499707,0,0,0,5,5,1
263,214,42,13,0,51,0.19391634980988592,0,11,1,1.3630083113425158,0.7800539159867987,0,0,1,6,29,1
57,44,1,4,0,3,0.05263157894736842,0,3,0,1.5304930567574826,0.47548202693295943,0,0,0,3,14,1
21,14,0,2,0,0,0.0,0,1,0,1.5219280948873621,0.8318826700581081,0,0,0,2,2,0
71,35,29,2,1,10,0.14084507042253522,0,1,0,2.0588138903312014,0.7156074101909667,0,0,0,4,12,1
115,23,84,2,8,8,0.06956521739130435,0,1,0,1.633731420642133,0.4388831248652859,0,0,0,7,8,0
39,9,13,2,0,2,0.05128205128205128,0,0,0,2.1556390622295662,0.9058629197232544,0,0,0,3,1,1
38,18,12,2,0,0,0.0,0,1,0,1.3787834934861753,0.41071589217782317,0,0,0,4,5,0
65,16,41,2,0,0,0.0,0,1,0,2.3158243335257076,0.6647707052474707,0,0,0,4,7,0
26,18,1,2,1,0,0.0,0,1,0,1.8423709931771084,0.6542971778640435,0,0,0,3,4,0
107,27,73,7,6,4,0.037383177570093455,0,0,0,1.7883763717345071,0.29944065955001503,1,0,0,6,9,1
35,17,10,2,0,0,0.0,0,1,0,1.3787834934861753,0.4830003441649548,0,0,0,4,4,0
42,20,14,3,0,2,0.047619047619047616,0,1,0,1.4488156357251847,0.5754006435549013,0,0,0,3,7,1
33,25,1,2,0,0,0.0,0,1,0,1.4591479170272448,0.6043732198792514,0,0,0,3,6,0
119,42,20,4,0,26,0.2184873949579832,0,3,0,2.5941178916311856,0.9875265282491181,3,2,0,5,15,1
72,23,42,3,1,2,0.027777777777777776,0,1,0,2.221251836004466,0.36385375288477534,0,0,0,5,6,0
22,13,1,2,0,1,0.045454545454545456,0,1,0,1.4591479170272448,1.4012051855320171,0,0,0,3,1,1
30,22,1,2,0,0,0.0,0,1,0,1.4591479170272448,0.7246713544595988,0,0,0,3,5,0
48,41,0,4,0,0,0.0,0,3,0,1.3787834934861753,0.4895187375009832,0,0,0,2,13,1
78,69,1,4,2,9,0.11538461538461539,0,3,0,1.8464393446710154,0.845497897257971,0,0,0,3,11,1
27,19,1,2,0,0,0.0,0,1,0,1.4591479170272448,0.6073422537242826,0,0,0,3,5,0
53,14,19,2,0,4,0.07547169811320754,0,1,0,2.0588138903312014,0.534848901863577,0,0,0,4,3,0
115,42,19,4,0,16,0.1391304347826087,0,3,0,2.577819531114783,0.8871399607487594,3,2,0,4,15,1
37,29,1,4,0,0,0.0,0,3,0,1.4056390622295665,0.7543256295016368,0,0,0,3,8,1
73,11,55,1,5,6,0.0821917808219178,0,0,0,1.650022421648354,0.5650713314735605,0,0,0,5,4,0
38,30,1,2,0,0,0.0,0,1,0,1.4591479170272448,0.46410110215368017,0,0,0,3,10,0
78,23,47,2,4,5,0.0641025641025641,0,1,0,1.7841591278514217,0.4899391155148581,0,2,0,5,7,0
64,12,45,2,0,0,0.0,0,0,0,1.224394445405986,0.3523106417126418,0,0,0,6,3,0
122,20,26,2,0,14,0.11475409836065574,0,1,0,2.7603136973125113,0.8617746824434467,2,0,0,6,9,1
85,13,65,2,0,23,0.27058823529411763,0,1,0,1.0957952550009336,1.018967005832596,0,0,0,8,3,1
51,35,9,5,0,14,0.27450980392156865,0,3,0,1.3516441151533924,1.1632780489258723,0,0,0,3,6,1
46,24,15,2,1,0,0.0,0,1,0,1.75,0.5021029590281799,0,0,0,4,6,0
30,22,1,2,0,0,0.0,0,1,0,1.4591479170272448,0.31227878117748353,0,0,0,3,6,0
41,20,13,3,1,0,0.0,0,1,0,1.811278124459133,0.4130910063938082,0,0,0,3,5,0
51,15,28,3,1,0,0.0,0,1,0,1.7527152789797047,0.4559075973072716,0,0,0,4,3,0
30,22,1,2,0,0,0.0,0,1,0,1.4591479170272448,0.6836928969131579,0,0,0,3,6,0
30,23,0,2,1,0,0.0,0,1,0,1.9182958340544896,0.6178760423775788,0,0,0,2,5,0
79,12,60,4,2,5,0.06329113924050633,0,1,0,1.7381493331928664,0.363577094610572,0,0,0,6,2,1
41,16,17,2,0,0,0.0,0,1,0,1.75,0.4878196386657451,0,0,0,4,7,0
88,19,62,2,3,1,0.011363636363636364,0,0,0,1.5546097612655667,0.32016995339929544,0,0,0,9,8,1
83,18,57,2,9,0,0.0,0,1,0,1.608700165519891,0.41195557718069037,0,0,0,5,4,0
163,39,117,6,0,26,0.15950920245398773,0,4,0,1.2475562489182659,0.6228899408910675,0,2,0,9,11,1
45,8,30,3,1,0,0.0,0,0,0,1.6854752972273344,0.44952747601711734,0,0,0,5,0,1
90,6,1,6,1,14,0.15555555555555556,0,0,0,1.965596230357602,0.7485298657151424,0,0,0,5,1,1
27,19,1,2,0,0,0.0,0,1,0,1.4591479170272448,0.700661466570859,0,0,0,3,6,0
109,17,61,3,1,0,0.0,0,0,1,2.3677441766885825,0.7356731287300834,0,0,0,10,7,1
24,15,1,2,0,0,0.0,0,1,0,1.4591479170272448,0.8251098100119202,0,0,0,3,3,0
65,15,15,2,0,2,0.03076923076923077,0,1,0,2.6062389286533896,0.631745067039491,0,0,0,6,2,1
41,19,15,3,0,0,0.0,0,1,0,1.4056390622295665,0.5364284939863223,0,0,0,4,7,1
57,15,34,3,1,0,0.0,0,1,0,1.617189572592715,0.4688671060684343,0,0,0,6,6,1
26,14,5,2,0,0,0.0,0,1,0,1.3787834934861753,0.4167563899176551,0,0,0,4,3,0
35,28,0,2,0,0,0.0,0,1,0,1.5219280948873621,0.4704731312482367,0,0,0,2,12,0
21,13,1,3,0,10,0.47619047619047616,1,0,0,1.4488156357251847,2.871892983278932,0,0,0,3,0,1
41,13,5,2,0,0,0.0,0,1,0,2.0588138903312014,0.827918292632244,0,0,0,4,4,1
26,18,1,2,0,0,0.0,0,1,0,1.4591479170272448,0.7261231342129786,0,0,0,3,6,1
51,24,20,3,0,0,0.0,0,1,0,1.4488156357251847,0.3549679054136849,0,0,0,3,6,0
43,20,16,2,0,0,0.0,0,1,0,1.3787834934861753,0.6365502528885297,0,0,0,4,6,0
39,30,1,2,1,0,0.0,0,1,0,1.8423709931771084,0.45562429635380636,0,0,0,3,9,1
84,28,48,3,0,4,0.047619047619047616,0,2,0,1.2406705316766884,0.5169294649205965,0,0,0,7,12,1
38,29,1,2,0,5,0.13157894736842105,0,1,0,1.4591479170272448,1.02486397252438,0,0,0,3,4,1
263,20,78,5,0,84,0.3193916349809886,0,1,0,2.280787654949452,1.223007250773273,2,0,0,10,5,1
54,17,30,2,2,5,0.09259259259259259,0,1,0,1.8365916681089791,0.5716656268958974,0,0,0,4,5,1
72,35,29,2,0,0,0.0,0,1,0,1.224394445405986,0.4276809577714794,2,0,0,6,11,1
22,6,9,1,0,2,0.09090909090909091,0,0,0,1.3709505944546687,1.0928979167237831,0,0,0,3,1,1
60,15,38,2,1,7,0.11666666666666667,0,0,0,1.5709505944546687,0.5660186917088648,0,0,0,6,6,0
39,9,22,1,2,0,0.0,0,0,0,1.75,0.5258213478045921,0,0,0,4,3,0
51,18,26,2,0,0,0.0,0,1,0,1.8910611120726526,0.46932934292710576,0,0,0,3,5,0
34,25,1,2,0,0,0.0,0,1,0,1.4591479170272448,0.4191120385836495,0,0,0,3,9,0
39,18,13,2,0,2,0.05128205128205128,0,1,0,1.3787834934861753,0.5130358834775294,0,0,0,4,5,0
547,25,54,5,23,197,0.360146252285192,0,1,0,2.74861252137002,1.3679105431895755,1,0,0,5,9,0
203,9,28,2,0,80,0.39408866995073893,0,0,0,2.5492553971685,1.68490452086643,2,0,0,5,5,1
51,23,14,2,1,0,0.0,0,1,0,2.321928094887362,0.6430885884779427,2,0,0,4,9,1
67,17,7,4,0,3,0.04477611940298507,0,1,0,2.1280852788913944,0.9740571072589392,0,0,0,6,6,0
129,6,9,3,1,22,0.17054263565891473,0,0,0,3.1746742319786425,1.0727698245024504,0,0,0,3,1,1
97,25,64,2,8,6,0.061855670103092786,0,1,0,1.6457113704075783,0.33534642603339265,0,0,0,6,8,0
53,20,26,2,2,0,0.0,0,1,0,1.6858157091530304,0.20272148193687362,0,0,0,6,6,0
38,25,1,2,0,3,0.07894736842105263,0,1,0,2.4464393446710155,0.9217491433648405,0,0,0,3,6,0
27,19,1,2,0,0,0.0,0,1,0,1.4591479170272448,0.712766485632054,0,0,0,3,6,0
81,11,62,3,6,7,0.08641975308641975,0,0,0,1.781937063546704,0.49127536362068475,0,0,0,5,4,0
26,17,1,2,0,0,0.0,0,1,0,1.4591479170272448,0.5407469899569087,0,0,0,3,5,0
80,16,56,3,0,1,0.0125,0,1,0,1.672905595320056,0.45502764557809444,0,0,0,8,3,0
61,18,35,2,4,0,0.0,0,1,0,1.823067982273661,0.5016021053085092,0,0,0,4,5,0
61,29,24,5,1,1,0.01639344262295082,0,3,0,1.9508257945180885,0.42235040267683344,0,0,0,4,8,1
53,28,18,3,1,0,0.0,0,1,0,1.811278124459133,0.3893795370791723,0,0,0,3,8,0
22,14,1,1,1,0,0.0,0,0,0,1.792481250360578,0.9486817226577885,0,0,0,3,4,1
34,17,9,2,0,0,0.0,0,1,0,1.3787834934861753,0.427632024117014,0,0,0,4,4,0
51,21,23,3,4,0,0.0,0,1,0,1.867633890971212,0.5009190515555192,0,0,0,3,6,0
74,19,48,3,1,0,0.0,0,1,0,1.4299111709758698,0.5953224005647605,1,0,0,9,5,1
57,20,30,1,0,2,0.03508771929824561,0,0,0,1.5487949406953985,0.4034540925903874,0,0,0,5,6,1
30,14,9,3,0,11,0.36666666666666664,1,0,0,1.3516441151533924,2.088051914819064,0,0,0,5,0,1
24,15,1,2,1,0,0.0,0,1,0,1.8423709931771084,0.7543869151561499,0,0,0,3,3,0
27,19,1,2,0,0,0.0,0,1,0,1.4591479170272448,0.7907661696624244,0,0,0,3,6,1
46,11,28,1,0,0,0.0,0,0,0,0.9864267287308425,0.5271934916690105,1,1,0,7,5,1
57,20,30,4,1,0,0.0,0,1,0,1.6767370300521325,0.2527018316619725,0,0,0,5,6,1
36,28,1,2,1,0,0.0,0,1,0,1.8423709931771084,0.6221937189895581,0,2,0,3,11,1
34,26,1,2,0,0,0.0,0,1,0,1.4591479170272448,0.44655569325191596,0,0,0,3,8,0
15,6,1,1,0,2,0.13333333333333333,0,0,0,1.3709505944546687,1.3782121786231356,0,0,0,3,2,0
158,39,92,2,2,9,0.056962025316455694,0,1,0,2.838909597982605,0.44432103713971655,0,0,0,7,12,1
89,11,71,3,8,0,0.0,0,1,0,1.7107770844150676,0.32169486099105665,0,0,0,6,2,0
100,13,80,3,5,9,0.09,0,1,0,1.7489992230622806,0.47347402176640835,0,0,0,7,4,0
75,14,10,4,2,4,0.05333333333333334,0,1,0,2.577819531114783,0.8150663622685356,0,0,0,3,2,0
42,17,18,2,0,0,0.0,0,1,0,1.3787834934861753,0.34672404338600143,0,0,0,4,5,0
82,16,46,2,0,6,0.07317073170731707,0,1,0,2.1258145836939115,0.5413006566006967,0,0,0,6,6,1
64,14,42,2,3,0,0.0,0,1,0,1.8464393446710154,0.32612521658130095,0,0,0,4,3,0
146,29,109,2,19,18,0.1232876712328767,0,0,0,1.2615444195758783,0.6124543115408934,0,1,0,5,11,1
80,35,38,4,9,3,0.0375,0,2,0,1.6589797521242053,0.5740074151146849,0,1,0,3,10,0
24,15,1,2,0,0,0.0,0,1,0,1.4591479170272448,0.4848549177233326,0,0,0,3,5,0
33,14,11,2,0,2,0.06060606060606061,0,1,0,1.4591479170272448,0.8512833935008838,0,0,0,3,2,1
36,16,12,2,0,0,0.0,0,1,0,1.3787834934861753,0.512227386961091,0,0,0,4,7,0
23,15,1,2,0,0,0.0,0,1,0,1.4591479170272448,0.950557786894884,0,0,0,3,5,0
44,36,1,3,3,1,0.022727272727272728,0,2,0,1.8954618442383218,0.6974914081584409,0,0,0,3,8,1
42,17,18,2,1,1,0.023809523809523808,0,1,0,1.657742726504889,0.5247299005300191,0,0,0,5,6,1
21,12,1,2,0,0,0.0,0,1,0,1.4591479170272448,0.7800814587352786,0,2,0,3,5,0
28,20,1,2,0,0,0.0,0,1,0,1.4591479170272448,0.7045724197785883,0,0,0,3,6,1
68,22,38,2,0,23,0.3382352941176471,0,1,0,1.3787834934861753,1.1986245712919514,0,0,0,4,6,1
31,19,5,2,0,0,0.0,0,1,0,1.4591479170272448,0.5485056454353073,0,0,0,3,6,0
39,18,14,1,0,0,0.0,0,0,0,1.1488348542809166,0.5475732097027296,0,0,0,5,7,1
51,18,25,3,0,0,0.0,0,1,0,1.4056390622295665,0.39218434274493663,0,0,0,4,5,0
25,12,6,1,0,0,0.0,0,0,0,1.2516291673878228,0.7434576651137489,0,0,0,4,5,1
130,8,114,1,10,0,0.0,0,0,0,1.4627552262645034,0.38506246779114645,0,0,0,6,2,0
114,29,78,2,2,11,0.09649122807017543,0,1,0,1.7382689280764647,0.36844957432975967,2,0,0,9,8,1
48,23,17,3,0,0,0.0,0,1,0,1.4056390622295665,0.3650398100101541,0,0,0,4,8,0
27,18,1,2,0,0,0.0,0,1,0,1.4591479170272448,0.4661324419441079,0,0,0,3,5,0
53,26,1,2,1,1,0.018867924528301886,0,1,0,2.4193819456463714,0.6271583626184228,0,0,0,3,6,1
43,19,17,3,0,0,0.0,0,1,0,1.4488156357251847,0.44112058488977324,0,0,0,3,5,0
148,21,87,6,1,0,0.0,0,0,1,2.071886186912067,0.6665582888070678,0,0,0,10,8,1
52,20,25,3,0,0,0.0,0,1,0,1.3516441151533924,0.41372494291218165,0,0,0,5,7,0
25,17,1,2,0,0,0.0,0,1,0,1.4591479170272448,0.7210310168608619,0,0,0,3,4,0
97,15,74,2,6,3,0.030927835051546393,0,1,0,1.6774212838293647,0.45948387461940565,0,0,0,7,4,0
57,39,11,4,1,20,0.3508771929824561,0,3,0,1.7527152789797047,1.4825904410988329,0,0,0,3,4,1
39,31,1,2,0,0,0.0,0,1,0,1.4591479170272448,0.4390731154007793,0,0,0,3,12,0
69,14,33,2,0,15,0.21739130434782608,0,1,0,2.4193819456463714,1.1524685763538172,0,0,0,3,3,1
34,21,5,2,0,0,0.0,0,1,0,1.4591479170272448,0.5385643754020455,0,0,0,3,7,1
28,21,0,2,0,6,0.21428571428571427,0,1,0,1.5219280948873621,1.074312584379597,0,0,0,2,5,1
75,16,52,2,1,0,0.0,0,0,0,1.3520301017579528,0.34984746298777136,0,0,0,9,6,1
49,17,25,1,1,0,0.0,0,0,0,1.3567796494470397,0.38155582040334646,0,0,0,7,4,1
127,50,19,4,1,17,0.13385826771653545,0,3,0,2.794653473544342,0.8206895806292994,3,2,0,4,17,1
57,20,30,2,1,0,0.0,0,0,0,1.75,0.3731583182845191,1,0,0,4,4,1
29,22,0,2,0,0,0.0,0,1,0,1.5219280948873621,0.7008527385291219,0,0,0,2,8,0
49,26,16,3,0,0,0.0,0,1,0,1.4488156357251847,0.47151842927739845,0,0,0,3,8,0
60,23,30,3,4,0,0.0,0,1,0,1.867633890971212,0.3818248984684994,0,0,0,3,6,0
25,16,1,2,0,0,0.0,0,1,0,1.4591479170272448,0.7350993897035434,0,0,0,3,2,0
47,31,8,4,1,10,0.2127659574468085,0,3,0,2.0464393446710156,1.6155443508954188,0,0,0,3,6,1
282,30,60,3,1,59,0.20921985815602837,0,1,0,2.863462635769669,0.8436538366983753,0,0,0,7,9,1
49,16,25,2,0,0,0.0,0,1,0,1.75,0.4481281113763753,0,0,0,4,7,0
21,12,1,2,0,0,0.0,0,1,0,1.4591479170272448,0.9682762421259933,0,0,0,3,3,0
34,25,1,2,0,0,0.0,0,1,0,1.4591479170272448,0.6263406242923789,0,0,0,3,6,0
32,16,8,2,0,0,0.0,0,1,0,1.4591479170272448,0.6906184367953381,0,0,0,3,4,0
48,22,19,2,0,3,0.0625,0,1,0,1.2987949406953985,0.39366877840065156,0,0,0,5,6,0
28,20,0,2,0,0,0.0,0,1,0,1.5219280948873621,0.5383951182172539,0,0,0,2,6,0
259,34,52,3,3,109,0.42084942084942084,0,1,0,2.9242299136001453,1.8517459031449688,3,0,0,6,10,1
59,15,36,1,2,0,0.0,0,0,0,1.75,0.3396551773791276,0,0,0,4,5,0
31,22,1,2,2,0,0.0,0,1,0,1.9056390622295665,0.42162753509888623,0,0,0,3,6,0
28,20,1,2,0,0,0.0,0,1,0,1.4591479170272448,0.7597773913892458,0,0,0,3,6,0
76,47,22,4,6,0,0.0,0,2,0,1.7884504573082896,0.41603882877228504,0,2,0,3,15,0
83,45,18,5,2,17,0.20481927710843373,0,3,0,2.263809173883546,0.7340406772286104,0,0,0,4,6,1
33,25,1,2,0,0,0.0,0,1,0,1.4591479170272448,0.5627795823637499,0,0,0,3,10,0
52,18,27,2,0,0,0.0,0,0,0,1.2987949406953985,0.4381535099855155,0,0,0,5,7,1
196,13,10,4,0,78,0.3979591836734694,1,0,0,2.8221819586428722,2.216987210229238,2,0,0,3,0,1
33,16,10,4,0,1,0.030303030303030304,0,2,0,1.4056390622295665,0.7671670464678313,0,0,0,3,4,1
33,25,1,2,1,0,0.0,0,1,0,1.8423709931771084,0.5179578702270408,0,0,0,3,9,1
32,23,1,2,0,3,0.09375,0,1,0,1.4591479170272448,1.1242286134306203,0,0,0,3,4,1
85,10,68,2,2,19,0.2235294117647059,0,0,0,1.6140054628542204,0.8067180596899843,0,0,0,7,4,1
128,50,20,4,1,28,0.21875,0,3,0,2.7550576199383077,0.9653784304747374,3,2,0,5,17,1
26,17,1,2,1,4,0.15384615384615385,0,1,0,1.8423709931771084,1.4955001793808278,0,0,0,3,3,1
79,29,43,3,0,7,0.08860759493670886,0,1,0,1.617189572592715,0.3865545332906867,0,0,0,6,10,0
28,20,1,2,0,0,0.0,0,1,0,1.4591479170272448,0.6565204711526103,0,0,0,3,6,0
87,12,68,3,0,8,0.09195402298850575,0,1,0,1.7295739585136223,0.613518825073947,0,0,0,6,2,0
105,50,12,3,5,20,0.19047619047619047,0,1,0,2.2988252450030506,0.7832849783312605,0,0,0,3,12,1
120,42,20,4,0,13,0.10833333333333334,0,3,0,2.5941178916311856,0.7904806794185641,3,2,0,5,15,1
52,19,26,2,0,2,0.038461538461538464,0,1,0,1.75,0.5846702061511824,0,0,0,4,6,0
40,13,10,4,0,10,0.25,1,0,1,2.251629167387823,2.1472773927871107,1,0,0,4,0,1
99,15,76,2,1,7,0.0707070707070707,0,1,0,1.4911148500551856,0.5851777903485409,0,0,0,7,5,1
271,25,29,14,1,61,0.22509225092250923,0,1,0,2.597257402787628,1.4846479877230885,0,0,0,6,6,1
63,21,34,2,5,0,0.0,0,1,0,1.760495029766198,0.4488008780905184,0,0,0,5,5,0
41,16,6,2,0,0,0.0,0,1,0,2.0588138903312014,0.6088093901787436,0,0,0,4,7,0
36,28,1,2,0,0,0.0,0,1,0,1.4591479170272448,0.7559875313901986,0,0,0,3,10,0
75,13,34,3,0,12,0.16,0,1,0,2.287783719941071,0.8983512109960252,0,0,0,5,5,1
68,19,42,2,0,1,0.014705882352941176,0,0,0,1.7609640474436812,0.4008969651073655,0,0,0,5,8,1
53,14,32,2,0,0,0.0,0,1,0,1.8365916681089791,0.3989767372453942,0,0,0,4,4,0
39,24,8,3,1,0,0.0,0,2,0,1.7527152789797047,0.5504024171494206,0,0,0,4,5,1
49,16,25,6,0,0,0.0,0,2,0,1.295461844238322,0.4533621975966349,0,0,0,3,4,1
55,20,28,2,0,0,0.0,0,1,0,1.224394445405986,0.40982087578384546,1,0,0,6,6,1
57,12,24,4,0,6,0.10526315789473684,0,1,0,1.9508257945180885,0.6158710902956571,0,0,0,5,3,0
91,22,62,2,1,25,0.27472527472527475,0,1,0,1.4911148500551856,0.8266006878216783,0,0,0,7,8,1
61,18,36,3,0,3,0.04918032786885246,0,1,0,1.789929075309999,0.45013729387043844,0,0,0,5,5,0
55,19,29,3,0,0,0.0,0,1,0,1.3516441151533924,0.42426979902836054,1,0,0,5,7,1
30,22,0,2,0,2,0.06666666666666667,0,1,0,1.5219280948873621,0.756867619720267,0,0,0,2,7,1
34,25,1,2,0,0,0.0,0,1,0,1.4591479170272448,0.675493197747994,0,0,0,3,9,0
49,23,18,2,2,0,0.0,0,1,0,1.8365916681089791,0.34527316615444187,0,0,0,4,6,0
126,13,106,3,0,14,0.1111111111111111,0,1,0,1.3984629382235518,0.5850161547474998,0,0,0,17,3,0
59,41,10,5,0,0,0.0,0,3,0,1.3516441151533924,0.3922426048896964,0,0,0,3,15,1
38,29,1,2,0,0,0.0,0,1,0,1.4591479170272448,0.42730501366445905,0,0,0,3,10,0
72,17,48,5,4,16,0.2222222222222222,0,3,0,2.0216148719112956,0.9527891178458486,0,0,0,6,4,0
15,4,4,1,0,2,0.13333333333333333,0,0,0,1.3709505944546687,1.8020936744846336,0,0,0,3,0,1
163,9,146,1,2,41,0.25153374233128833,0,0,0,1.780672129520887,1.021311296663488,2,0,0,7,4,1
30,22,1,2,0,0,0.0,0,1,0,1.4591479170272448,0.6371404797965523,0,0,0,3,8,0
25,13,5,2,0,0,0.0,0,1,0,1.3787834934861753,0.7641296913751057,0,0,0,4,4,1
17,10,0,2,0,0,0.0,0,1,0,1.5219280948873621,1.2716230296731275,0,0,0,2,1,0
59,17,35,2,4,8,0.13559322033898305,0,1,0,1.823067982273661,0.5953279215321279,0,0,0,4,4,0
56,24,25,3,3,0,0.0,0,1,0,1.8954618442383218,0.36657137003659895,0,0,0,3,6,0
34,12,15,3,0,0,0.0,0,1,0,1.4056390622295665,0.7076879003713352,1,0,0,4,4,1
85,20,58,5,0,0,0.0,0,1,0,1.6493974703476992,0.4918673812644592,1,0,0,8,6,1
59,17,35,2,5,1,0.01694915254237288,0,1,0,1.7841591278514217,0.3753813447273958,0,0,0,4,4,0
42,14,21,3,1,0,0.0,0,2,0,1.7527152789797047,0.3962261457875048,0,0,0,4,4,0
19,11,1,2,0,3,0.15789473684210525,0,1,0,1.4591479170272448,1.5485692867355885,0,0,0,3,1,1
197,14,18,2,0,80,0.40609137055837563,0,0,0,2.5492553971685,1.888913688698228,2,0,0,5,4,1
40,15,17,1,0,0,0.0,0,0,0,1.1488348542809166,0.665308815915735,0,0,0,5,6,0
30,22,1,2,0,0,0.0,0,1,0,1.4591479170272448,0.6231149500428581,0,0,0,3,5,0
48,17,24,2,0,0,0.0,0,1,0,1.8365916681089791,0.5111179619133205,0,0,0,4,7,0
135,21,57,2,1,28,0.2074074074074074,0,1,0,2.217021885879718,1.151423567186888,2,0,0,6,6,1
23,14,1,2,0,0,0.0,0,1,0,1.4591479170272448,1.0974596034389175,0,0,0,3,3,0
26,17,1,2,0,0,0.0,0,1,0,1.4591479170272448,0.6038942249669786,0,0,0,3,7,0
30,23,0,1,1,0,0.0,0,0,0,1.9219280948873623,0.7611396767620847,0,0,0,2,6,1
69,15,46,2,4,0,0.0,0,1,0,1.7841591278514217,0.24224038464698786,0,0,0,5,5,0
396,68,10,19,10,74,0.18686868686868688,0,6,0,2.845448608834637,1.0837820409563481,3,0,0,5,14,1
50,15,28,3,0,0,0.0,0,1,0,1.3516441151533924,0.38953751516889595,0,0,0,5,4,0
38,16,14,2,0,0,0.0,0,1,0,1.75,0.6395913751610438,0,0,0,4,7,0
49,30,11,2,0,0,0.0,0,1,0,1.2987949406953985,0.49295157661422057,0,0,0,5,11,1
76,14,55,2,0,21,0.27631578947368424,0,0,0,1.224394445405986,1.1173052602502986,0,0,0,6,5,1
41,15,19,1,1,10,0.24390243902439024,0,0,0,1.4466166676282082,1.2169331232262275,0,0,0,6,5,0
72,15,49,1,3,8,0.1111111111111111,0,0,0,1.4885252948977485,0.5920272327115866,0,0,0,8,3,0
55,16,31,2,0,0,0.0,0,1,0,1.8365916681089791,0.47473368643897573,0,0,0,4,7,0
89,81,1,8,1,22,0.24719101123595505,0,7,0,1.4885252948977485,0.8401842565074242,0,2,0,3,20,1
25,16,1,2,0,0,0.0,0,1,0,1.4591479170272448,0.6826263687963473,0,0,0,3,4,0
51,13,31,3,0,0,0.0,0,1,0,1.295461844238322,0.5967304054198426,0,0,0,6,5,1
41,32,1,2,0,1,0.024390243902439025,0,1,0,1.4591479170272448,0.5981541549341521,0,0,0,3,13,1
32,11,14,2,0,0,0.0,0,1,0,1.2987949406953985,0.7814923940970973,0,0,0,5,1,1
35,13,15,3,0,0,0.0,0,1,0,1.811278124459133,0.7381890326223279,0,0,0,3,4,0
37,11,19,2,1,0,0.0,0,1,0,1.75,0.4404742462088725,0,0,0,4,1,0
72,15,50,2,6,0,0.0,0,1,0,1.7295739585136223,0.41999024132111934,0,0,0,3,4,0
29,20,1,2,0,0,0.0,0,1,0,1.4591479170272448,0.490887081559952,0,0,0,3,5,0
29,20,1,2,1,0,0.0,0,1,0,1.8423709931771084,0.6980557566504255,0,0,0,3,6,0
87,23,56,2,7,6,0.06896551724137931,0,1,0,1.6894822670191825,0.4376043574142554,0,0,0,5,6,0
23,7,8,1,0,1,0.043478260869565216,0,0,0,1.3709505944546687,1.1722553937348,0,0,0,3,1,1
124,46,20,5,0,31,0.25,0,4,0,2.56507654233637,1.1874601260250213,3,2,0,5,15,1
117,37,72,2,8,5,0.042735042735042736,0,1,0,1.6493974703476992,0.3436579877470887,0,0,0,5,13,0
53,16,29,2,0,2,0.03773584905660377,0,1,0,2.1219280948873624,0.6856769461514349,0,0,0,4,7,0
44,18,18,3,1,0,0.0,0,2,0,1.7527152789797047,0.34627659369692476,0,0,0,4,7,0
43,15,6,2,2,0,0.0,0,1,0,2.4464393446710155,0.8183836391085875,0,0,0,3,5,0
74,19,47,2,4,0,0.0,0,1,0,1.7381493331928664,0.33634172065860957,0,0,0,6,6,0
243,37,129,2,15,54,0.2222222222222222,0,1,0,1.9406237905024764,0.6313938449800562,0,0,0,8,11,1
36,14,15,1,1,0,0.0,0,0,0,1.6644977792004612,0.5722900015886622,0,0,0,4,3,0
18,10,1,1,0,0,0.0,0,0,0,1.3709505944546687,0.9418744582697568,0,0,0,3,2,0
99,23,4,3,0,8,0.08080808080808081,0,1,0,2.2998963911678914,0.8683248092348654,0,0,0,4,5,1
159,40,112,6,0,26,0.16352201257861634,0,4,0,1.2475562489182659,0.557773013446132,0,2,0,9,11,1
56,47,1,2,0,21,0.375,0,1,0,1.4591479170272448,1.236547869616423,0,0,0,3,9,1
68,18,42,4,3,0,0.0,0,2,0,1.8262452584026092,0.3177015133453245,0,0,0,5,4,0
76,50,19,4,1,10,0.13157894736842105,0,3,0,1.721928094887362,0.6084435774571699,2,2,0,4,17,1
82,12,62,1,1,0,0.0,0,0,0,1.7735572622751854,0.5839679459147614,1,0,0,8,3,1
49,13,29,3,1,1,0.02040816326530612,0,2,0,1.6854752972273344,0.6102191223335407,0,0,0,5,2,0
96,14,74,2,11,13,0.13541666666666666,0,1,0,1.528801814525318,0.5485181095818716,0,0,0,5,2,0
47,24,16,1,0,0,0.0,0,0,0,1.1488348542809166,0.5481532278725857,0,0,0,5,8,1
26,13,1,1,0,3,0.11538461538461539,0,0,0,1.4591479170272448,0.9679076788588766,0,0,0,3,4,0
70,23,40,2,1,4,0.05714285714285714,0,1,0,1.4182958340544896,0.39949252216083236,0,0,0,8,7,1
19,10,1,1,0,0,0.0,0,0,0,1.3709505944546687,1.0454704061989135,0,0,0,3,2,0
22,13,1,1,0,0,0.0,0,0,0,1.3709505944546687,0.8397872168803169,0,0,0,3,5,1
63,20,36,3,0,0,0.0,0,1,0,1.295461844238322,0.29784750079194233,0,0,0,6,6,1
20,12,1,2,0,0,0.0,0,1,0,1.4591479170272448,0.9503228639406641,0,0,0,3,2,0
25,14,4,1,0,0,0.0,0,0,0,1.2516291673878228,0.6496947481010933,0,0,0,4,4,1
84,20,57,1,6,0,0.0,0,0,0,1.6258145836939115,0.4648278106406351,0,0,0,4,5,0
34,24,2,2,0,0,0.0,0,1,0,1.3787834934861753,0.49241903061248593,0,0,0,4,7,0
26,17,1,2,0,0,0.0,0,1,0,1.4591479170272448,0.6881304383575977,0,0,0,3,5,0
79,14,57,3,0,0,0.0,0,1,0,1.7295739585136223,0.3952272399737397,0,0,0,6,4,0
25,16,1,3,0,0,0.0,0,2,0,1.4488156357251847,0.7855120992801778,0,0,0,3,5,0
54,21,26,1,1,0,0.0,0,0,0,1.4466166676282082,0.3961756528712622,0,0,0,6,7,1
32,10,14,2,0,2,0.0625,0,0,0,1.4591479170272448,1.002292727251912,0,0,0,3,3,1
62,19,35,2,3,1,0.016129032258064516,0,1,0,1.789929075309999,0.3744500008926812,0,0,0,5,4,0
31,13,10,2,0,1,0.03225806451612903,0,1,0,1.2987949406953985,0.942561372724869,0,0,0,5,2,0
58,22,29,2,2,0,0.0,0,1,0,1.8365916681089791,0.35706126017342754,0,0,0,4,7,0
32,23,1,1,0,0,0.0,0,0,0,1.3709505944546687,0.6270429287835904,0,0,0,3,6,1
123,17,1,2,0,40,0.3252032520325203,0,1,0,2.6100635408770723,1.572641236035373,0,0,0,3,7,1
56,21,27,3,2,0,0.0,0,1,0,1.8910611120726526,0.3626737867834444,0,0,0,3,5,0
37,12,6,1,0,4,0.10810810810810811,0,0,0,2.0,0.8103237993953437,0,0,0,4,3,1
23,15,1,2,0,0,0.0,0,1,0,1.4591479170272448,0.6181162343605865,0,0,0,3,4,0
28,13,7,2,0,2,0.07142857142857142,0,1,0,1.4591479170272448,1.1047294224777457,0,0,0,3,3,1
79,17,55,3,5,5,0.06329113924050633,0,1,0,2.0670314951575843,0.39299893616602155,0,0,0,4,4,0
201,18,176,2,0,24,0.11940298507462686,0,1,0,1.75,0.8953429282867025,0,0,0,4,4,1
65,9,49,2,3,11,0.16923076923076924,0,0,0,1.6691803368667308,0.78285573215625,0,1,0,7,3,1
84,20,26,5,0,7,0.08333333333333333,0,1,1,2.0989295636909353,0.8897898392058005,0,0,0,6,3,1
20,7,6,1,0,0,0.0,0,0,0,1.3709505944546687,0.8951154479157332,0,0,0,3,2,1
21,14,0,2,1,0,0.0,0,1,0,1.9182958340544896,0.8198613612434064,0,0,0,2,7,0
64,17,39,2,4,0,0.0,0,1,0,1.823067982273661,0.3001745569727803,0,0,0,4,4,0
128,50,20,4,1,21,0.1640625,0,3,0,2.7550576199383077,0.8344286258345931,3,2,0,5,17,1
30,22,0,2,0,0,0.0,0,1,0,1.5219280948873621,0.8084425659505291,0,0,0,2,7,0
54,19,27,3,0,0,0.0,0,2,0,1.7527152789797047,0.4068980913450356,0,0,0,4,5,0
34,26,1,2,0,0,0.0,0,1,0,1.4591479170272448,0.3857839400836385,0,0,0,3,6,0
17,9,1,1,0,2,0.11764705882352941,0,0,0,1.3709505944546687,1.592953434335291,0,0,0,3,1,1
18,10,1,2,0,0,0.0,0,1,0,1.4591479170272448,1.0527587951861956,0,0,0,3,2,1
36,13,16,4,0,10,0.2777777777777778,1,0,0,1.4056390622295665,1.4318095458871476,0,0,0,3,0,1
22,14,1,2,0,0,0.0,0,1,0,1.4591479170272448,0.7874545013102957,0,0,0,3,3,0
23,15,1,2,0,0,0.0,0,1,0,1.4591479170272448,0.4813016633826403,0,0,0,3,4,0
29,21,1,2,0,0,0.0,0,1,0,1.4591479170272448,0.451634919010187,1,0,0,3,7,1
41,16,17,2,1,0,0.0,0,1,0,1.657742726504889,0.551253658890148,0,0,0,5,5,0
59,10,42,2,0,0,0.0,0,0,0,1.1567796494470395,0.571957993911281,2,0,0,7,4,1
70,17,46,3,1,6,0.08571428571428572,0,1,0,1.617189572592715,0.3708905286686528,0,0,0,6,3,0
98,26,65,2,2,25,0.25510204081632654,0,1,0,1.483831706844689,0.7651534706628834,0,0,0,9,9,1
41,33,1,4,1,0,0.0,0,3,0,1.7527152789797047,0.5228020539626634,0,0,0,3,10,1
466,15,73,4,8,77,0.16523605150214593,0,1,0,2.897351145082034,1.2580281469975225,1,1,0,8,4,1
162,15,14,7,1,34,0.20987654320987653,0,1,0,2.679374370513199,0.8565344923750406,1,0,0,4,4,1
73,36,29,2,2,0,0.0,0,1,0,1.8365916681089791,0.7101251014794289,0,0,0,4,13,0
22,13,1,1,0,0,0.0,0,0,0,1.3709505944546687,1.0240622035294122,0,0,0,3,3,0
59,28,24,4,0,9,0.15254237288135594,0,3,0,1.4591479170272448,0.675789200966761,0,0,0,6,4,1
28,20,1,2,0,0,0.0,0,1,0,1.4591479170272448,0.4783209869318304,0,0,0,3,5,0
67,13,47,2,2,0,0.0,0,1,0,1.9591479170272446,0.42203999023113176,0,0,0,6,4,0
62,14,41,2,0,2,0.03225806451612903,0,1,0,1.657742726504889,0.34159357153031644,0,0,0,5,3,0
38,29,1,2,1,5,0.13157894736842105,0,1,0,1.8423709931771084,0.9832431024944829,0,0,0,3,8,1
17,9,1,2,0,0,0.0,0,1,0,1.4591479170272448,1.220410854654341,0,0,0,3,1,0
23,16,0,2,0,1,0.043478260869565216,0,1,0,1.5219280948873621,0.8560752231522647,0,0,0,2,4,0
31,22,1,3,1,0,0.0,0,2,0,1.811278124459133,0.6238074507430365,0,0,0,3,6,0
48,17,23,2,1,0,0.0,0,1,0,1.657742726504889,0.3748811251594774,0,0,0,5,5,1
96,20,34,3,1,11,0.11458333333333333,0,1,0,2.064042639445697,0.820435957059249,0,0,0,7,9,1
18,10,1,2,0,0,0.0,0,1,0,1.4591479170272448,1.075571683883263,0,0,0,3,1,0
26,18,1,2,0,0,0.0,0,1,0,1.4591479170272448,0.7073336696384834,0,0,0,3,6,1
128,50,20,4,1,20,0.15625,0,3,0,2.7550576199383077,0.905289044172313,3,2,0,5,17,1
32,8,7,1,0,1,0.03125,0,0,0,2.128085278891394,1.1739925077249236,0,0,0,3,2,1
69,25,37,2,0,0,0.0,0,0,0,1.1567796494470395,0.386041888325269,0,0,0,7,9,1
70,16,46,2,0,10,0.14285714285714285,0,1,0,1.5709505944546687,1.0856167848065323,0,0,0,6,6,1
85,15,28,4,0,4,0.047058823529411764,0,2,0,1.9746017527145814,0.6389117952933331,0,0,0,7,3,1
64,16,41,2,0,0,0.0,0,1,0,1.8676338909712122,0.3984872137728356,0,0,0,6,4,0
50,31,12,2,1,0,0.0,0,1,0,1.75,0.36780011278822683,0,0,0,4,10,0
33,16,10,3,0,1,0.030303030303030304,0,1,0,1.4488156357251847,0.9515308417603134,0,0,0,3,4,1
25,16,1,3,0,0,0.0,0,2,0,1.4488156357251847,0.8303688681242591,0,0,0,3,4,0
23,14,1,2,0,0,0.0,0,1,0,1.4591479170272448,0.8070021508871066,0,0,0,3,3,0
24,15,1,1,0,0,0.0,0,0,0,1.3709505944546687,0.6871477043205366,0,0,0,3,7,0
238,19,13,14,0,37,0.15546218487394958,0,1,0,2.145855787049433,0.6031356870392981,2,1,0,11,7,1
70,17,45,2,3,0,0.0,0,1,0,1.789929075309999,0.30958514273433335,0,0,0,5,5,0
24,16,1,2,1,0,0.0,0,1,0,1.8423709931771084,0.7152005903651069,0,0,0,3,3,0
50,24,19,2,1,0,0.0,0,1,0,1.657742726504889,0.3539319896435585,0,0,0,5,8,0
29,20,1,2,0,0,0.0,0,1,0,1.4591479170272448,0.4097381487027363,0,0,0,3,6,0
60,41,11,4,2,7,0.11666666666666667,0,3,0,1.8464393446710154,0.4208720343827272,0,0,0,3,11,1
21,13,1,2,0,3,0.14285714285714285,0,1,0,1.4591479170272448,1.442214775215542,0,0,0,3,1,0
44,19,10,3,0,0,0.0,0,1,0,2.113283334294875,0.6635792922181677,0,0,0,3,7,0
38,29,1,2,0,0,0.0,0,1,0,1.4591479170272448,0.7496158901749259,0,0,0,3,9,1
47,25,15,3,0,1,0.02127659574468085,0,1,0,1.4488156357251847,0.4704803687732391,0,0,0,3,8,1
64,16,41,3,6,0,0.0,0,1,0,1.7758589482446405,0.4058795839053814,0,0,0,3,5,0
113,15,91,2,13,9,0.07964601769911504,0,1,0,1.3605273114437082,0.43677337889420914,0,0,0,3,4,0
20,11,1,2,0,0,0.0,0,1,0,1.4591479170272448,0.9545141964269607,0,0,0,3,3,0
35,12,15,1,2,1,0.02857142857142857,0,0,0,1.75,0.4275907353976999,0,0,0,4,3,1
58,18,1,2,0,5,0.08620689655172414,0,1,0,2.1556390622295662,0.7369934230467028,0,0,0,3,5,0
47,11,29,2,0,0,0.0,0,0,0,1.5709505944546687,0.6026611216580259,0,0,0,6,4,1
25,18,0,2,0,0,0.0,0,1,0,1.5219280948873621,0.653050076927266,0,0,0,2,5,1
50,13,30,3,0,0,0.0,0,1,0,1.3516441151533924,0.4712255018936188,0,0,0,5,4,0
32,19,6,2,0,0,0.0,0,1,0,1.3787834934861753,0.665476774590688,0,0,0,4,5,0
92,31,54,2,7,0,0.0,0,1,0,1.6893917467430877,0.2695655809030067,0,0,0,4,13,0
23,16,0,2,0,0,0.0,0,1,0,1.5219280948873621,0.9897238844846542,0,0,0,2,5,1
29,20,1,2,0,0,0.0,0,1,0,1.4591479170272448,0.5792500107420329,0,0,0,3,7,0
30,23,0,3,0,0,0.0,0,2,0,1.4591479170272448,0.6598348668980528,0,0,0,2,7,1
30,21,1,3,0,0,0.0,0,2,0,1.4488156357251847,0.5498027930886455,0,0,0,3,5,0
21,6,8,1,0,1,0.047619047619047616,0,0,0,1.3709505944546687,1.417009681514683,0,0,0,3,1,1
44,15,22,1,0,0,0.0,0,0,0,1.6644977792004612,0.43453052925950936,0,0,0,4,6,0
26,11,7,1,0,1,0.038461538461538464,0,0,0,1.3709505944546687,0.8920770516042811,0,0,0,3,5,1
132,16,24,3,0,8,0.06060606060606061,0,1,0,2.0464393446710156,0.6352982023288425,0,0,0,4,5,1
52,13,32,1,0,5,0.09615384615384616,0,0,0,1.5487949406953985,0.4662459382494387,0,0,0,5,5,0
24,15,1,2,0,0,0.0,0,1,0,1.4591479170272448,0.6521882301861149,0,0,0,3,3,0
51,16,27,2,0,0,0.0,0,1,0,1.8464393446710154,0.536445024215861,0,0,0,4,7,0
31,12,12,1,1,4,0.12903225806451613,0,0,0,1.5487949406953985,0.9720752622748384,0,0,0,5,3,1
41,24,10,4,0,2,0.04878048780487805,0,3,0,1.4056390622295665,0.8318270592538881,0,0,0,3,4,1
70,41,21,5,2,3,0.04285714285714286,0,3,0,1.789929075309999,0.37434835657086696,1,0,0,3,13,1
32,20,5,2,0,0,0.0,0,1,0,1.3787834934861753,0.45365955464135854,0,0,0,4,7,1
35,28,0,2,0,0,0.0,0,1,0,1.5219280948873621,0.5622450194845166,0,0,0,2,9,1
27,19,1,1,0,0,0.0,0,0,0,1.3709505944546687,0.3505848188475353,0,0,0,3,7,0
43,12,24,3,0,0,0.0,0,1,0,1.3516441151533924,0.8236664700429354,1,0,0,5,2,1
44,21,16,3,0,0,0.0,0,1,0,1.4488156357251847,0.5109527028716161,0,0,0,3,9,0
30,21,1,2,0,0,0.0,0,1,0,1.4591479170272448,0.6220492593917103,0,0,0,3,5,0
140,33,90,2,1,10,0.07142857142857142,0,1,0,2.4387439204017474,0.39987178819283076,0,0,0,7,7,1
210,14,4,4,1,14,0.06666666666666667,0,1,0,2.5192454937269417,1.0393905439872508,0,0,0,3,4,1
20,12,1,1,0,0,0.0,0,0,0,1.3709505944546687,1.2499599808606447,0,0,0,3,2,1
28,20,1,2,0,0,0.0,0,1,0,1.4591479170272448,0.540328772972296,0,0,0,3,5,0
67,26,34,2,1,21,0.31343283582089554,0,1,0,1.75,1.1155088673086118,0,0,0,4,7,1
19,10,1,2,0,0,0.0,0,1,0,1.4591479170272448,0.8100902274040207,0,0,0,3,2,0
42,27,8,2,0,0,0.0,0,1,0,1.3787834934861753,0.4242023856884826,0,0,0,4,8,0
42,28,7,1,0,0,0.0,0,0,0,1.3709505944546687,0.6778984788806941,0,0,0,3,12,1
54,16,30,3,0,0,0.0,0,1,0,1.3516441151533924,0.45173690327773275,0,0,0,5,3,1
28,20,1,2,0,0,0.0,0,1,0,1.4591479170272448,0.4402620681436301,0,0,0,3,5,0
21,7,6,1,0,3,0.14285714285714285,0,0,0,1.3709505944546687,1.3814861437078974,0,0,0,3,2,1
58,26,25,3,0,0,0.0,0,1,0,1.4056390622295665,0.2910121250797388,0,0,0,4,8,0
54,20,27,3,1,0,0.0,0,1,0,1.6854752972273344,0.34493376948125765,0,0,0,5,7,0
110,18,15,3,0,21,0.19090909090909092,0,1,0,2.3553885422075336,0.9039446351552914,0,0,0,4,5,1
85,30,38,3,0,3,0.03529411764705882,0,1,0,2.4225797618424916,0.5449324816188031,0,0,0,6,10,1
28,20,0,2,0,0,0.0,0,1,0,1.5219280948873621,0.645077669808176,0,0,0,2,5,1
129,18,59,2,3,11,0.08527131782945736,0,1,0,2.584183719779189,0.3918501320563837,1,0,0,8,5,1
79,24,35,7,0,1,0.012658227848101266,0,2,1,1.8322488896002307,1.1359381735451084,0,0,0,4,9,1
86,16,63,2,1,7,0.08139534883720931,0,1,0,1.780672129520887,0.40869706049318094,2,0,0,7,6,1
29,21,0,2,0,0,0.0,0,1,0,1.5219280948873621,0.431012902435185,0,0,0,2,7,0
40,16,16,1,0,0,0.0,0,0,0,1.2516291673878228,0.38943225179715113,0,0,0,4,7,0
105,16,63,2,6,15,0.14285714285714285,0,1,0,2.3745560483818835,0.4334987113460832,0,0,0,5,5,0
16,9,0,1,0,0,0.0,0,0,0,1.5,0.9735572528328899,0,0,0,2,2,0
54,14,33,2,0,21,0.3888888888888889,0,1,0,1.4591479170272448,1.8963735200332175,0,0,0,3,1,1
32,24,1,2,0,0,0.0,0,1,0,1.4591479170272448,0.6091618312161086,0,0,0,3,7,0
45,15,23,2,3,0,0.0,0,1,0,1.8910611120726526,0.3583915318293167,0,0,0,3,4,0
46,24,15,3,0,0,0.0,0,1,0,1.4488156357251847,0.38854917327847294,0,0,0,3,6,0
46,38,1,2,0,3,0.06521739130434782,0,1,0,1.4591479170272448,0.5146503219532388,0,0,0,3,16,1
74,14,53,2,14,5,0.06756756756756757,0,1,0,1.3778903318832147,0.7652322111448214,0,0,0,4,3,0
35,21,6,3,2,0,0.0,0,2,0,1.8910611120726526,0.577842270875327,0,0,0,3,6,0
38,25,5,2,0,8,0.21052631578947367,0,1,0,1.3787834934861753,1.2810749334718738,0,0,0,4,6,1
238,17,6,3,8,75,0.31512605042016806,0,1,0,2.720185579473519,1.28607884400089,0,0,0,3,7,1
60,18,35,2,0,0,0.0,0,1,0,1.8464393446710154,0.504191874325114,0,0,0,4,7,0
145,24,113,1,7,30,0.20689655172413793,0,0,0,1.8746619273846246,0.7895639384109607,0,0,0,10,10,1
148,42,91,2,2,9,0.060810810810810814,0,1,0,2.4806821149663847,0.353921220763571,0,0,0,7,15,1
28,20,0,2,0,0,0.0,0,1,0,1.5219280948873621,0.4744224854464611,0,0,0,2,5,0
44,19,17,3,0,1,0.022727272727272728,0,2,0,1.4056390622295665,0.5071237311810847,0,0,0,4,3,1
110,13,74,1,2,5,0.045454545454545456,0,0,0,2.2516291673878226,0.39335202513177303,2,0,0,9,4,1
32,17,8,1,0,0,0.0,0,0,0,1.3709505944546687,0.6804239276376537,0,0,0,3,7,1
164,24,22,2,1,10,0.06097560975609756,0,0,0,2.692380602454975,0.9114916972631045,0,0,0,5,9,1
60,19,34,3,0,0,0.0,0,1,0,1.6854752972273344,0.4704444212973807,0,0,0,5,5,0
64,31,18,3,0,2,0.03125,0,1,0,1.9717472571281809,0.4579962715443442,0,1,0,5,12,1
119,42,20,4,0,19,0.15966386554621848,0,3,0,2.5941178916311856,0.9077517059011615,3,2,0,5,15,1
53,35,1,2,3,0,0.0,0,1,0,2.1709505944546685,0.4978484183595637,0,2,0,3,9,1
49,23,19,2,1,0,0.0,0,1,0,1.657742726504889,0.3797829879207744,0,0,0,5,7,0
69,15,47,2,4,5,0.07246376811594203,0,1,0,1.6893917467430877,0.5449126417524083,0,0,0,7,5,0
154,31,115,4,0,27,0.17532467532467533,0,3,0,1.7884504573082896,0.9324464997742669,0,0,0,6,6,1
40,32,1,2,0,1,0.025,0,1,0,1.4591479170272448,0.4045236471299871,0,0,0,3,12,1
77,16,41,2,0,3,0.03896103896103896,0,1,0,1.8676338909712122,0.739996070556668,0,0,0,6,6,1
91,21,37,4,0,0,0.0,0,1,1,2.063458298648303,0.709273704248472,1,0,0,7,7,1
89,23,58,3,1,10,0.11235955056179775,0,1,0,1.3752793655393791,0.4575204827906342,0,0,0,10,8,1
40,32,1,2,0,0,0.0,0,1,0,1.4591479170272448,0.5742569374887522,0,0,0,3,11,0
34,25,1,2,1,1,0.029411764705882353,0,1,0,1.8423709931771084,0.7366880003227648,0,0,0,3,6,1
74,24,42,3,3,6,0.08108108108108109,0,1,0,1.8250112108241772,0.5569842183404837,0,3,0,5,7,0
45,30,7,3,0,3,0.06666666666666667,0,1,0,1.4488156357251847,0.8525782492779482,0,0,0,3,10,1
63,12,44,3,3,7,0.1111111111111111,0,1,0,2.2295739585136225,0.41463756841784816,0,0,0,3,3,0
28,19,1,2,0,0,0.0,0,1,0,1.4591479170272448,0.59696222754852,0,0,0,3,6,0
46,12,27,3,0,0,0.0,0,1,0,1.3516441151533924,0.4547226586892174,0,0,0,5,3,1
36,18,11,2,0,0,0.0,0,1,0,1.3787834934861753,0.8396352443131736,0,0,0,4,5,0
25,16,1,2,0,0,0.0,0,1,0,1.4591479170272448,0.47216295620904164,0,0,0,3,4,0
104,31,65,2,6,12,0.11538461538461539,0,1,0,1.6774212838293647,0.42769083969035204,0,0,0,7,8,0
24,15,1,2,0,0,0.0,0,1,0,1.4591479170272448,0.7619295138093451,0,0,0,3,4,0
75,42,26,5,2,3,0.04,0,3,1,2.054585169337799,0.9276724994888466,1,2,0,3,12,1
69,34,28,3,2,0,0.0,0,1,0,1.8910611120726526,0.3401059062006092,0,0,0,3,12,0
42,34,1,2,0,3,0.07142857142857142,0,1,0,1.4591479170272448,0.5668289722831168,0,0,0,3,11,1
54,27,20,2,0,7,0.12962962962962962,0,1,0,1.8464393446710154,0.6706326489008524,0,0,0,4,11,0
53,10,8,2,0,0,0.0,0,0,1,2.4193819456463714,1.2634939824629539,0,0,0,3,2,1
149,33,12,5,0,18,0.12080536912751678,0,3,0,2.287783719941071,0.7168181902790953,0,0,0,3,11,1
48,15,26,2,2,0,0.0,0,1,0,1.8365916681089791,0.41243519853099636,0,0,0,4,3,0
35,22,6,3,0,3,0.08571428571428572,0,2,0,1.4056390622295665,0.734539468475301,0,0,0,4,6,0
56,16,33,3,0,0,0.0,0,1,0,1.295461844238322,0.6148677479855424,0,0,0,6,2,1
27,18,1,2,0,0,0.0,0,1,0,1.4591479170272448,0.8340297372617284,0,0,0,3,6,0
56,16,32,2,0,0,0.0,0,1,0,2.3685225277282065,0.5907679505051576,0,0,0,4,7,0
36,27,1,2,0,0,0.0,0,1,0,1.4591479170272448,0.3445718850859197,0,0,0,3,8,0
28,19,1,1,0,0,0.0,0,0,0,1.3709505944546687,0.7662612432828948,0,0,0,3,5,0
41,12,22,3,0,0,0.0,0,1,0,1.4056390622295665,0.5142517550599036,0,0,0,4,2,1
30,21,1,2,0,0,0.0,0,1,0,1.4591479170272448,0.5411933049667866,0,0,0,3,6,0
96,24,65,2,1,14,0.14583333333333334,0,1,0,2.005977711423774,0.8126458761187519,0,0,0,5,8,0
55,22,26,3,0,0,0.0,0,1,0,1.3516441151533924,0.4752563494611647,0,0,0,5,6,1
44,36,1,2,0,0,0.0,0,1,0,1.4591479170272448,0.5646519838255539,0,0,0,3,13,0
98,22,20,7,0,1,0.01020408163265306,0,2,0,2.1231991154262255,0.4832566938389047,0,0,0,8,9,1
57,19,31,3,2,0,0.0,0,1,0,1.789929075309999,0.41418777518619637,0,0,0,5,6,0
35,17,11,2,0,0,0.0,0,0,0,1.4591479170272448,0.39012001598471124,0,0,0,3,6,1
83,21,54,2,8,0,0.0,0,1,0,1.6493974703476992,0.31881505016694067,0,0,0,5,5,0
27,20,0,1,0,0,0.0,0,0,0,1.5,0.7428243626271517,0,0,0,2,7,0
82,16,46,2,0,4,0.04878048780487805,0,1,0,2.1258145836939115,0.780351009283782,0,0,0,6,6,1
43,14,22,3,0,6,0.13953488372093023,0,1,0,1.3516441151533924,0.7481515617546015,0,0,0,5,6,0
39,21,11,2,0,0,0.0,0,1,0,1.3787834934861753,0.4400959775030399,0,0,0,4,6,0
163,19,28,4,6,50,0.3067484662576687,0,1,1,2.708694969562842,1.4414373756598737,0,0,0,3,6,1
66,18,41,2,3,0,0.0,0,1,0,1.8464393446710154,0.2737261932248265,0,0,0,4,4,0
67,21,39,3,0,0,0.0,0,1,0,1.3516441151533924,0.37942800727511666,0,0,0,5,6,1
49,20,22,2,1,0,0.0,0,1,0,1.75,0.3231523220291164,0,0,0,4,4,0
44,36,1,3,0,0,0.0,0,2,0,1.4488156357251847,0.42596316381790145,0,0,0,3,11,1
32,23,1,2,0,0,0.0,0,1,0,1.4591479170272448,0.7042474700404875,0,0,0,3,7,0
34,21,6,3,0,6,0.17647058823529413,0,2,0,1.4488156357251847,1.0186619601476772,1,2,0,3,5,1
107,19,80,2,6,0,0.0,0,1,0,1.6774212838293647,0.2659193406636865,0,0,0,7,3,0
85,30,48,2,5,0,0.0,0,1,0,1.7841591278514217,0.30799169236674345,0,0,0,4,10,0
51,31,13,1,2,1,0.0196078431372549,0,0,0,1.75,0.39626514330832074,0,0,0,4,10,1
1641,22,25,3,32,267,0.16270566727605118,0,1,0,1.6251684843458745,0.9077291371066613,0,0,0,33,8,1
45,20,18,2,0,0,0.0,0,0,0,1.2987949406953985,0.5315588109516527,0,0,0,5,6,1
96,10,79,2,3,0,0.0,0,0,0,1.7295739585136223,0.40707398582802135,0,1,0,6,3,1
46,33,1,2,0,0,0.0,0,1,0,2.4464393446710155,0.9425902851560544,0,0,0,3,8,0
74,17,50,2,4,7,0.0945945945945946,0,1,0,1.823067982273661,0.40692320403777565,0,0,0,4,5,0
38,29,1,2,1,0,0.0,0,1,0,1.8423709931771084,0.638475145392058,0,0,0,3,8,1
72,18,47,2,0,21,0.2916666666666667,0,1,0,1.224394445405986,1.1786511267155488,0,0,0,6,5,1
23,16,0,2,1,0,0.0,0,1,0,1.9182958340544896,0.6078441403881906,0,0,0,2,5,0
54,26,21,4,0,0,0.0,0,1,0,1.4056390622295665,0.32124808005093225,1,0,0,3,11,1
127,50,20,4,1,19,0.14960629921259844,0,3,0,2.7550576199383077,0.8019890670411649,3,2,0,5,17,1
64,19,38,2,0,11,0.171875,0,1,0,1.7004397181410922,0.9358220345953441,0,0,0,8,6,1
20,6,7,1,0,2,0.1,0,0,0,1.3709505944546687,1.0797403752647667,0,0,0,3,2,1
80,14,10,4,1,4,0.05,0,1,0,2.5232314287976205,0.6858883083958298,0,0,0,3,2,0
40,33,0,2,0,1,0.025,0,1,0,1.5219280948873621,0.743379106588301,0,0,0,2,11,1
39,31,1,4,0,0,0.0,0,3,0,1.4056390622295665,0.4913307042234166,0,0,0,3,9,1
61,20,34,3,0,0,0.0,0,1,0,1.867633890971212,0.40945703932425276,0,0,0,4,6,0
34,21,1,2,0,0,0.0,0,1,0,2.4464393446710155,1.0671509719421228,0,0,0,3,5,0
68,26,35,3,1,0,0.0,0,1,0,1.617189572592715,0.4538998709649728,0,0,0,6,7,1
55,8,22,4,0,4,0.07272727272727272,0,0,0,1.8919954870390203,0.7400491978159032,0,1,0,6,2,1
28,21,0,2,0,0,0.0,0,1,0,1.5219280948873621,0.7898064667327522,0,0,0,2,5,0
30,22,1,2,0,0,0.0,0,1,0,1.4591479170272448,0.5041091833870657,0,0,0,3,6,0
128,14,107,2,4,57,0.4453125,0,0,0,1.7841591278514217,1.720585981204283,0,0,0,5,3,1
25,9,8,1,0,4,0.16,0,0,0,1.3709505944546687,1.1936227458355015,0,0,0,3,1,1
32,25,0,2,0,0,0.0,0,1,0,1.5219280948873621,0.49808669785302045,0,0,0,2,8,1
40,25,8,2,0,0,0.0,0,1,0,1.4591479170272448,0.44045080803996267,0,0,0,3,8,0
33,16,9,2,0,1,0.030303030303030304,0,1,0,1.3787834934861753,0.7191053190426345,0,0,0,4,7,0
19,12,0,2,0,0,0.0,0,1,0,1.5219280948873621,1.2379272469290308,0,0,0,2,3,0
42,34,1,2,0,0,0.0,0,1,0,1.4591479170272448,0.4447960374804016,0,0,0,3,13,0
40,13,20,1,0,0,0.0,0,0,0,1.1488348542809166,0.4920204889591992,0,0,0,5,5,1
43,18,18,3,0,0,0.0,0,1,0,1.4056390622295665,0.4802756457865948,0,0,0,4,5,1
128,50,20,4,1,26,0.203125,0,3,0,2.7550576199383077,0.9482506134598854,3,2,0,5,17,1
48,16,24,2,0,2,0.041666666666666664,0,1,0,1.2987949406953985,0.4715923046759972,0,0,0,5,6,1
50,13,30,3,0,1,0.02,0,1,0,1.3516441151533924,0.5597321974518089,0,0,0,5,4,1
73,23,43,2,6,6,0.0821917808219178,0,1,0,1.7295739585136223,0.3678876531814969,0,0,0,3,6,0
78,26,44,4,0,8,0.10256410256410256,0,1,0,1.1981174211304033,0.6033769721422916,0,0,0,9,6,1
29,20,1,2,0,0,0.0,0,1,0,1.4591479170272448,0.3880801945483394,0,0,0,3,6,0
123,16,100,1,0,35,0.2845528455284553,0,0,0,0.9219280948873623,1.1535828324210855,0,0,0,8,5,1
28,21,0,2,0,0,0.0,0,1,0,1.5219280948873621,0.739696454626575,0,0,0,2,8,1
49,14,28,2,0,0,0.0,0,1,0,1.8365916681089791,0.5530153665204938,0,0,0,4,3,0
34,25,1,2,0,0,0.0,0,1,0,1.4591479170272448,0.5959012980524288,0,0,0,3,8,0
41,34,0,2,0,0,0.0,0,1,0,1.5219280948873621,0.5712648701822155,0,0,0,2,11,1
34,20,7,2,0,0,0.0,0,1,0,1.3787834934861753,0.5717549036174738,0,0,0,4,4,1
49,26,16,2,0,0,0.0,0,1,0,1.75,0.44020137141717236,0,0,0,4,9,0
30,15,8,2,0,0,0.0,0,1,0,1.3787834934861753,0.7196734491251741,0,0,0,4,2,0
56,37,11,3,1,0,0.0,0,2,0,1.7527152789797047,0.4462715206597386,1,2,0,4,14,1
32,17,8,1,0,0,0.0,0,0,0,1.6644977792004612,0.5113551631781827,0,0,0,4,6,1
26,17,1,3,0,0,0.0,0,2,0,1.4488156357251847,0.5593024660174077,0,0,0,3,6,0
33,24,1,2,0,0,0.0,0,1,0,1.4591479170272448,0.4402399449014669,0,0,0,3,6,0
23,10,6,1,0,0,0.0,0,0,0,1.3709505944546687,0.7556708115893753,1,0,0,3,3,1
90,19,6,3,0,1,0.011111111111111112,0,2,0,2.60845859334435,0.7683810940404382,0,2,0,3,7,0
31,18,6,1,0,0,0.0,0,0,0,1.2516291673878228,0.7232220382800278,0,0,0,4,5,0
32,24,1,2,0,0,0.0,0,1,0,1.4591479170272448,0.5815863235989255,0,0,0,3,8,1
123,46,19,5,0,15,0.12195121951219512,0,4,0,2.5941178916311856,0.7987703552137096,3,2,0,4,15,1
23,15,1,2,1,0,0.0,0,1,0,1.8423709931771084,1.0311932396353842,0,0,0,3,3,0
28,14,7,2,0,0,0.0,0,1,0,1.3787834934861753,1.0026492802350893,0,0,0,4,2,1
50,20,22,3,0,0,0.0,0,1,0,1.3516441151533924,0.4029141339189969,0,0,0,5,6,0
26,18,1,2,0,0,0.0,0,1,0,1.4591479170272448,0.5966824912784527,0,0,0,3,5,0
38,12,19,1,0,3,0.07894736842105263,0,0,0,1.1488348542809166,0.833101470872408,0,0,0,5,4,1
24,16,1,2,0,0,0.0,0,1,0,1.4591479170272448,1.1163490872483854,0,0,0,3,4,0
127,50,19,4,1,20,0.15748031496062992,0,3,0,2.794653473544342,0.8355703594928405,3,2,0,4,17,1
31,24,0,2,0,1,0.03225806451612903,0,1,0,1.5219280948873621,0.5834768040463916,0,0,0,2,7,1
32,18,7,2,0,0,0.0,0,1,0,1.3787834934861753,0.452183559982534,0,0,0,4,5,0
56,7,32,1,0,8,0.14285714285714285,0,0,0,2.2810361125534233,1.2078829329592096,0,0,0,4,0,1
23,12,4,1,0,0,0.0,0,0,0,1.2516291673878228,0.6192582395859857,0,0,0,4,4,1
31,23,1,2,0,0,0.0,0,1,0,1.4591479170272448,0.4725640217614604,0,0,0,3,7,0
90,17,45,2,0,5,0.05555555555555555,0,0,0,1.5589385323502771,0.5091154251837456,0,0,0,10,5,1
37,23,7,2,0,0,0.0,0,1,0,1.4591479170272448,0.3735729606909732,0,0,0,3,6,0
39,17,15,3,0,1,0.02564102564102564,0,2,0,1.295461844238322,0.5958558397775052,0,0,0,6,5,1
34,27,0,2,0,0,0.0,0,1,0,1.5219280948873621,0.62116179490527,0,0,0,2,8,0
25,17,1,2,0,0,0.0,0,1,0,1.4591479170272448,0.6641923699534187,0,0,0,3,6,0
158,14,4,4,0,13,0.08227848101265822,0,1,0,2.5220552088742005,0.911822598045997,0,0,0,3,4,1
23,13,3,2,0,0,0.0,0,1,0,1.4591479170272448,0.6343748861261774,0,0,0,3,3,0
36,29,0,2,0,0,0.0,0,1,0,1.5219280948873621,0.7741363340059932,0,0,0,2,10,1
45,16,21,2,0,0,0.0,0,1,0,1.4591479170272448,0.31359621308332536,0,0,0,3,5,0
23,16,0,1,0,0,0.0,0,0,0,1.5,0.6606519821059964,0,0,0,2,7,0
39,18,14,2,0,0,0.0,0,1,0,1.3787834934861753,0.3844231327401349,0,0,0,4,5,0
30,21,1,2,0,0,0.0,0,1,0,1.4591479170272448,0.5899662404394067,0,0,0,3,5,0
79,19,25,4,0,0,0.0,0,1,1,2.063458298648303,0.9369715944782346,0,0,0,7,6,1
117,42,20,4,0,23,0.19658119658119658,0,3,0,2.5941178916311856,0.9421252422235449,3,2,0,5,15,1
43,16,19,2,1,0,0.0,0,1,0,1.657742726504889,0.5401437572257825,0,0,0,5,3,0
42,16,18,2,0,0,0.0,0,1,0,1.3787834934861753,0.4051372552903227,0,0,0,4,5,0
31,16,7,1,0,0,0.0,0,0,0,1.3709505944546687,0.57490320309795,0,0,0,3,6,1
34,26,1,2,0,0,0.0,0,1,0,1.4591479170272448,0.4414589336561619,0,0,0,3,9,0
49,12,30,2,1,1,0.02040816326530612,0,0,0,1.5709505944546687,0.43801897190575984,0,0,0,6,4,1
26,18,1,3,0,2,0.07692307692307693,0,2,0,1.4488156357251847,1.0486287119631876,0,0,0,3,5,1
62,14,41,4,0,16,0.25806451612903225,1,0,0,1.7381493331928664,1.0873400416228978,0,0,0,6,0,1
36,19,10,2,0,0,0.0,0,0,0,1.4591479170272448,0.4081684040505986,1,0,0,3,7,1
48,7,33,1,1,5,0.10416666666666667,0,0,0,2.2810361125534233,0.9994434769209272,0,0,0,4,0,1
60,26,27,2,2,0,0.0,0,1,0,1.7609640474436812,0.327017025782905,0,0,0,5,6,0
22,14,1,2,0,2,0.09090909090909091,0,1,0,1.4591479170272448,1.140496281180324,0,0,0,3,2,0
32,24,1,2,0,0,0.0,0,1,0,1.4591479170272448,0.6153228251628203,0,0,0,3,8,1
43,18,18,2,1,0,0.0,0,1,0,1.657742726504889,0.3242601067133381,0,0,0,5,4,0
105,28,70,4,0,10,0.09523809523809523,0,2,0,1.8256051990169437,0.7411909005323332,0,0,0,5,8,0
22,14,1,2,0,1,0.045454545454545456,0,1,0,1.4591479170272448,0.9641970840531497,0,0,0,3,2,0
41,18,16,2,1,0,0.0,0,1,0,1.75,0.3033535310316488,0,0,0,4,3,1
32,17,8,2,0,0,0.0,0,1,0,1.3787834934861753,0.8723011679949643,0,0,0,4,4,0
40,17,15,2,0,0,0.0,0,1,0,1.3787834934861753,0.4997374884328956,0,0,0,4,4,0
40,25,8,2,0,0,0.0,0,1,0,1.4591479170272448,0.4264713921514066,0,0,0,3,8,0
29,15,7,1,0,0,0.0,0,0,0,1.2516291673878228,0.4966913573167958,0,0,0,4,8,1
40,17,15,1,2,0,0.0,0,0,0,1.8423709931771084,0.556153698100549,2,0,0,3,5,1
70,38,24,3,4,0,0.0,0,1,0,1.867633890971212,0.36557414132008353,0,0,0,3,12,0
268,26,18,3,0,39,0.1455223880597015,0,1,0,2.4956029237290127,0.7436657954466095,0,1,0,5,9,1
26,17,1,2,0,0,0.0,0,1,0,1.4591479170272448,0.561358468452602,0,0,0,3,4,1
122,13,102,3,0,8,0.06557377049180328,0,1,0,1.5943609377704335,0.5282365467831169,0,0,0,8,3,0
69,23,38,2,3,0,0.0,0,1,0,1.8464393446710154,0.29861890620971876,0,0,0,4,9,0
73,14,34,1,0,23,0.3150684931506849,0,0,0,2.2810361125534233,1.2564857900904987,0,0,0,4,5,1
129,33,83,2,1,5,0.03875968992248062,0,1,0,2.607861226141998,0.5173360033562083,0,0,0,7,10,1
21,14,0,2,0,0,0.0,0,1,0,1.5219280948873621,0.8774456179524113,0,0,0,2,1,0
150,40,9,5,0,73,0.4866666666666667,0,3,0,1.9508257945180885,2.240807424402818,0,2,0,4,16,1
69,20,42,2,1,0,0.0,0,0,0,1.5709505944546687,0.5880863282350521,3,0,0,6,7,1
34,25,1,2,1,0,0.0,0,1,0,1.8423709931771084,0.4519414123824081,0,0,0,3,8,0
127,18,101,2,15,21,0.16535433070866143,0,1,0,1.383866329597683,0.6757963229225117,0,0,0,5,6,0
164,16,54,3,1,41,0.25,0,1,0,2.4613201402110083,0.8171133819985129,1,0,0,8,5,1
196,22,55,2,4,18,0.09183673469387756,0,0,0,3.005152233310935,1.0540749137332885,0,0,0,8,9,1
23,16,0,2,0,0,0.0,0,1,0,1.5219280948873621,1.1244450809325135,0,0,0,2,3,1
41,14,6,1,0,1,0.024390243902439025,0,0,0,2.128085278891394,0.9564976663670979,0,0,0,3,6,0
19,11,0,1,0,0,0.0,0,0,0,1.5,0.8813887161694125,0,0,0,2,3,1
58,17,34,3,3,19,0.3275862068965517,0,1,0,1.8250112108241772,1.134914067982048,0,0,0,5,4,0
28,19,1,2,0,0,0.0,0,1,0,1.4591479170272448,0.4341126279122418,0,0,0,3,6,0
28,19,1,2,0,0,0.0,0,1,0,1.4591479170272448,0.3835158088502724,0,0,0,3,5,0
35,23,5,2,0,0,0.0,0,1,0,1.3787834934861753,0.7014072436434645,0,0,0,4,6,0
29,20,1,2,0,2,0.06896551724137931,0,1,0,1.4591479170272448,0.9458917030631546,0,0,0,3,6,1
63,12,44,2,0,0,0.0,0,0,0,1.224394445405986,0.4595869112304891,0,0,0,6,3,0
74,13,53,2,7,0,0.0,0,1,0,1.6691803368667308,0.471513730890297,0,0,0,3,4,0
17,10,0,1,0,0,0.0,0,0,0,1.5,0.6924806734903182,0,0,0,2,3,0
63,22,34,2,5,0,0.0,0,1,0,1.7841591278514217,0.2936041497483447,0,0,0,4,6,0
58,19,32,3,0,3,0.05172413793103448,0,1,0,1.8879185026711327,0.7335809446850075,0,0,0,5,4,0
31,14,10,1,0,0,0.0,0,0,0,1.3709505944546687,0.6728364918219941,0,0,0,3,6,1
28,19,1,2,0,0,0.0,0,1,0,1.4591479170272448,0.49818498890153284,0,0,0,3,5,0
87,21,26,4,1,0,0.0,0,1,1,2.271782221599798,0.7965679036459544,0,0,0,7,7,1
56,19,6,2,0,0,0.0,0,0,0,2.4193819456463714,0.735892553554142,0,0,0,3,8,0
77,23,47,1,0,22,0.2857142857142857,0,0,0,1.1488348542809166,1.0832932898849184,0,0,0,5,8,1
33,21,4,2,0,0,0.0,0,1,0,1.3787834934861753,0.4815212089803269,0,0,0,4,7,1
33,24,1,2,0,0,0.0,0,1,0,1.4591479170272448,0.5405311346084039,0,0,0,3,5,0
52,18,7,2,0,6,0.11538461538461539,0,1,0,2.222191575506678,0.8102811665522431,0,0,0,5,4,1
45,12,25,2,0,0,0.0,0,1,0,1.224394445405986,0.3769876565658839,0,0,0,6,2,0
32,14,10,2,0,4,0.125,0,1,0,1.3787834934861753,0.8947059566379357,0,0,0,4,5,0
34,13,14,3,0,10,0.29411764705882354,1,0,0,1.7527152789797047,1.5328823662592739,0,0,0,4,0,1
108,25,29,4,1,4,0.037037037037037035,0,1,1,2.339572261986723,0.50918241505936,0,0,0,6,6,1
29,18,4,1,1,0,0.0,0,0,0,1.6644977792004612,0.567452847163442,0,0,0,4,8,1
105,18,7,2,0,9,0.08571428571428572,0,1,0,2.827819531114783,1.0831750158404054,0,0,0,4,5,1
38,10,21,2,1,1,0.02631578947368421,0,1,0,1.657742726504889,0.559099144924437,0,0,0,5,1,0
52,18,26,2,1,0,0.0,0,1,0,1.75,0.43620149253317786,0,0,0,4,5,0
20,12,1,2,0,0,0.0,0,1,0,1.4591479170272448,0.9081708393679108,0,0,0,3,4,0
17,9,1,1,0,0,0.0,0,0,0,1.3709505944546687,1.4068737319968736,0,0,0,3,3,0
53,41,5,3,0,0,0.0,0,2,0,1.4488156357251847,0.4618299705106205,1,0,0,3,15,1
160,14,139,4,1,47,0.29375,1,0,0,1.6113834567195195,0.9882638376340029,1,0,0,11,0,1
40,24,9,3,1,0,0.0,0,1,0,1.811278124459133,0.624961906316269,0,0,0,3,6,1
31,23,1,2,0,0,0.0,0,1,0,1.4591479170272448,0.665290055431913,0,0,0,3,8,1
40,20,12,3,0,1,0.025,0,1,0,1.4488156357251847,0.7276505699379993,0,0,0,3,7,1
37,28,1,2,0,0,0.0,0,1,0,1.4591479170272448,0.4020196029444309,0,0,0,3,12,0
27,19,1,2,1,0,0.0,0,1,0,1.8423709931771084,0.5897663169450221,0,0,0,3,4,0
23,14,1,2,0,0,0.0,0,1,0,1.4591479170272448,1.096279370193513,0,0,0,3,5,0
41,18,16,4,0,0,0.0,0,2,0,1.3921472236645345,0.41625236112584096,1,0,0,4,4,1
100,19,73,3,9,6,0.06,0,1,0,1.6589797521242053,0.3594916979197217,0,0,0,4,5,0
34,25,1,2,2,6,0.17647058823529413,0,1,0,1.9056390622295665,0.9921953954773803,0,0,0,3,4,1
52,17,28,3,1,0,0.0,0,1,0,1.7527152789797047,0.360282451414758,0,0,0,4,4,0
33,14,11,2,0,5,0.15151515151515152,0,1,0,1.4591479170272448,1.0805332462659918,0,0,0,3,2,1
44,15,22,3,0,6,0.13636363636363635,0,1,0,1.3516441151533924,0.7761552492097195,0,0,0,5,6,0
35,27,1,2,0,0,0.0,0,1,0,1.4591479170272448,0.51261222691047,0,0,0,3,9,0
39,31,1,2,1,0,0.0,0,1,0,1.8423709931771084,0.5636848377201618,0,0,0,3,9,1
163,19,108,5,6,2,0.012269938650306749,0,1,0,2.4179065701049423,0.34370691733625386,3,0,0,9,5,1
80,27,45,3,0,26,0.325,0,1,0,1.4056390622295665,1.2168986377838462,0,0,0,4,8,1
43,11,21,2,0,3,0.06976744186046512,0,0,0,1.4355205042826666,0.748423941841671,0,0,0,5,5,1
58,30,21,5,0,0,0.0,0,2,0,1.3516441151533924,0.2947965872804487,1,0,0,3,11,1
49,41,1,2,2,2,0.04081632653061224,0,1,0,1.9056390622295665,0.5627257266744103,0,0,0,3,15,1
127,50,19,4,1,24,0.1889763779527559,0,3,0,2.794653473544342,0.8568112839360478,3,2,0,4,17,1
54,22,25,3,1,0,0.0,0,1,0,1.6854752972273344,0.33520141597913444,0,0,0,5,6,1
30,21,1,2,0,0,0.0,0,1,0,1.4591479170272448,0.4525100923716233,0,0,0,3,7,0
49,14,28,3,0,0,0.0,0,1,0,1.4056390622295665,0.43711614040838054,0,0,0,4,6,1
45,36,1,2,0,0,0.0,0,1,0,1.4591479170272448,0.6400851130630547,0,2,0,3,14,1
77,23,47,1,0,22,0.2857142857142857,0,0,0,1.1488348542809166,1.0933575202675203,0,0,0,5,8,1
31,24,0,2,0,0,0.0,0,1,0,1.5219280948873621,0.651319418639718,0,0,0,2,10,0
57,24,26,5,0,0,0.0,0,1,0,1.3516441151533924,0.3358839534162749,1,1,0,3,6,0
35,11,17,1,2,0,0.0,0,0,0,1.75,0.6781497547114144,0,0,0,4,4,0
126,50,19,4,1,15,0.11904761904761904,0,3,0,2.794653473544342,0.8899499474409426,3,2,0,4,17,1
120,21,92,2,6,0,0.0,0,1,0,1.7055872616982601,0.3671827152749063,0,0,0,6,4,0
63,19,36,3,2,0,0.0,0,1,0,1.8464393446710154,0.4142074736155836,0,0,0,4,6,0
58,25,25,2,3,0,0.0,0,1,0,1.8464393446710154,0.41706904985878346,0,0,0,4,8,0
82,18,56,2,4,4,0.04878048780487805,0,1,0,1.823067982273661,0.3371268847011684,0,0,0,4,5,0
110,12,91,3,1,5,0.045454545454545456,0,1,0,1.465790469338445,0.25149042812464395,1,0,0,13,5,1
47,21,18,3,0,0,0.0,0,2,0,1.3516441151533924,0.44406870612829286,0,0,0,5,5,1
39,30,1,2,0,0,0.0,0,1,0,1.4591479170272448,0.35345938235405605,0,0,0,3,8,0
126,50,19,4,1,23,0.18253968253968253,0,3,0,2.794653473544342,0.8914394148840333,3,2,0,4,17,1
160,20,133,2,0,42,0.2625,0,1,0,1.4284601863069837,1.673939167760662,0,0,0,4,6,1
152,24,69,4,4,19,0.125,0,0,0,2.276610871654405,0.5103275339317854,3,1,0,12,6,1
204,27,23,2,2,28,0.13725490196078433,0,1,0,2.5995812306460646,0.7691248466348366,1,0,0,5,8,1
52,21,24,2,2,0,0.0,0,1,0,1.8365916681089791,0.2860289724808959,0,0,0,4,4,0
44,14,23,3,1,11,0.25,1,0,0,1.617189572592715,1.1461590834946558,0,0,0,6,0,1
22,13,1,1,0,0,0.0,0,0,0,1.3709505944546687,0.7526007134067163,0,0,0,3,4,1
23,15,1,2,0,0,0.0,0,1,0,1.4591479170272448,0.46926775171564694,0,0,0,3,4,0
53,24,22,3,2,0,0.0,0,1,0,1.8910611120726526,0.3301459498424805,0,0,0,3,8,0
49,21,21,2,2,0,0.0,0,1,0,1.8365916681089791,0.5774603707376185,0,0,0,4,5,0
21,6,7,1,0,1,0.047619047619047616,0,0,0,1.3709505944546687,0.942394758594116,0,0,0,3,2,1
39,30,1,2,1,6,0.15384615384615385,0,1,0,1.8423709931771084,0.979786216237133,0,0,0,3,6,1
29,20,1,3,0,0,0.0,0,2,0,1.4488156357251847,0.5626790814285717,0,0,0,3,5,0
30,22,1,2,0,6,0.2,0,1,0,1.4591479170272448,1.2983385771256837,0,0,0,3,6,1
21,13,1,2,0,0,0.0,0,1,0,1.4591479170272448,0.8661872297211402,0,0,0,3,5,1
67,29,31,3,1,0,0.0,0,1,0,2.1709505944546685,0.3187639689844597,0,0,0,3,10,0
50,33,10,5,0,0,0.0,0,3,0,1.3516441151533924,0.4082465371435036,0,0,0,3,11,1
33,26,0,2,0,0,0.0,0,1,0,1.5219280948873621,0.692495027976766,0,0,0,2,8,1
26,15,4,1,0,0,0.0,0,0,0,1.2516291673878228,0.5790282632920873,0,0,0,4,5,1
38,30,1,3,1,0,0.0,0,2,0,1.811278124459133,0.4408649606401502,0,0,0,3,10,1
27,17,3,2,0,0,0.0,0,1,0,1.4591479170272448,1.1229080308366215,0,0,0,3,2,1
68,13,48,2,6,0,0.0,0,1,0,1.7295739585136223,0.3501882142732519,1,0,0,3,4,0
82,17,4,4,0,4,0.04878048780487805,0,1,1,2.251629167387823,1.1152686749574827,0,0,0,4,6,1
29,15,6,2,0,0,0.0,0,1,0,1.4591479170272448,0.47054820349969645,0,0,0,3,5,1
28,20,1,2,0,0,0.0,0,1,0,1.4591479170272448,0.6957667625622684,0,0,0,3,6,0
46,23,9,2,1,4,0.08695652173913043,0,1,0,2.321928094887362,0.5078030836937497,0,0,0,4,7,1
22,15,0,2,0,2,0.09090909090909091,0,1,0,1.5219280948873621,1.123849315009329,0,0,0,2,2,0
40,17,16,3,0,0,0.0,0,1,0,1.3516441151533924,0.4707570608494662,0,0,0,5,6,0
74,14,33,2,0,15,0.20270270270270271,0,1,0,2.4193819456463714,0.9428373704467513,0,0,0,3,3,1
89,16,66,2,0,0,0.0,0,1,0,2.4056390622295662,0.5019596116475542,0,0,0,6,4,0
23,14,1,2,0,0,0.0,0,1,0,1.4591479170272448,0.9373814416162786,0,0,0,3,3,0
54,17,29,2,0,0,0.0,0,1,0,1.9219280948873623,0.4823698153754361,0,0,0,4,6,0
20,13,0,1,0,0,0.0,0,0,0,1.5,0.9815188827967283,0,0,0,2,4,0
77,23,47,1,0,24,0.3116883116883117,0,0,0,1.1488348542809166,1.1154290288092747,0,0,0,5,8,1
68,15,46,3,0,0,0.0,0,1,0,1.3516441151533924,0.48397347609373326,0,0,0,5,4,0
33,26,0,2,0,1,0.030303030303030304,0,1,0,1.5219280948873621,0.7040505604684146,0,0,0,2,8,1
53,20,12,3,0,3,0.05660377358490566,0,1,0,2.113283334294875,0.3977252546785482,0,0,0,3,6,0
28,20,0,3,0,0,0.0,0,2,0,1.4591479170272448,0.5814258452457649,0,0,0,2,5,0
62,15,39,4,0,15,0.24193548387096775,0,1,0,1.573402452417767,0.9354583346480635,0,0,0,7,5,0
82,23,51,2,7,0,0.0,0,1,0,1.6893917467430877,0.30138170457174296,0,0,0,4,7,0
36,28,1,3,1,0,0.0,0,2,0,1.811278124459133,0.8349343197693787,0,0,0,3,6,1
44,12,24,2,3,0,0.0,0,1,0,1.8464393446710154,0.3989733609632184,0,0,0,4,2,0
27,18,1,2,0,0,0.0,0,1,0,1.4591479170272448,0.6705518919472417,0,0,0,3,3,0
53,15,31,2,4,0,0.0,0,1,0,1.8464393446710154,0.4902717657146794,0,0,0,3,4,0
35,27,1,2,0,0,0.0,0,1,0,1.4591479170272448,0.4331746120356189,0,0,0,3,8,0
58,40,11,4,3,3,0.05172413793103448,0,3,0,1.867633890971212,0.48087735807107934,1,0,0,3,13,1
38,12,19,2,0,0,0.0,0,0,0,1.3787834934861753,0.4323220671838812,0,0,0,4,5,0
40,22,11,3,0,0,0.0,0,2,0,1.4056390622295665,0.43870552486899733,0,0,0,4,5,1
83,13,63,3,1,0,0.0,0,1,0,1.4299111709758698,0.49852963817660695,0,0,0,9,2,1
28,21,0,2,1,0,0.0,0,1,0,1.9182958340544896,0.6206887836951832,0,0,0,2,5,0
47,15,25,3,1,0,0.0,0,1,0,1.6854752972273344,0.35292219419047927,0,0,0,5,3,1
47,17,23,2,1,0,0.0,0,1,0,1.657742726504889,0.37203583687709274,0,0,0,5,5,1
155,14,23,1,0,61,0.3935483870967742,0,0,0,2.8511494238930326,2.1465394584102615,0,0,0,4,3,1
76,15,46,6,0,7,0.09210526315789473,0,1,0,1.7633584292311077,0.4061000326823853,0,0,0,8,4,1
77,14,56,5,1,12,0.15584415584415584,1,0,0,1.5329145639793977,0.6148341373758057,0,0,0,8,0,1
35,27,1,2,1,3,0.08571428571428572,0,1,0,1.8423709931771084,0.5733334309105128,0,0,0,3,7,1
23,14,1,2,0,0,0.0,0,1,0,1.4591479170272448,1.1287873340880896,0,0,0,3,6,0
25,16,1,2,0,0,0.0,0,1,0,1.4591479170272448,0.5921740271341175,0,0,0,3,4,0
152,18,127,4,1,39,0.2565789473684211,0,1,1,2.0464393446710156,1.0306583361260686,0,0,0,3,5,1
25,12,6,2,0,2,0.08,0,1,0,1.3787834934861753,0.9984841543619787,0,0,0,4,4,1
16,7,1,1,0,0,0.0,0,0,0,1.3709505944546687,1.247813688962769,0,0,0,3,1,1
38,29,1,2,0,0,0.0,0,1,0,1.4591479170272448,0.4919283952635874,0,0,0,3,9,0
80,13,59,3,2,22,0.275,0,0,0,2.054585169337799,0.9048385046694277,0,0,0,5,5,1
33,12,6,2,0,7,0.21212121212121213,0,1,0,1.8423709931771084,1.1812841619514014,0,0,0,3,2,0
88,14,66,2,5,8,0.09090909090909091,0,1,0,1.7273966735744792,0.459701421625193,0,0,0,6,4,0
43,12,23,4,1,0,0.0,0,0,0,1.721928094887362,0.4657181956840727,0,0,0,4,3,1
31,22,1,2,1,0,0.0,0,1,0,1.8423709931771084,0.4566849507212076,0,0,0,3,8,0
73,29,36,2,1,0,0.0,0,1,0,1.4911148500551856,0.29867865655143605,2,0,0,7,10,1
40,13,20,4,0,10,0.25,1,0,0,1.360964047443681,1.468153410506964,0,0,0,5,0,1
81,31,43,2,4,0,0.0,0,1,0,1.823067982273661,0.3632112261042933,0,0,0,4,10,0
135,26,92,2,1,6,0.044444444444444446,0,1,0,2.4370658315190226,0.4046967585884411,0,0,0,7,8,1
56,29,20,2,0,0,0.0,0,1,0,1.3787834934861753,0.31913614147717895,0,0,0,4,9,0
73,14,16,4,0,13,0.1780821917808219,0,0,1,2.1920058354921066,1.1439249978918171,0,0,0,5,7,1
44,17,20,3,0,6,0.13636363636363635,0,1,0,1.4056390622295665,0.8376342473088941,0,0,0,4,4,0
34,17,9,3,0,0,0.0,0,1,0,1.4488156357251847,0.5899473292998302,0,0,0,3,7,1
44,23,14,2,0,0,0.0,0,1,0,1.2987949406953985,0.5799798815049341,0,0,0,5,7,1
42,14,21,3,0,5,0.11904761904761904,0,1,0,1.3516441151533924,0.7002905058194442,0,0,0,5,6,0
27,20,0,2,0,0,0.0,0,1,0,1.5219280948873621,0.48711413675309295,0,0,0,2,7,1
22,14,1,3,0,0,0.0,0,2,0,1.4488156357251847,0.6831003997210551,0,0,0,3,2,0
85,18,60,4,0,33,0.38823529411764707,0,2,0,1.3921472236645345,1.523111773620949,0,2,0,4,7,1
45,21,17,2,0,2,0.044444444444444446,0,1,0,1.3787834934861753,0.5816754744370835,0,0,0,4,7,1
52,24,21,3,0,2,0.038461538461538464,0,1,0,1.4056390622295665,0.34851891384383615,1,0,0,4,7,1
30,21,1,2,0,0,0.0,0,1,0,1.4591479170272448,0.4814155324315575,0,0,0,3,5,0
93,26,60,3,6,0,0.0,0,1,0,2.212503842372268,0.5114805317865637,0,0,0,5,9,0
62,34,21,3,1,0,0.0,0,1,0,1.811278124459133,0.45236000954213057,0,0,0,3,12,0
72,20,44,2,4,1,0.013888888888888888,0,1,0,1.7381493331928664,0.3190737630659363,0,0,0,6,5,0
42,33,1,4,0,0,0.0,0,3,0,1.4056390622295665,0.5420091451150095,0,0,0,3,9,1
120,13,100,3,6,0,0.0,0,1,0,1.647730922119161,0.2917466485856208,0,0,0,10,3,0
50,25,17,3,1,0,0.0,0,1,0,1.7527152789797047,0.3258646444298065,0,0,0,4,10,1
56,21,28,2,0,0,0.0,0,0,0,1.3787834934861753,0.5545688267338299,0,1,0,4,7,1
42,21,14,2,0,0,0.0,0,1,0,1.2987949406953985,0.8499213338674452,0,0,0,5,5,1
39,31,1,2,3,0,0.0,0,1,0,1.8910611120726526,0.4556013049418917,0,0,0,3,8,0
64,8,49,2,0,3,0.046875,0,0,0,1.6858157091530304,0.6959753208865581,1,0,0,6,2,1
33,25,1,2,0,0,0.0,0,1,0,1.4591479170272448,0.5279043636758031,0,0,0,3,7,0
127,50,20,4,1,17,0.13385826771653545,0,3,0,2.7550576199383077,0.8428897239564254,3,2,0,5,17,1
27,19,1,1,1,0,0.0,0,0,0,1.792481250360578,0.9814330950937115,0,0,0,3,9,1
30,21,1,3,0,0,0.0,0,2,0,1.4488156357251847,0.5965048901040124,0,0,0,3,5,1
52,17,28,2,1,0,0.0,0,1,0,1.5709505944546687,0.5055668985605768,1,1,0,6,6,1
24,16,1,2,0,0,0.0,0,1,0,1.4591479170272448,0.8583717233826677,0,0,0,3,3,0
66,20,26,2,1,12,0.18181818181818182,0,0,0,2.550340709546388,0.8686568743957612,0,0,0,4,9,1
62,11,43,2,2,0,0.0,0,1,0,1.6858157091530304,0.348315411368372,1,0,0,6,2,0
48,12,29,1,0,0,0.0,0,0,0,0.9864267287308425,0.6950327616410958,0,0,0,7,4,1
121,24,1,2,0,28,0.23140495867768596,0,1,0,3.2390979179887864,1.9226245143056855,0,0,0,3,8,1
37,18,11,2,0,0,0.0,0,1,0,1.3787834934861753,0.47947447311947944,0,0,0,4,4,0
28,19,1,2,0,3,0.10714285714285714,0,1,0,1.4591479170272448,1.054716463277781,0,0,0,3,5,0
332,39,117,6,0,44,0.13253012048192772,0,4,0,2.7106842129147886,0.6866459401735647,0,2,0,9,11,1
72,15,49,3,0,0,0.0,0,1,0,1.789929075309999,0.3537018656071533,0,0,0,5,4,0
48,39,1,2,3,0,0.0,0,1,0,1.8910611120726526,0.36926995387834466,2,0,0,3,12,1
125,50,19,4,1,14,0.112,0,3,0,2.794653473544342,0.7677261878602467,3,2,0,4,17,1
76,15,34,2,0,20,0.2631578947368421,0,1,0,2.321928094887362,0.9611148428548982,0,0,0,4,4,1
264,18,17,4,1,64,0.24242424242424243,0,1,0,2.649397470347699,1.006142516521953,0,0,0,5,5,1
99,24,68,3,4,0,0.0,0,1,0,1.7884504573082896,0.5024303159977551,0,0,0,6,9,0
31,23,1,2,1,0,0.0,0,1,0,1.8423709931771084,0.614987678248263,0,0,0,3,6,0
49,17,25,3,0,0,0.0,0,1,0,1.7527152789797047,0.35716848096062614,0,0,0,4,6,0
32,25,0,2,0,1,0.03125,0,1,0,1.5219280948873621,0.5997348942209678,0,0,0,2,8,0
46,23,15,2,1,0,0.0,0,1,0,1.75,0.3063794178423186,0,0,0,4,6,0
169,23,139,3,1,36,0.21301775147928995,0,1,0,1.5693078231812958,0.7233445735285816,1,0,0,11,8,1
29,22,0,2,0,2,0.06896551724137931,0,1,0,1.5219280948873621,0.9763248313326561,0,0,0,2,7,1
30,22,1,2,0,0,0.0,0,1,0,1.4591479170272448,0.4884452927610312,0,0,0,3,5,0
73,22,44,3,3,0,0.0,0,1,0,1.7758589482446405,0.36452735859583885,0,0,0,6,8,1
25,17,1,2,0,0,0.0,0,1,0,1.4591479170272448,0.5292554546598007,0,0,0,3,4,0
76,16,52,2,0,0,0.0,0,1,0,1.789929075309999,0.5256230036081967,0,0,0,5,6,0
68,18,42,4,0,0,0.0,0,2,0,1.3221793455166666,0.24213805868808133,0,0,0,6,5,1
46,21,18,2,1,4,0.08695652173913043,0,1,0,1.657742726504889,0.5023653783023271,0,0,0,5,8,1
23,14,1,2,0,0,0.0,0,1,0,1.4591479170272448,0.657074075882436,0,0,0,3,5,0
23,10,1,1,0,3,0.13043478260869565,0,0,0,1.4591479170272448,1.3301336075988157,0,0,0,3,3,0
54,17,29,3,0,0,0.0,0,1,0,1.295461844238322,0.45651402313148404,1,0,0,6,7,1
39,16,15,2,0,0,0.0,0,1,0,1.3787834934861753,0.5817064915380104,0,0,0,4,6,1
106,29,70,2,9,11,0.10377358490566038,0,1,0,1.9698110652780971,0.43734789635012233,0,0,0,4,12,0
18,11,0,2,0,1,0.05555555555555555,0,1,0,1.5219280948873621,1.167870303921078,0,0,0,2,4,0
56,18,31,4,1,3,0.05357142857142857,0,2,0,1.9508257945180885,0.6206927377875041,0,0,0,5,4,0
55,16,31,2,0,9,0.16363636363636364,0,1,0,1.2987949406953985,0.769360163925676,0,0,0,5,6,1
68,14,46,2,3,8,0.11764705882352941,0,1,0,1.6691803368667308,0.3891094338237811,0,1,0,7,2,0
50,20,23,3,0,0,0.0,0,1,0,1.4056390622295665,0.31365895137953215,0,0,0,4,7,0
47,13,27,2,0,0,0.0,0,0,0,1.224394445405986,0.551210241270177,0,0,0,6,5,1
267,25,18,3,0,33,0.12359550561797752,0,1,0,2.4956029237290127,0.7515656823275734,0,1,0,5,10,1
18,11,0,2,0,0,0.0,0,1,0,1.5219280948873621,0.9282141730170302,0,0,0,2,5,0
46,37,1,2,2,0,0.0,0,1,0,1.9056390622295665,0.42395107507948765,0,0,0,3,15,0
46,24,15,2,1,0,0.0,0,1,0,1.657742726504889,0.4043536297214713,0,0,0,5,8,0
116,42,19,4,0,24,0.20689655172413793,0,3,0,2.6312929881819,1.059445662864823,3,2,0,4,15,1
83,23,53,3,1,8,0.0963855421686747,0,1,0,1.4299111709758698,0.8824622355117506,0,0,0,9,7,1
126,50,19,4,1,18,0.14285714285714285,0,3,0,2.794653473544342,0.7584938520775398,3,2,0,4,17,1
32,23,1,2,0,0,0.0,0,1,0,1.4591479170272448,0.5278240018166789,0,0,0,3,6,0
74,32,34,3,1,13,0.17567567567567569,0,1,0,1.896240625180289,0.6267754868774814,1,0,0,6,5,1
98,15,76,1,4,47,0.47959183673469385,0,0,0,1.9887513942845323,1.9190803824146516,0,0,0,7,4,1
20,6,7,1,0,0,0.0,0,0,0,1.3709505944546687,1.1215297956818933,0,1,0,3,2,1
61,26,28,3,1,0,0.0,0,1,0,1.7527152789797047,0.2989955911201783,0,0,0,4,8,0
24,16,1,2,0,0,0.0,0,1,0,1.4591479170272448,0.9362700270456731,0,0,0,3,3,0
62,27,28,4,0,0,0.0,0,2,0,1.3221793455166666,0.3552346128815489,0,0,0,6,10,1
21,6,8,1,0,3,0.14285714285714285,0,0,0,1.3709505944546687,1.7185750892515894,0,0,0,3,1,1
82,16,46,2,0,9,0.10975609756097561,0,1,0,2.1258145836939115,0.6645940053551329,0,0,0,6,6,1
36,28,1,4,0,9,0.25,0,3,0,1.4056390622295665,1.2933406364758941,0,0,0,3,4,1
47,31,9,2,1,0,0.0,0,1,0,1.75,0.3965412185046004,0,0,0,4,10,0
415,16,392,2,1,51,0.12289156626506025,0,1,0,1.75,1.3414743963767226,0,0,0,4,3,1
30,16,6,2,0,0,0.0,0,1,0,1.3787834934861753,0.7684350106290753,0,0,0,4,5,1
36,20,9,2,0,0,0.0,0,1,0,1.3787834934861753,0.5688358788100645,0,0,0,4,6,1
51,22,22,2,1,0,0.0,0,1,0,1.5709505944546687,0.34896763928121227,0,0,0,6,6,1
110,12,91,3,1,5,0.045454545454545456,0,1,0,1.465790469338445,0.24294229103040532,1,0,0,13,5,1
76,20,48,2,5,2,0.02631578947368421,0,1,0,1.7841591278514217,0.30630455871529455,0,0,0,4,6,0
30,11,11,1,0,0,0.0,0,0,0,1.3709505944546687,0.6445199051990002,0,0,0,3,3,0
47,19,21,3,0,4,0.0851063829787234,0,1,0,1.4056390622295665,0.4528350355702577,0,0,0,4,5,1
72,28,37,3,0,0,0.0,0,1,0,1.3516441151533924,0.2981458475005251,1,0,0,5,10,1
25,16,1,3,0,0,0.0,0,2,0,1.4488156357251847,0.7941223919310323,0,0,0,3,5,0
61,13,25,3,1,19,0.3114754098360656,0,1,0,2.221251836004466,1.4372200974044846,0,0,0,5,3,1
56,31,18,2,1,0,0.0,0,1,0,2.0588138903312014,0.30928903918134815,0,0,0,4,10,0
62,55,0,3,0,2,0.03225806451612903,0,2,0,1.4591479170272448,0.5687832061709029,1,0,0,2,19,1
46,18,14,1,1,0,0.0,0,0,0,2.2810361125534233,0.7168720049845149,2,0,0,4,8,1
28,20,1,2,0,0,0.0,0,1,0,1.4591479170272448,0.6148259365728733,0,0,0,3,4,0
127,50,19,4,1,16,0.12598425196850394,0,3,0,2.794653473544342,0.7825821164182841,3,2,0,4,17,1
30,23,0,2,0,3,0.1,0,1,0,1.5219280948873621,1.0397080192183457,0,0,0,2,6,1
29,20,1,2,0,0,0.0,0,1,0,1.4591479170272448,0.6118506461966652,0,0,0,3,7,0
13,6,0,1,0,0,0.0,0,0,0,1.5,1.2291663902277097,0,0,0,2,3,0
42,19,16,2,0,1,0.023809523809523808,0,1,0,1.224394445405986,0.5759091375062199,0,0,0,6,5,0
34,8,19,1,1,1,0.029411764705882353,0,0,0,1.6644977792004612,0.5849793752853341,0,0,0,4,2,1
27,19,1,2,0,0,0.0,0,1,0,1.4591479170272448,0.616030620441,0,0,0,3,7,0
263,25,18,3,0,28,0.10646387832699619,0,1,0,2.287783719941071,0.7160993587816602,0,1,0,5,9,1
30,21,1,2,0,1,0.03333333333333333,0,1,0,1.4591479170272448,0.7705770570544486,0,0,0,3,6,1
38,30,1,2,0,0,0.0,0,1,0,1.4591479170272448,0.45242589162930974,0,0,0,3,11,1
77,22,47,3,4,6,0.07792207792207792,0,1,0,1.8262452584026092,0.32754594997313047,0,0,0,5,8,0
29,20,1,2,0,0,0.0,0,1,0,1.4591479170272448,0.6221546768743738,0,0,0,3,7,0
111,15,76,2,1,4,0.036036036036036036,0,1,0,2.33012496531497,0.5841232328583456,0,0,0,7,5,1
89,35,33,2,0,23,0.25842696629213485,0,1,0,2.1556390622295662,1.0594361459534374,0,0,0,3,12,1
127,61,10,3,4,43,0.33858267716535434,0,1,0,2.6062389286533896,1.315477305240753,0,0,0,3,11,1
66,17,15,2,0,14,0.21212121212121213,0,1,0,2.0588138903312014,0.9149928375394764,0,0,0,4,6,0
41,18,15,2,0,0,0.0,0,1,0,1.75,0.33559650626563764,0,0,0,4,3,0
129,14,108,2,4,57,0.4418604651162791,0,0,0,1.7841591278514217,1.6946020805960151,0,0,0,5,3,1
29,20,1,2,0,0,0.0,0,1,0,1.4591479170272448,0.48877176688680496,0,0,0,3,4,0
35,18,9,1,0,0,0.0,0,0,0,1.1488348542809166,0.6233900386355443,0,0,0,5,8,1
113,21,61,5,1,0,0.0,0,1,1,2.1353503825268683,0.5110983883061397,0,0,0,9,7,1
31,23,1,2,0,0,0.0,0,1,0,1.4591479170272448,0.6573757349720158,0,0,0,3,7,0
48,14,11,2,0,3,0.0625,0,1,0,1.8423709931771084,1.2569444560639023,0,0,0,3,2,1
73,15,34,2,0,18,0.2465753424657534,0,1,0,2.0588138903312014,0.904567320513815,0,0,0,4,4,1
29,20,1,3,0,0,0.0,0,2,0,1.4488156357251847,0.5055291509196922,0,0,0,3,5,0
50,17,26,3,0,0,0.0,0,1,0,1.867633890971212,0.3995847881204617,0,0,0,4,3,0
34,12,15,3,0,1,0.029411764705882353,0,1,0,1.3516441151533924,0.6238723031543304,1,0,0,5,5,1
20,12,1,3,0,9,0.45,1,0,0,1.4488156357251847,2.4755338480980855,0,0,0,3,0,1
59,10,42,2,1,0,0.0,0,0,0,1.4182958340544896,0.2526072766764906,0,0,0,8,5,1
461,26,58,5,2,195,0.4229934924078091,0,1,0,2.0300872246321315,2.0471459836177246,0,0,0,9,6,1
47,25,15,2,2,0,0.0,0,1,0,1.8365916681089791,0.2814133126183691,0,0,0,4,6,0
76,10,33,1,0,22,0.2894736842105263,0,0,0,2.4056390622295662,1.2243282746501403,0,0,0,3,4,1
43,31,5,2,1,0,0.0,0,1,0,1.75,0.37059233585442736,0,0,0,4,10,0
50,10,33,1,0,0,0.0,0,0,0,0.9864267287308425,0.5891880995030986,2,0,0,7,4,1
56,22,27,3,2,0,0.0,0,1,0,1.8464393446710154,0.38237738650490954,0,0,0,4,7,0
136,32,44,5,1,13,0.09558823529411764,0,1,0,2.794468414860448,0.8262730756862472,1,0,0,6,5,1
57,23,26,2,1,2,0.03508771929824561,0,1,0,2.0588138903312014,0.31858851222221535,0,0,0,4,6,0
34,27,0,2,0,0,0.0,0,1,0,1.5219280948873621,0.7090212362767148,0,0,0,2,8,0
47,19,14,1,1,0,0.0,0,0,0,2.2810361125534233,0.5804827429085736,1,0,0,4,7,1
81,14,31,3,0,0,0.0,0,0,1,2.1416195253341384,0.914836144013004,0,0,0,6,7,1
210,21,94,8,0,6,0.02857142857142857,0,1,1,2.677100755700004,0.5902888314756684,0,0,0,12,4,1
47,20,20,2,0,0,0.0,0,1,0,1.75,0.44865886783857,0,0,0,4,6,0
167,12,148,2,1,24,0.1437125748502994,0,1,0,1.75,1.1666576925716567,0,0,0,4,2,1
45,16,21,2,0,0,0.0,0,1,0,1.75,0.514713870076682,0,0,0,4,7,0
48,14,26,2,0,0,0.0,0,1,0,1.2987949406953985,0.36222358671246635,0,0,0,5,2,0
45,16,21,4,0,0,0.0,0,2,0,1.721928094887362,0.5552372237001915,0,0,0,4,4,0
15,4,4,1,0,2,0.13333333333333333,0,0,0,1.3709505944546687,1.8251626552618234,0,0,0,3,0,1
80,15,58,3,6,1,0.0125,0,1,0,1.7758589482446405,0.3822616639179128,0,0,0,3,3,0
53,21,25,2,0,4,0.07547169811320754,0,1,0,1.224394445405986,0.619800995187943,0,0,0,6,8,1
42,17,18,3,0,4,0.09523809523809523,0,1,0,1.3516441151533924,0.6782573687413002,0,0,0,5,4,0
35,21,7,2,1,0,0.0,0,1,0,1.8423709931771084,0.3728343910846673,0,0,0,3,7,0
36,29,0,2,0,0,0.0,0,1,0,1.5219280948873621,0.7700500919668274,0,0,0,2,11,0
32,24,1,2,0,2,0.0625,0,1,0,1.4591479170272448,0.8204907909430108,0,0,0,3,6,0
61,14,39,3,0,4,0.06557377049180328,0,1,0,1.789929075309999,0.4303594436187345,0,0,0,5,4,0
49,24,18,2,0,0,0.0,0,1,0,1.657742726504889,0.49175554408097977,0,1,0,5,7,1
118,42,19,4,0,18,0.15254237288135594,0,3,0,2.6312929881819,0.8882032816355229,3,2,0,4,15,1
43,34,1,2,0,0,0.0,0,1,0,1.4591479170272448,0.5019292899627705,0,0,0,3,12,1
56,16,32,2,0,0,0.0,0,1,0,1.8464393446710154,0.5122945713525245,0,0,0,4,7,0
19,10,1,2,0,0,0.0,0,1,0,1.4591479170272448,1.0958391463108923,0,0,0,3,1,0
21,12,1,2,0,0,0.0,0,1,0,1.4591479170272448,0.8296794444667382,0,0,0,3,2,0
43,15,6,2,0,2,0.046511627906976744,0,1,0,2.1556390622295662,0.8555440515724266,0,0,0,3,5,0
41,24,10,3,2,2,0.04878048780487805,0,1,0,1.8910611120726526,0.4772590925784675,1,0,0,3,7,1
41,23,11,2,0,1,0.024390243902439025,0,1,0,1.3787834934861753,0.5875299269132086,0,0,0,4,6,0
82,16,46,2,0,7,0.08536585365853659,0,1,0,1.8676338909712122,0.6588503688590988,0,0,0,6,6,1
49,27,15,3,2,6,0.12244897959183673,0,1,0,2.1709505944546685,0.6792363312348669,2,0,0,3,6,1
44,18,19,2,0,6,0.13636363636363635,0,1,0,1.2987949406953985,0.5637463554101342,0,0,0,5,4,0
119,42,20,4,0,20,0.16806722689075632,0,3,0,2.5941178916311856,0.8698508005279829,3,2,0,5,15,1
42,23,11,2,1,9,0.21428571428571427,0,1,0,1.8423709931771084,0.8321404652941217,0,0,0,3,6,1
41,10,23,1,1,0,0.0,0,0,0,1.6644977792004612,0.47968201242571695,0,0,0,4,3,0
31,14,10,3,0,0,0.0,0,1,0,1.4488156357251847,0.6063070863866284,0,0,0,3,5,1
39,30,1,2,0,0,0.0,0,1,0,1.4591479170272448,0.372864260360542,0,0,0,3,11,1
26,14,5,1,0,1,0.038461538461538464,0,0,0,1.3709505944546687,0.7154374099841738,0,0,0,3,5,1
58,19,32,3,1,0,0.0,0,1,0,1.6854752972273344,0.18704649663497477,0,0,0,5,4,0
52,16,29,3,3,0,0.0,0,1,0,1.8954618442383218,0.2811881333531545,1,0,0,3,3,0
27,19,1,2,0,0,0.0,0,1,0,1.4591479170272448,0.7948601771916626,0,0,0,3,6,0
63,7,32,3,2,2,0.031746031746031744,0,0,0,2.3553885422075336,0.45382207310196354,2,1,0,4,1,1
36,9,20,1,0,4,0.1111111111111111,0,0,0,1.1488348542809166,0.7954140402462226,0,0,0,5,2,0
49,31,11,4,1,10,0.20408163265306123,0,3,0,1.7527152789797047,0.842866848646113,0,0,0,3,6,1
51,21,23,1,3,0,0.0,0,0,0,1.6854752972273344,0.5527841879136314,0,0,0,5,5,0
35,13,15,2,0,0,0.0,0,0,0,1.4591479170272448,0.9900431361472027,0,0,0,3,4,0
75,14,54,3,0,11,0.14666666666666667,1,0,0,1.1401156785146092,0.6299606467781075,2,0,0,9,0,1
94,28,59,3,1,25,0.26595744680851063,0,2,0,1.617189572592715,1.0164253169568258,1,0,0,6,7,1
29,15,6,1,0,0,0.0,0,0,0,1.3709505944546687,0.6634558088277376,0,0,0,3,6,1
108,17,61,3,1,0,0.0,0,0,1,2.4188019372927023,0.7414361479674192,0,0,0,9,7,1
50,27,16,2,0,0,0.0,0,1,0,1.3787834934861753,0.34473772946540376,0,0,0,4,10,1
84,13,64,3,0,4,0.047619047619047616,0,1,0,2.0419460322060456,0.44080696150640136,0,0,0,5,3,0
31,12,11,2,0,0,0.0,0,0,0,1.4591479170272448,0.6422820860973081,0,0,0,3,3,1
24,16,1,2,0,0,0.0,0,1,0,1.4591479170272448,0.8086776331620258,0,0,0,3,3,0
50,25,18,3,0,1,0.02,0,1,0,1.8910611120726526,0.48515348210621473,1,0,0,3,6,1
66,20,39,3,7,5,0.07575757575757576,0,1,0,1.746465798504072,0.5468135758590474,0,0,0,4,6,0
91,15,69,3,10,3,0.03296703296703297,0,1,0,1.6382533594712747,0.35428015017094094,0,0,0,5,4,0
77,23,47,1,0,16,0.2077922077922078,0,0,0,1.1488348542809166,0.9411194629735782,0,0,0,5,8,1
67,20,40,5,0,0,0.0,0,1,0,1.3250112108241772,0.2918545569064796,1,0,0,6,5,1
30,13,9,2,1,0,0.0,0,1,0,1.8423709931771084,0.5832419910738691,0,0,0,3,1,0
25,18,0,2,0,2,0.08,0,1,0,1.5219280948873621,0.8707120114568149,0,0,0,2,5,1
125,17,61,4,1,0,0.0,0,0,1,2.078491674029184,0.5242172244681237,0,0,0,10,7,1
58,17,33,2,3,4,0.06896551724137931,0,1,0,1.8910611120726526,0.28720055549233586,0,0,0,3,3,0
58,21,30,2,3,0,0.0,0,1,0,1.8464393446710154,0.23506550016467168,0,0,0,4,6,0
40,16,16,2,0,0,0.0,0,1,0,1.3787834934861753,0.4073832371165261,0,0,0,4,5,0
66,28,31,2,4,0,0.0,0,1,0,1.823067982273661,0.501053114171202,0,0,0,4,9,0
47,7,32,1,0,7,0.14893617021276595,0,0,0,1.6644977792004612,1.6303929784501536,0,0,0,4,0,1
48,16,24,2,0,0,0.0,0,1,0,1.75,0.45464466390809977,0,0,0,4,7,0
61,35,19,4,0,9,0.14754098360655737,0,2,0,1.3921472236645345,0.7140984291108625,1,0,0,4,12,1
27,18,1,2,0,0,0.0,0,1,0,1.4591479170272448,0.3999201117155153,0,0,0,3,5,0
52,18,27,3,0,0,0.0,0,1,0,1.3516441151533924,0.4160622218569836,0,0,0,5,5,1
260,11,40,6,0,38,0.14615384615384616,0,0,0,1.6143308351592656,0.7616945782124743,0,0,0,5,3,1
52,24,21,2,1,4,0.07692307692307693,0,1,0,1.657742726504889,0.5227499438271779,0,0,0,5,5,1
177,11,73,4,1,33,0.1864406779661017,0,0,0,2.465957320949175,0.9005688647645457,3,0,0,6,3,1
47,16,23,2,0,0,0.0,0,1,0,1.75,0.5478679087144853,0,0,0,4,7,0
28,16,4,2,0,0,0.0,0,1,0,1.3787834934861753,0.5847246131039634,0,0,0,4,2,0
27,11,9,1,0,0,0.0,0,0,0,1.3709505944546687,0.5023282907725228,0,0,0,3,4,0
38,17,14,2,0,0,0.0,0,1,0,1.9056390622295665,0.4895990017261315,0,0,0,3,6,0
21,6,8,1,0,2,0.09523809523809523,0,0,0,1.3709505944546687,1.5533781670772118,0,0,0,3,1,1
21,6,8,1,0,2,0.09523809523809523,0,0,0,1.3709505944546687,1.2251119721256305,0,0,0,3,1,1
40,21,12,4,1,0,0.0,0,2,0,1.721928094887362,0.6325287662300346,0,0,0,4,5,1
24,16,1,2,0,0,0.0,0,1,0,1.4591479170272448,0.7695342746492917,0,0,0,3,4,0
27,14,6,2,0,0,0.0,0,1,0,1.4591479170272448,0.6177160803847199,0,0,0,3,2,0
136,13,23,5,0,25,0.18382352941176472,0,0,1,2.649397470347699,1.2658907634311005,1,0,0,4,4,1
81,24,20,4,0,4,0.04938271604938271,0,2,0,2.3158243335257076,0.44719532772944887,0,0,0,4,9,0
45,29,9,2,0,22,0.4888888888888889,0,1,0,1.3787834934861753,1.9398492881417309,0,0,0,4,4,1
54,19,28,2,2,0,0.0,0,0,0,1.9056390622295665,0.4479653181908047,1,0,0,3,6,0
49,17,25,3,1,0,0.0,0,1,0,1.9717472571281809,0.4932972589843043,0,0,0,5,3,1
57,16,33,2,0,0,0.0,0,1,0,1.823067982273661,0.6156007462318492,0,0,0,4,7,0
52,16,28,2,0,0,0.0,0,1,0,1.8365916681089791,0.4498159460987085,0,0,0,4,7,0
45,26,11,2,0,4,0.08888888888888889,0,1,0,1.4591479170272448,0.6070051380204523,0,0,0,3,9,1
76,10,34,1,0,26,0.34210526315789475,0,0,0,2.2810361125534233,1.3690673958498223,0,0,0,4,3,1
25,18,0,2,0,0,0.0,0,1,0,1.5219280948873621,0.7056521077187855,0,0,0,2,5,0
77,23,47,1,0,24,0.3116883116883117,0,0,0,1.1488348542809166,1.1847602220915507,0,0,0,5,8,1
26,17,1,1,0,0,0.0,0,0,0,1.3709505944546687,0.7851766353644314,0,0,0,3,5,1
62,20,34,2,4,2,0.03225806451612903,0,1,0,1.7841591278514217,0.6480879935508161,0,0,0,5,5,0
65,48,10,3,0,6,0.09230769230769231,0,1,0,1.4488156357251847,0.5194924060402192,1,0,0,3,15,1
29,17,4,2,0,0,0.0,0,1,0,1.3787834934861753,0.5856315944511469,0,0,0,4,4,0
23,15,0,2,0,0,0.0,0,1,0,1.5219280948873621,0.7165790765136013,0,0,0,2,4,0
120,17,61,4,1,0,0.0,0,0,1,2.078491674029184,0.5219659821868954,0,0,0,10,7,1
36,11,17,3,0,0,0.0,0,1,0,1.7527152789797047,0.7238189684127261,0,0,0,4,3,0
42,34,1,2,1,4,0.09523809523809523,0,1,0,1.8423709931771084,0.9193138034304635,0,0,0,3,7,1
29,20,1,2,0,0,0.0,0,1,0,1.4591479170272448,0.4989930682637203,0,0,0,3,7,0
30,17,6,2,0,0,0.0,0,1,0,1.3787834934861753,0.5500548135408926,0,0,0,4,6,1
24,15,1,1,0,0,0.0,0,0,0,1.3709505944546687,0.8133461070643869,0,0,0,3,4,0
29,20,1,2,0,0,0.0,0,1,0,1.4591479170272448,0.6369071513036243,0,0,0,3,5,0
72,21,44,1,1,0,0.0,0,0,0,1.207518749639422,0.32024116636100275,0,0,0,9,6,1
35,10,17,1,1,0,0.0,0,0,0,1.6644977792004612,0.4091238462463586,1,0,0,4,4,1
73,20,46,3,1,0,0.0,0,1,0,1.4885252948977485,0.26169161292658394,0,0,0,8,6,1
82,14,10,4,1,4,0.04878048780487805,0,1,0,2.5232314287976205,0.6388417002192166,0,0,0,3,2,0
32,13,11,2,0,0,0.0,0,0,0,1.4591479170272448,0.556429682719976,1,0,0,3,5,1
66,19,16,4,0,0,0.0,0,1,1,2.251629167387823,1.0111016922825,0,0,0,4,5,1
147,13,36,9,1,6,0.04081632653061224,0,0,0,2.2456798739466377,0.33079839148549756,0,0,0,10,3,1
19,6,6,1,0,1,0.05263157894736842,0,0,0,1.3709505944546687,1.329486572543228,0,0,0,3,2,1
68,42,19,4,0,13,0.19117647058823528,0,3,0,1.3921472236645345,0.81890113767181,2,2,0,4,15,1
61,18,36,1,1,6,0.09836065573770492,0,0,0,1.2776134368191154,0.45717751082817054,1,0,0,8,5,1
115,34,64,2,2,7,0.06086956521739131,0,1,0,2.2892464285091583,0.3896795147050201,0,0,0,6,10,1
43,18,18,3,0,0,0.0,0,1,0,1.4056390622295665,0.46279778043608844,0,0,0,4,5,1
41,33,1,2,3,0,0.0,0,1,0,1.8910611120726526,0.4630056261089503,1,2,0,3,9,1
92,17,67,1,9,7,0.07608695652173914,0,0,0,1.4913146570363986,0.4349290148729783,0,0,0,5,5,0
39,30,1,2,1,4,0.10256410256410256,0,1,0,1.8423709931771084,0.7465263397327997,0,0,0,3,10,1
43,21,15,2,0,0,0.0,0,1,0,1.4591479170272448,0.42054926097349465,0,0,0,3,6,1
68,42,19,4,0,11,0.16176470588235295,0,3,0,1.3921472236645345,0.7777054957062375,2,2,0,4,15,1
70,21,42,2,3,0,0.0,0,1,0,1.8464393446710154,0.3769209367494601,0,0,0,4,6,0
43,25,10,2,0,0,0.0,0,1,0,1.3787834934861753,0.4552646628701407,0,0,0,4,6,0
42,34,1,2,2,0,0.0,0,1,0,1.9056390622295665,0.44349310792953467,0,0,0,3,10,0
124,46,20,5,0,28,0.22580645161290322,0,4,0,2.56507654233637,1.0268318282405338,3,2,0,5,15,1
141,36,88,2,2,7,0.04964539007092199,0,1,0,2.502598068247261,0.39168800652808816,0,0,0,7,11,1
69,38,24,5,3,0,0.0,0,3,0,2.0670314951575843,0.4630872031715549,0,0,0,4,12,1
87,16,64,3,0,21,0.2413793103448276,0,1,0,1.295461844238322,0.7824561276830804,0,1,0,6,4,1
81,27,47,2,0,21,0.25925925925925924,0,1,0,1.2987949406953985,0.8448014046910337,0,0,0,5,8,1
25,17,1,2,1,0,0.0,0,1,0,1.8423709931771084,0.8636326893523208,0,0,0,3,4,0
71,20,44,4,0,0,0.0,0,2,0,1.573402452417767,0.42921318126587715,0,0,0,7,6,1
117,18,92,3,0,0,0.0,0,1,0,1.6758220575766962,0.5411181817874116,0,0,0,5,5,0
112,17,61,3,1,0,0.0,0,0,1,2.0602489763846963,0.6270296664667886,1,0,0,10,7,1
40,14,18,3,1,0,0.0,0,1,0,1.811278124459133,0.513093506749508,0,0,0,3,5,0
27,18,1,2,0,0,0.0,0,1,0,1.4591479170272448,0.5558150034569593,0,0,0,3,4,0
81,19,55,2,0,17,0.20987654320987653,0,1,0,1.1567796494470395,0.956517661062586,0,0,0,7,4,1
44,14,23,1,1,0,0.0,0,0,0,1.6644977792004612,0.4749395288743936,0,0,0,4,3,1
196,17,51,3,2,54,0.2755102040816326,0,1,0,2.684183719779189,0.8874902989313275,2,1,0,8,5,1
30,22,1,2,0,0,0.0,0,1,0,1.4591479170272448,0.6330662568028721,0,0,0,3,7,0
27,18,1,2,0,0,0.0,0,1,0,1.4591479170272448,0.6650351964590009,0,0,0,3,4,0
24,15,1,2,0,0,0.0,0,1,0,1.4591479170272448,0.9770522081138089,0,0,0,3,2,0
437,23,20,7,2,189,0.43249427917620137,0,1,0,1.9925718623777005,1.5936320211441963,0,0,0,18,7,1
51,20,23,2,1,4,0.0784313725490196,0,1,0,1.5709505944546687,0.37439895181712457,0,0,0,6,6,0
27,18,1,2,0,0,0.0,0,1,0,1.4591479170272448,0.6294219276352897,0,0,0,3,4,0
46,38,1,4,2,6,0.13043478260869565,0,3,0,1.8464393446710154,0.707757414393306,0,0,0,3,9,1
47,11,28,3,0,0,0.0,0,1,0,1.896240625180289,0.5275873730112082,0,0,0,6,1,0
66,29,30,2,1,0,0.0,0,1,0,1.5709505944546687,0.39389655274524815,0,0,0,6,11,0
34,17,10,2,1,0,0.0,0,0,0,1.8423709931771084,0.5242982790867381,0,0,0,3,6,1
41,34,0,2,4,0,0.0,0,1,0,1.8365916681089791,1.367220491727095,0,0,0,2,6,0
49,10,32,1,3,6,0.12244897959183673,0,0,0,1.6854752972273344,0.46374512419551644,0,0,0,5,4,0
80,16,9,2,2,7,0.0875,0,1,0,2.8037016960573484,0.9496029955529344,0,0,0,4,6,0
46,16,22,2,0,0,0.0,0,1,0,1.75,0.4754671155089612,0,0,0,4,7,0
46,27,12,3,0,2,0.043478260869565216,0,2,0,1.4056390622295665,0.4277526545775238,0,0,0,4,9,1
71,26,37,4,0,2,0.028169014084507043,0,1,0,1.2806721295208872,0.404043995770062,0,0,0,7,10,1
29,14,1,3,0,3,0.10344827586206896,0,2,0,2.113283334294875,1.2666090663452554,0,0,0,3,4,0
62,11,44,3,1,3,0.04838709677419355,0,1,0,2.1416195253341384,0.42646194155199796,0,0,0,6,2,0
102,13,81,3,0,24,0.23529411764705882,0,1,0,1.0529815751302694,0.9946561213708283,0,0,0,11,3,1
58,10,10,2,0,0,0.0,0,0,0,2.2841591278514217,0.6427414792703338,0,0,0,5,3,1
39,22,10,2,1,0,0.0,0,1,0,1.75,0.5025077614438057,0,0,0,4,8,1
26,17,1,2,0,0,0.0,0,1,0,1.4591479170272448,0.7460350504414688,0,0,0,3,4,0
57,18,17,3,0,6,0.10526315789473684,0,1,0,2.113283334294875,0.6777034214385335,0,0,0,3,3,0
113,15,76,2,0,10,0.08849557522123894,0,1,0,2.1179631753145163,0.48402625663248805,0,0,0,7,5,1
77,23,47,1,0,20,0.2597402597402597,0,0,0,1.1488348542809166,0.9526511311755005,0,0,0,5,8,1
35,26,1,2,0,0,0.0,0,1,0,1.4591479170272448,0.3812310306123556,0,0,0,3,8,0
795,35,22,12,20,131,0.16477987421383647,0,3,0,2.807468005498135,0.7262280268496696,0,0,0,6,10,1
33,24,1,2,0,0,0.0,0,1,0,1.4591479170272448,0.3581720929104534,0,0,0,3,6,0
24,16,1,2,0,0,0.0,0,1,0,1.4591479170272448,1.254905812325161,0,0,0,3,3,0
31,22,1,2,0,0,0.0,0,1,0,1.4591479170272448,0.7988815847611324,0,0,0,3,7,1
55,35,13,1,1,0,0.0,0,0,0,1.6644977792004612,0.3132038101587757,0,0,0,4,14,1
29,22,0,2,0,2,0.06896551724137931,0,1,0,1.5219280948873621,0.7546232769962111,0,0,0,2,6,1
67,23,37,3,0,10,0.14925373134328357,0,1,0,1.789929075309999,0.6033929943834264,0,0,0,5,8,0
39,31,1,3,1,0,0.0,0,2,0,1.811278124459133,0.34803462273690666,1,2,0,3,11,1
39,14,18,3,0,0,0.0,0,1,0,1.4056390622295665,0.5035813175656161,0,0,0,4,4,1
98,26,65,2,2,24,0.24489795918367346,0,1,0,1.483831706844689,0.7868064164145453,0,0,0,9,9,1
20,11,1,2,0,0,0.0,0,1,0,1.4591479170272448,1.1902651881964919,0,0,0,3,2,0
25,17,1,2,0,0,0.0,0,1,0,1.4591479170272448,0.4705808409177682,0,0,0,3,3,0
70,14,49,3,2,0,0.0,0,1,0,1.789929075309999,0.2974925400961536,0,0,0,5,3,0
40,22,11,2,0,0,0.0,0,1,0,1.4591479170272448,0.46394989430116607,0,0,0,3,7,0
59,23,29,4,0,0,0.0,0,2,0,1.360964047443681,0.45640814695011134,0,0,0,5,9,0
18,4,6,1,0,1,0.05555555555555555,0,0,0,1.3709505944546687,1.833210745891193,0,0,0,3,1,1
31,17,6,2,1,0,0.0,0,1,0,1.8423709931771084,0.3138936140370785,0,0,0,3,6,0
27,18,1,2,0,0,0.0,0,1,0,1.4591479170272448,0.6110504648772973,0,0,0,3,5,0
21,14,0,1,0,0,0.0,0,0,0,1.5,0.4987936025391046,0,0,0,2,4,0
24,15,1,2,0,0,0.0,0,1,0,1.4591479170272448,0.6520795861761911,0,0,0,3,4,0
31,24,0,2,1,0,0.0,0,1,0,1.9182958340544896,0.5465175968756901,0,0,0,2,7,0
29,20,1,2,0,0,0.0,0,1,0,1.4591479170272448,0.6536997585540086,0,0,0,3,7,0
102,14,8,6,0,1,0.00980392156862745,0,1,0,1.8647869792568113,0.358288872776869,1,0,0,12,3,1
86,48,31,2,2,9,0.10465116279069768,0,1,0,1.6858157091530304,0.43722901891766985,0,0,0,6,14,1
41,34,0,2,2,5,0.12195121951219512,0,1,0,1.9502120649147467,0.8406106101290265,0,0,0,2,9,1
30,15,8,3,1,0,0.0,0,1,0,1.7527152789797047,0.48028269216874353,0,0,0,4,6,1
39,14,18,4,0,1,0.02564102564102564,0,2,0,1.3921472236645345,0.6519307435517905,0,0,0,4,3,1
54,23,24,2,1,1,0.018518518518518517,0,0,0,1.657742726504889,0.429760987970166,0,0,0,5,8,1
81,25,49,3,1,8,0.09876543209876543,0,1,0,1.9877733714879842,0.5812595204181142,0,0,0,6,10,0
81,20,53,2,4,0,0.0,0,1,0,1.7841591278514217,0.28341247490279026,0,0,0,5,5,0
61,20,34,4,0,1,0.01639344262295082,0,2,0,1.7381493331928664,0.3693265308502576,0,0,0,6,5,0
40,10,23,2,1,0,0.0,0,1,0,2.0588138903312014,0.492677213135099,0,0,0,4,1,1
90,20,53,2,1,4,0.044444444444444446,0,1,0,2.4956029237290127,0.5159189415287632,0,0,0,5,7,1
23,16,0,2,1,0,0.0,0,1,0,1.9182958340544896,0.9010925786430775,0,0,0,2,3,0
29,20,1,2,0,0,0.0,0,1,0,1.4591479170272448,0.7075066534082559,0,0,0,3,6,0
63,21,35,2,3,0,0.0,0,1,0,1.789929075309999,0.27268746594732945,0,0,0,5,5,0
71,45,19,2,0,16,0.22535211267605634,0,1,0,1.3787834934861753,1.0870566466410527,0,0,0,4,14,1
25,18,0,2,0,0,0.0,0,1,0,1.5219280948873621,1.1400410535329188,0,0,0,2,5,1
81,18,56,3,0,1,0.012345679012345678,0,1,0,1.295461844238322,0.21498820881427474,0,0,0,6,4,0
46,25,14,2,0,0,0.0,0,1,0,1.8423709931771084,0.4940954282522095,0,0,0,3,8,0
114,26,81,3,2,24,0.21052631578947367,0,1,0,1.5546097612655667,0.642450099130725,0,0,0,9,9,1
44,18,18,1,0,0,0.0,0,0,0,1.1488348542809166,0.624654256063451,0,0,0,5,7,1
97,26,63,2,5,0,0.0,0,1,0,1.760495029766198,0.38933873798089697,0,0,0,5,9,0
98,27,3,4,1,3,0.030612244897959183,0,1,0,2.469670487371862,0.4873428278108964,0,0,0,4,7,1
68,18,43,3,1,12,0.17647058823529413,0,1,0,1.4299111709758698,0.7309000401199853,0,0,0,9,5,0
36,28,1,2,2,0,0.0,0,1,0,1.9056390622295665,0.432068452563128,0,0,0,3,9,0
71,24,40,2,1,0,0.0,0,1,0,1.4911148500551856,0.416073966889841,0,0,0,7,6,1
47,14,26,2,0,2,0.0425531914893617,0,1,0,1.224394445405986,0.5564998738708227,0,0,0,6,3,1
56,27,21,3,2,1,0.017857142857142856,0,1,0,1.8910611120726526,0.294938357738355,0,0,0,3,6,0
93,19,67,2,4,5,0.053763440860215055,0,1,0,1.93012496531497,0.3979718594997738,0,0,0,7,6,0
97,17,61,2,1,0,0.0,0,0,0,1.7987949406953985,0.3195075261179691,0,0,0,10,7,1
48,15,26,2,1,0,0.0,0,1,0,1.657742726504889,0.44385258115380033,0,0,0,5,4,0
436,14,60,3,2,190,0.43577981651376146,0,1,0,1.6805563732659934,2.056049935561062,0,0,0,11,2,1
52,24,20,3,0,0,0.0,0,1,0,1.4056390622295665,0.4728371515244731,1,0,0,4,7,1
38,29,1,2,0,0,0.0,0,1,0,1.4591479170272448,0.5490947111031999,0,0,0,3,10,0
25,17,1,2,0,0,0.0,0,1,0,1.4591479170272448,0.6248882216156555,0,0,0,3,5,0
58,23,28,1,1,0,0.0,0,0,0,1.3567796494470397,0.33284278667850287,0,0,0,7,8,1
27,19,1,2,0,0,0.0,0,1,0,1.4591479170272448,0.5272352494663481,0,0,0,3,4,0
47,39,1,4,2,6,0.1276595744680851,0,3,0,1.8464393446710154,0.7793890210353134,0,0,0,3,10,1
21,14,0,1,0,0,0.0,0,0,0,1.5,1.0738433334948576,0,0,0,2,5,0
54,16,30,2,0,0,0.0,0,1,0,1.8365916681089791,0.5683976056416908,0,0,0,4,7,0
57,16,33,3,0,0,0.0,0,1,0,1.6854752972273344,0.3044615116049043,0,0,0,5,5,0
55,15,33,3,0,34,0.6181818181818182,1,0,0,1.4488156357251847,2.7254915663819577,0,0,0,3,0,1
59,42,10,4,2,1,0.01694915254237288,0,3,0,1.8464393446710154,0.3866621323126892,0,0,0,3,11,1
34,26,1,2,0,0,0.0,0,1,0,1.4591479170272448,0.5343049286478037,0,0,0,3,9,1
52,18,27,2,0,2,0.038461538461538464,0,0,0,1.1567796494470395,0.5144166591322427,0,0,0,7,6,1
69,19,43,4,0,4,0.057971014492753624,0,2,0,1.7735572622751854,0.45822797836075246,0,0,0,8,6,0
63,10,17,3,0,3,0.047619047619047616,0,0,1,2.5654483718208256,1.0712120188842087,0,0,0,4,2,1
32,8,7,1,0,4,0.125,0,0,0,1.879964948727111,1.2621264120114686,0,0,0,5,2,1
18,9,1,2,0,0,0.0,0,1,0,1.4591479170272448,1.269960938094969,0,0,0,3,1,0
76,19,50,2,5,0,0.0,0,1,0,1.7841591278514217,0.332300636315996,0,0,0,4,5,0
91,25,59,3,7,6,0.06593406593406594,0,1,0,1.7489992230622806,0.40565675919255895,0,0,0,5,9,0
79,13,30,2,1,0,0.0,0,0,1,2.353533948577482,0.8964750755639285,0,0,0,6,4,1
57,16,33,2,0,0,0.0,0,1,0,1.2987949406953985,0.40712599092412366,0,0,0,5,6,1
44,27,10,2,0,2,0.045454545454545456,0,1,0,1.3787834934861753,0.37853716157300793,0,0,0,4,7,0
91,19,4,3,0,11,0.12087912087912088,0,1,0,2.2998963911678914,0.7253395216716633,0,0,0,4,8,1
33,15,11,2,0,1,0.030303030303030304,0,1,0,1.2987949406953985,0.7508501299969678,0,0,0,5,5,0
34,25,1,3,1,0,0.0,0,2,0,1.811278124459133,0.594948274555831,0,0,0,3,7,0
66,30,22,3,1,2,0.030303030303030304,0,1,0,1.9717472571281809,0.4387762581256023,0,0,0,5,11,0
31,23,1,3,0,0,0.0,0,2,0,1.4488156357251847,0.4484489691234194,0,0,0,3,7,0
29,20,1,3,0,0,0.0,0,2,0,1.4488156357251847,0.5240324033425586,0,0,0,3,5,0
32,24,1,2,1,0,0.0,0,1,0,1.8423709931771084,0.5801312838480885,0,0,0,3,6,1
35,26,1,2,0,1,0.02857142857142857,0,1,0,1.4591479170272448,0.5287025148862106,0,0,0,3,9,1
74,20,47,2,5,0,0.0,0,0,0,1.7841591278514217,0.35986402757765734,0,0,0,4,7,0
40,32,1,2,0,0,0.0,0,1,0,1.4591479170272448,0.5784970823126625,0,0,0,3,10,0
42,33,1,1,4,4,0.09523809523809523,0,0,0,1.7527152789797047,1.0692063076690697,0,0,0,3,8,1
38,31,0,2,0,0,0.0,0,1,0,1.5219280948873621,0.6309817019426831,0,0,0,2,10,1
30,21,1,2,0,0,0.0,0,1,0,1.4591479170272448,0.5859449300603283,0,0,0,3,6,0
39,19,13,3,0,0,0.0,0,1,0,1.4488156357251847,0.4343319012463789,0,0,0,3,7,1
30,21,1,1,2,0,0.0,0,0,0,1.8423709931771084,0.598421400858201,2,0,0,3,9,1
77,23,47,1,0,20,0.2597402597402597,0,0,0,1.1488348542809166,1.034777139856131,0,0,0,5,8,1
53,21,25,2,0,4,0.07547169811320754,0,1,0,1.224394445405986,0.563592600219068,0,0,0,6,8,1
65,36,22,3,5,0,0.0,0,1,0,1.8250112108241772,0.48108881609591225,0,0,0,3,8,0
42,14,21,3,0,5,0.11904761904761904,0,1,0,1.3516441151533924,0.6707421697597702,0,0,0,5,6,0
31,24,0,2,0,0,0.0,0,1,0,1.5219280948873621,0.570467793592512,0,0,0,2,8,1
76,29,40,2,3,0,0.0,0,1,0,1.8464393446710154,0.36069285483473074,0,0,0,4,9,0
64,43,13,5,2,16,0.25,0,3,0,1.7841591278514217,1.0033834371676489,0,0,0,4,4,1
100,17,76,3,9,7,0.07,0,1,0,1.6758220575766962,0.4209367805968037,0,0,0,5,6,0
21,7,6,1,0,1,0.047619047619047616,0,0,0,1.3709505944546687,1.6428699220507639,0,0,0,3,2,1
43,15,6,2,1,0,0.0,0,1,0,2.4193819456463714,0.8077494532539201,0,0,0,3,5,0
23,15,1,2,0,0,0.0,0,1,0,1.4591479170272448,0.7419116985801509,0,0,0,3,4,0
37,28,1,2,0,0,0.0,0,1,0,1.4591479170272448,0.34108102149090136,0,0,0,3,8,0
28,19,1,2,0,0,0.0,0,1,0,1.4591479170272448,0.5558206790065966,0,0,0,3,5,0
33,24,1,2,0,0,0.0,0,1,0,1.4591479170272448,0.6184838875886929,0,0,0,3,8,0
97,21,69,2,5,0,0.0,0,1,0,1.760495029766198,0.4909272237750917,0,0,0,5,6,0
76,32,37,2,1,0,0.0,0,1,0,1.4911148500551856,0.208869050525026,0,0,0,7,11,1
73,18,47,2,7,0,0.0,0,1,0,1.6893917467430877,0.35849820607508726,0,0,0,4,7,0
50,16,27,2,0,0,0.0,0,0,0,1.2987949406953985,0.6522208523609176,0,0,0,5,5,1
54,18,29,2,0,0,0.0,0,1,0,1.224394445405986,0.325474640142896,0,0,0,6,5,0
20,11,1,2,0,0,0.0,0,1,0,1.4591479170272448,0.908292050713539,0,0,0,3,2,0
100,43,50,4,4,29,0.29,0,3,0,1.8352377453121176,1.0376111542392255,0,0,0,5,15,1
33,20,1,2,0,0,0.0,0,1,0,2.4464393446710155,1.0806471148982941,0,0,0,3,4,0
96,14,75,3,0,27,0.28125,0,1,0,1.4299111709758698,0.8891632049589631,0,0,0,9,1,1
60,35,18,5,1,2,0.03333333333333333,0,3,0,1.6767370300521325,0.7914133389058905,0,0,0,4,6,1
58,24,27,3,0,0,0.0,0,1,0,1.811278124459133,0.47481155184442286,0,0,0,3,6,0
22,13,1,2,0,0,0.0,0,1,0,1.4591479170272448,0.627635225858384,0,0,0,3,4,0
64,17,39,2,5,9,0.140625,0,1,0,1.6894822670191825,0.5210148976689498,0,0,0,7,4,0
75,14,54,2,0,2,0.02666666666666667,0,1,0,0.9912642605354288,0.4234088033217044,0,0,0,10,2,1
55,22,25,1,0,0,0.0,0,0,0,1.061278124459133,0.48551502595298907,1,1,0,6,9,1
148,15,15,7,0,9,0.060810810810810814,0,1,0,2.599389591616702,0.6742792928745691,1,0,0,4,4,1
41,13,21,2,0,0,0.0,0,0,0,1.2987949406953985,0.6856912302063852,0,0,0,5,6,1
34,21,1,2,0,9,0.2647058823529412,0,1,0,2.4464393446710155,1.6553438417440662,0,0,0,3,3,0
43,16,9,2,0,7,0.16279069767441862,0,0,0,2.1556390622295662,1.059106860155455,0,0,0,3,7,0
110,31,72,4,0,16,0.14545454545454545,0,1,0,1.2389012566026305,0.7617135504224203,1,0,0,8,13,1
70,29,34,2,0,21,0.3,0,1,0,1.3787834934861753,1.2266817392192058,0,2,0,4,9,1
35,13,15,1,0,0,0.0,0,0,0,1.2516291673878228,0.46197535454196365,0,0,0,4,4,0
118,42,19,4,0,22,0.1864406779661017,0,3,0,2.6312929881819,0.985195132957072,3,2,0,4,15,1
57,25,24,5,1,3,0.05263157894736842,0,3,0,1.9508257945180885,0.5226519185027013,0,0,0,4,4,1
69,42,19,4,0,11,0.15942028985507245,0,3,0,1.3921472236645345,0.6349700522543807,2,2,0,4,15,1
27,20,0,2,1,0,0.0,0,1,0,1.9182958340544896,0.6871282715380557,0,0,0,2,7,0
67,20,32,3,1,1,0.014925373134328358,0,1,0,1.896240625180289,0.356842825403402,0,0,0,6,5,1
43,13,23,4,0,10,0.23255813953488372,1,0,0,1.360964047443681,1.1215482919098054,0,0,0,5,0,1
56,29,20,2,2,3,0.05357142857142857,0,1,0,1.8365916681089791,0.5255365766269421,0,0,0,4,8,1
56,20,29,2,0,0,0.0,0,1,0,1.1567796494470395,0.41200568766167145,1,0,0,7,6,1
77,31,38,2,4,9,0.11688311688311688,0,1,0,1.6893917467430877,0.5118947020759903,0,0,0,7,8,1
79,13,59,2,6,0,0.0,0,1,0,1.7381493331928664,0.4620928444188279,0,0,0,4,4,0
31,23,1,2,0,0,0.0,0,1,0,1.4591479170272448,0.5908360452913856,0,0,0,3,7,0
62,31,24,4,0,10,0.16129032258064516,0,3,0,1.4591479170272448,0.7328083525956953,0,0,0,6,6,1
35,28,0,2,0,2,0.05714285714285714,0,1,0,1.5219280948873621,0.7526686055367388,0,0,0,2,8,0
67,14,46,2,0,18,0.26865671641791045,0,1,0,1.224394445405986,1.286556704048471,0,0,0,6,2,1
50,31,12,3,0,0,0.0,0,1,0,1.4488156357251847,0.4378897591420997,0,0,0,3,11,1
43,22,14,2,1,0,0.0,0,1,0,1.8423709931771084,0.4133137101884473,0,0,0,3,7,0
39,31,1,2,2,3,0.07692307692307693,0,1,0,1.9056390622295665,0.7531971156200735,0,0,0,3,7,1
59,21,30,4,1,0,0.0,0,1,0,1.7527152789797047,0.3610948643186611,0,1,0,3,5,1
31,23,1,2,0,0,0.0,0,1,0,1.4591479170272448,0.4941098495615008,0,0,0,3,9,1
48,20,20,3,0,6,0.125,0,1,0,1.3516441151533924,0.7091870864166981,0,0,0,5,4,1
31,14,10,2,1,0,0.0,0,1,0,1.75,0.6959712869142265,0,0,0,4,3,0
143,24,112,3,2,12,0.08391608391608392,0,1,0,2.3053206513329316,0.5950335180759153,0,0,0,8,6,0
21,11,2,1,0,0,0.0,0,0,0,1.3709505944546687,0.7784289357877194,0,0,0,3,3,1
147,23,116,7,5,2,0.013605442176870748,0,0,1,1.9679074521481286,0.5110305219277658,2,1,0,7,8,1
29,20,1,2,0,0,0.0,0,1,0,1.4591479170272448,0.6087614156365605,0,0,0,3,6,0
25,16,1,2,1,0,0.0,0,1,0,1.8423709931771084,0.6999195003972509,0,0,0,3,4,0
96,27,61,3,2,1,0.010416666666666666,0,1,0,1.610577243331642,0.3283615252780322,0,0,0,8,8,1
41,16,17,2,0,0,0.0,0,1,0,1.75,0.4421726478634696,0,0,0,4,7,0
128,50,20,4,1,11,0.0859375,0,3,0,2.7550576199383077,0.7316482660960778,3,2,0,5,17,1
23,15,0,3,0,0,0.0,0,2,0,1.4591479170272448,1.0838417427690397,0,0,0,2,3,0
86,36,43,3,1,2,0.023255813953488372,0,1,0,1.4885252948977485,0.4277337206067569,1,0,0,8,13,1
41,16,17,2,0,0,0.0,0,1,0,1.75,0.4832736051199893,0,0,0,4,7,0
19,11,1,2,0,3,0.15789473684210525,0,1,0,1.4591479170272448,1.5772005104512197,0,0,0,3,1,1
24,15,1,1,0,0,0.0,0,0,0,1.3709505944546687,0.9432753256666503,0,0,0,3,6,0
43,16,20,2,0,0,0.0,0,1,0,1.3787834934861753,0.6193268811782521,0,0,0,4,6,1
48,17,23,2,1,0,0.0,0,1,0,1.657742726504889,0.30002735000337694,0,0,0,5,4,0
907,29,39,6,10,159,0.175303197353914,0,1,0,2.8844291977281737,0.9933420684186641,1,0,0,7,9,1
56,23,26,3,0,0,0.0,0,1,0,1.7527152789797047,0.38193690485963566,0,0,0,4,8,0
41,19,15,3,0,0,0.0,0,1,0,1.4056390622295665,0.2848530502759697,0,0,0,4,6,0
61,15,38,3,2,1,0.01639344262295082,0,1,0,1.789929075309999,0.3469812442095003,0,0,0,5,5,0
109,11,91,2,7,4,0.03669724770642202,0,1,0,1.6578764348499595,0.3746473723006262,0,0,0,7,2,0
68,17,43,2,2,0,0.0,0,1,0,1.6140054628542204,0.2661543269829952,0,0,0,7,3,0
58,18,33,2,0,0,0.0,0,1,0,1.8464393446710154,0.5100146491677713,0,0,0,4,7,0
56,19,30,1,1,0,0.0,0,0,0,1.5487949406953985,0.2563190740111394,1,0,0,5,6,1
25,17,1,2,1,4,0.16,0,1,0,1.8423709931771084,1.438362327568327,0,0,0,3,3,1
25,17,1,2,1,0,0.0,0,1,0,1.8423709931771084,0.5989813356983883,0,0,0,3,7,1
39,17,15,2,0,0,0.0,0,1,0,1.75,0.35722426645728733,0,0,0,4,6,1
18,5,6,1,0,2,0.1111111111111111,0,0,0,1.3709505944546687,1.8821639067498048,0,0,0,3,0,1
55,18,30,3,0,5,0.09090909090909091,0,1,0,1.3516441151533924,0.754192377982949,0,0,0,5,2,1
49,17,25,2,0,4,0.08163265306122448,0,0,0,1.2987949406953985,0.49264747652068624,0,0,0,5,6,1
37,25,5,2,0,8,0.21621621621621623,0,1,0,1.3787834934861753,1.3263864127609395,0,0,0,4,6,1
37,19,11,3,0,0,0.0,0,1,0,1.4488156357251847,0.5449651028226438,0,0,0,3,5,0
28,20,0,2,1,0,0.0,0,1,0,1.9182958340544896,0.5140582730324682,0,0,0,2,5,0
32,24,1,3,1,0,0.0,0,2,0,1.811278124459133,0.7688972100010201,0,2,0,3,8,1
25,17,1,2,0,2,0.08,0,1,0,1.4591479170272448,0.9970457196264548,0,0,0,3,5,0
66,47,12,5,0,0,0.0,0,3,0,1.360964047443681,0.41701420038419756,0,0,0,4,19,1
50,17,26,3,0,3,0.06,0,1,0,1.4056390622295665,0.5730778624485503,1,0,0,4,4,1
31,23,1,2,0,0,0.0,0,1,0,1.4591479170272448,0.6883511860337286,0,0,0,3,6,0
21,14,0,2,0,0,0.0,0,1,0,1.5219280948873621,1.0138633998433686,0,0,0,2,4,1
30,21,1,2,0,0,0.0,0,1,0,1.4591479170272448,0.5588275132722964,0,0,0,3,6,0
39,15,17,2,2,0,0.0,0,1,0,1.9056390622295665,0.46042507350196116,0,0,0,3,4,0
46,14,14,3,1,4,0.08695652173913043,0,1,0,2.3709505944546687,0.8087871021218698,0,0,0,3,2,0
38,15,15,3,0,0,0.0,0,1,0,1.811278124459133,0.5801032238809611,0,0,0,3,5,1
31,22,1,2,0,0,0.0,0,1,0,1.4591479170272448,0.6699533229692856,0,0,0,3,7,1
31,22,1,1,0,0,0.0,0,0,0,1.3709505944546687,0.6160180897593021,0,0,0,3,9,1
98,24,35,7,0,1,0.01020408163265306,0,2,1,1.8322488896002307,0.9295164489995448,0,0,0,4,9,1
71,19,45,1,0,0,0.0,0,0,0,0.8658566174572235,0.4782443879419234,4,0,0,9,7,1
39,25,6,2,0,0,0.0,0,1,0,1.3787834934861753,0.5054647009772172,0,0,0,4,7,0
92,14,25,3,0,4,0.043478260869565216,0,1,0,2.610577243331642,0.46224926658672977,0,0,0,4,3,0
64,11,35,2,1,8,0.125,0,1,0,2.1258145836939115,0.6279189172134276,0,0,0,6,3,1
83,33,42,4,5,6,0.07228915662650602,0,2,0,1.8256051990169437,0.3736113513270635,0,0,0,5,10,0
121,46,20,5,0,18,0.1487603305785124,0,4,0,2.56507654233637,0.9150063552184066,3,2,0,5,15,1
54,26,21,4,0,4,0.07407407407407407,0,3,0,1.4591479170272448,0.5486961748829177,0,0,0,6,7,1
102,7,1,3,1,17,0.16666666666666666,0,0,0,2.607861226141998,1.2406014082878296,0,0,0,3,2,1
31,24,0,2,0,1,0.03225806451612903,0,1,0,1.5219280948873621,0.6904843850092848,0,0,0,2,6,1
27,18,1,2,0,0,0.0,0,1,0,1.4591479170272448,0.6164098621876628,0,0,0,3,4,0
70,49,13,5,2,17,0.24285714285714285,0,3,0,1.7841591278514217,0.891384577719273,0,0,0,4,8,1
36,29,0,2,0,0,0.0,0,1,0,1.5219280948873621,0.5493867459210721,0,0,0,2,9,1
62,19,36,2,0,19,0.3064516129032258,0,1,0,1.3787834934861753,1.127839368456805,0,0,0,4,4,1
23,16,0,1,0,0,0.0,0,0,0,1.5,1.0299205448078594,0,0,0,2,6,0
23,10,5,1,0,0,0.0,0,0,0,1.3709505944546687,0.9940793539547136,0,0,0,3,3,1
106,29,69,2,9,44,0.41509433962264153,0,1,0,1.608700165519891,1.4978232170924974,0,0,0,5,9,1
36,27,1,2,0,11,0.3055555555555556,0,1,0,1.4591479170272448,1.78463987781604,0,0,0,3,4,1
35,16,12,2,0,0,0.0,0,0,0,1.4591479170272448,0.7623748395765702,0,0,0,3,5,1
34,26,1,2,0,4,0.11764705882352941,0,1,0,1.4591479170272448,0.886982715590415,0,0,0,3,7,1
29,13,8,3,0,0,0.0,0,2,0,1.4488156357251847,0.673100429465919,0,0,0,3,2,0
22,13,1,2,0,1,0.045454545454545456,0,1,0,1.4591479170272448,1.0641857842690128,0,0,0,3,2,1
81,27,47,2,0,22,0.2716049382716049,0,1,0,1.2987949406953985,0.9552211034428326,0,0,0,5,8,1
64,16,40,2,4,7,0.109375,0,1,0,1.8464393446710154,0.43893236148174075,0,0,0,3,5,0
82,26,49,2,1,0,0.0,0,0,0,1.4911148500551856,0.268025554213619,0,0,0,7,10,1
63,16,40,3,0,2,0.031746031746031744,0,1,0,1.617189572592715,0.36989236775855777,0,0,0,6,3,0
36,28,1,2,2,0,0.0,0,1,0,1.9056390622295665,0.4349060783798196,0,0,0,3,8,1
49,20,22,2,1,0,0.0,0,1,0,1.75,0.299126372333733,0,0,0,4,6,0
66,17,42,3,3,7,0.10606060606060606,0,1,0,1.8250112108241772,0.3245342273386404,0,0,0,5,5,0
31,23,1,2,0,0,0.0,0,1,0,1.4591479170272448,0.5952435365709569,0,0,0,3,7,0
34,26,1,2,0,0,0.0,0,1,0,1.4591479170272448,0.6262889127119212,0,0,0,3,8,0
28,20,1,1,0,0,0.0,0,0,0,1.3709505944546687,0.6242053469396273,0,0,0,3,6,1
49,15,27,3,0,2,0.04081632653061224,0,1,0,1.295461844238322,0.6383570617855756,0,0,0,6,7,1
144,32,105,3,2,9,0.0625,0,1,0,1.8910611120726526,0.5231718365453762,1,0,0,3,12,1
38,20,11,3,0,0,0.0,0,1,0,1.4488156357251847,0.32341014724065204,0,0,0,3,7,0
43,12,24,2,1,0,0.0,0,1,0,1.657742726504889,0.5063589654506522,0,0,0,5,3,0
41,17,16,2,0,0,0.0,0,1,0,1.3787834934861753,0.4694045180598763,0,0,0,4,6,0
180,12,35,6,2,43,0.2388888888888889,0,0,0,2.7295739585136225,0.863282377456313,1,0,0,6,4,1
39,20,12,2,0,0,0.0,0,0,0,1.4591479170272448,0.4926043502584079,0,0,0,3,8,1
47,16,23,2,0,0,0.0,0,1,0,1.3787834934861753,0.5216360540168735,0,0,0,4,6,1
63,27,29,1,1,0,0.0,0,0,0,1.4466166676282082,0.4683981597630894,0,0,0,6,10,1
46,15,23,2,0,0,0.0,0,0,0,1.3787834934861753,0.5724216546611388,0,0,0,4,4,0
58,15,36,2,3,0,0.0,0,1,0,1.789929075309999,0.30291136053377,0,0,0,5,2,0
36,13,16,1,0,5,0.1388888888888889,0,0,0,1.1488348542809166,0.7582623816286362,0,0,0,5,5,1
138,11,119,3,2,4,0.028985507246376812,0,0,0,1.784315128855494,0.2876206837848133,0,0,0,11,4,1
113,15,76,2,2,6,0.05309734513274336,0,1,0,2.396782221599798,0.5821061538909491,0,0,0,7,5,1
147,24,116,2,0,36,0.24489795918367346,0,1,0,0.9463729359854419,0.8041322109965818,0,0,0,11,7,1
50,13,30,3,0,1,0.02,0,1,0,1.3516441151533924,0.5416023463345255,0,0,0,5,4,1
105,50,12,3,5,14,0.13333333333333333,0,1,0,2.2988252450030506,0.6297251177544684,0,0,0,3,12,1
83,14,61,1,9,1,0.012048192771084338,0,0,0,1.4716022614097979,0.4413613231692715,0,0,0,4,5,0
86,14,47,2,0,29,0.3372093023255814,0,1,0,1.8676338909712122,1.1944596745256768,0,0,0,6,4,1
63,16,40,2,0,0,0.0,0,1,0,1.8676338909712122,0.3887226292838869,0,0,0,6,4,0
18,10,1,2,0,0,0.0,0,1,0,1.4591479170272448,0.8471074280330025,0,0,0,3,2,0
75,15,53,4,1,2,0.02666666666666667,0,2,0,1.8919954870390203,0.3589453928078923,0,0,0,6,5,0
61,15,38,2,0,5,0.08196721311475409,0,1,0,1.8365916681089791,0.9339799641708472,0,0,0,4,3,1
132,16,24,3,0,4,0.030303030303030304,0,1,0,2.3553885422075336,0.73623096809827,0,0,0,4,5,1
29,22,0,2,0,0,0.0,0,1,0,1.5219280948873621,0.466381194640745,0,0,0,2,6,0
44,25,12,5,0,3,0.06818181818181818,0,3,0,1.3516441151533924,0.9829160865381307,0,0,0,3,5,1
28,19,1,2,0,0,0.0,0,1,0,1.4591479170272448,0.4527953543519123,0,0,0,3,4,0
81,27,47,1,4,4,0.04938271604938271,0,0,0,1.9508257945180885,0.3214860617268344,0,0,0,5,9,0
30,21,1,2,0,0,0.0,0,1,0,1.4591479170272448,0.5044526836055698,0,0,0,3,7,0
43,18,17,3,0,0,0.0,0,2,0,1.4056390622295665,0.5227063083150016,0,0,0,4,7,0
43,16,19,2,0,0,0.0,0,1,0,1.75,0.4955619394524009,0,0,0,4,7,0
78,34,37,2,3,25,0.32051282051282054,0,1,0,1.8464393446710154,1.3133555784179023,1,0,0,4,10,1
48,18,23,2,0,0,0.0,0,0,0,1.75,0.46054083435764237,0,0,0,4,7,1
31,22,1,1,0,2,0.06451612903225806,0,0,0,1.3709505944546687,0.8284114901954953,0,0,0,3,8,1
54,16,31,3,3,0,0.0,0,1,0,1.8954618442383218,0.4534605252254427,0,0,0,3,4,0
55,28,20,3,3,0,0.0,0,1,0,1.8954618442383218,0.3198208237691612,0,0,0,3,6,0
45,17,20,2,3,0,0.0,0,1,0,1.8464393446710154,0.35901877814768834,0,0,0,4,5,0
58,16,34,2,0,1,0.017241379310344827,0,1,0,2.3158243335257076,0.7530145613420673,0,0,0,4,7,0
36,27,1,2,0,0,0.0,0,1,0,1.4591479170272448,0.3389001488278604,0,0,0,3,8,0
63,55,1,7,0,4,0.06349206349206349,0,6,0,1.2406705316766884,0.5461107669380667,0,2,1,3,11,1
77,12,58,2,2,6,0.07792207792207792,0,0,0,1.5465935642949384,0.33921803978183923,0,0,0,8,4,1
44,22,15,2,1,0,0.0,0,1,0,1.8423709931771084,0.4575938370820355,0,0,0,3,7,0
84,30,47,2,2,0,0.0,0,0,0,1.6140054628542204,0.2572719185877449,1,0,0,7,13,1
263,179,47,14,1,34,0.12927756653992395,0,12,0,2.4816841198433215,0.51470496047759,2,2,0,5,33,1
54,12,35,3,0,1,0.018518518518518517,0,0,0,1.295461844238322,0.6048561769106667,1,0,0,6,3,1
59,18,33,2,1,5,0.0847457627118644,0,1,0,1.657742726504889,0.4151503018064414,0,0,0,5,6,0
29,21,1,2,1,0,0.0,0,1,0,1.8423709931771084,0.5939187894513165,0,0,0,3,6,0
21,13,1,2,0,0,0.0,0,1,0,1.4591479170272448,0.8278696236011699,0,0,0,3,2,0
26,17,1,2,0,0,0.0,0,1,0,1.4591479170272448,0.7332304208733642,0,0,0,3,5,0
25,16,1,2,0,0,0.0,0,1,0,1.4591479170272448,0.7274545960844299,0,0,0,3,5,0
56,26,23,2,0,0,0.0,0,1,0,1.9056390622295665,0.3431411764813331,0,0,0,3,8,0
171,20,116,6,0,26,0.15204678362573099,0,1,0,2.55415221132395,0.6931656610964486,1,1,0,7,6,1
95,17,71,2,1,5,0.05263157894736842,0,1,0,2.005977711423774,0.5079559111596025,0,0,0,5,4,0
52,22,22,2,1,0,0.0,0,1,0,1.75,0.3653378327933947,0,0,0,4,7,0
127,50,19,4,1,21,0.16535433070866143,0,3,0,2.794653473544342,0.8499451939110709,3,2,0,4,17,1
39,14,18,4,0,11,0.28205128205128205,1,0,0,1.4056390622295665,1.4335863204825323,0,0,0,3,0,1
25,12,5,2,0,0,0.0,0,1,0,1.4591479170272448,0.6675242184081974,0,0,0,3,4,1
29,21,1,3,0,0,0.0,0,2,0,1.4488156357251847,0.7856698854489269,0,0,0,3,8,0
143,64,1,3,0,6,0.04195804195804196,0,1,0,2.8954238702803154,0.9192630948909429,0,0,0,3,7,1
50,24,19,1,1,0,0.0,0,0,0,1.5487949406953985,0.403453437158169,0,0,0,5,9,0
51,21,23,2,0,5,0.09803921568627451,0,1,0,1.2987949406953985,0.7209723481153848,0,0,0,5,5,0
58,16,35,3,5,0,0.0,0,1,0,1.8250112108241772,0.412191740942246,0,0,0,3,5,0
25,12,1,1,0,3,0.12,0,0,0,1.4591479170272448,1.1487994203772278,0,0,0,3,5,0
66,13,46,3,1,10,0.15151515151515152,0,1,0,1.5510981710072647,0.5401133015045613,1,0,0,7,2,1
35,16,11,2,0,0,0.0,0,1,0,1.3787834934861753,0.6833163234512246,0,0,0,4,7,0
48,18,23,2,1,0,0.0,0,1,0,1.75,0.2892648091501335,0,0,0,4,4,0
89,15,28,4,0,5,0.056179775280898875,0,2,0,1.9746017527145814,0.7985334659082701,0,0,0,7,3,1
47,16,23,3,0,0,0.0,0,0,0,1.4056390622295665,0.5427515812663269,1,0,0,4,8,1
31,23,1,2,0,2,0.06451612903225806,0,1,0,1.4591479170272448,0.5313488899905174,0,0,0,3,6,0
56,16,32,2,0,0,0.0,0,1,0,1.8464393446710154,0.49074888021841584,0,1,0,4,7,0
77,23,47,1,0,21,0.2727272727272727,0,0,0,1.1488348542809166,1.0638030818820297,0,0,0,5,8,1
48,20,20,2,0,0,0.0,0,1,0,1.75,0.43135624441567444,0,0,0,4,8,0
37,29,1,2,1,0,0.0,0,1,0,1.8423709931771084,0.3763277308149205,0,0,0,3,11,1
70,40,23,5,3,3,0.04285714285714286,0,3,0,1.8262452584026092,0.4181131635954992,1,0,0,4,13,1
22,14,1,2,0,0,0.0,0,1,0,1.4591479170272448,0.9978772979673075,0,0,0,3,5,0
38,9,22,1,0,2,0.05263157894736842,0,0,0,1.2516291673878228,1.0715998444783488,0,0,0,4,3,1
52,25,20,3,0,6,0.11538461538461539,0,2,0,1.3516441151533924,0.6513439817408613,0,0,0,5,4,1
74,19,48,2,3,0,0.0,0,0,0,1.789929075309999,0.2891917424457707,0,0,0,5,7,0
51,43,1,3,2,5,0.09803921568627451,0,2,0,1.8910611120726526,0.7207579664657132,0,2,0,3,14,1
128,50,20,4,1,22,0.171875,0,3,0,2.7550576199383077,0.7979455486646143,3,2,0,5,17,1
70,16,47,2,3,0,0.0,0,1,0,1.8464393446710154,0.23389695805758215,0,0,0,4,5,0
91,17,66,2,5,8,0.08791208791208792,0,1,0,1.7841591278514217,0.541612670823444,0,0,0,4,5,0
29,15,6,1,0,0,0.0,0,0,0,1.3709505944546687,0.5401922539777017,1,0,0,3,6,1
35,16,11,2,0,0,0.0,0,1,0,1.4591479170272448,0.5788202265217647,0,0,0,3,5,0
18,11,0,1,0,0,0.0,0,0,0,1.5,0.9640173086261037,0,0,0,2,4,0
43,16,19,2,0,0,0.0,0,1,0,1.75,0.43337577219479984,0,0,0,4,7,0
25,7,10,1,0,2,0.08,0,0,0,1.3709505944546687,0.8749009511282626,0,0,0,3,1,1
80,33,1,6,2,8,0.1,0,3,1,2.8218881955261788,1.0637896988324635,0,0,0,3,5,1
24,16,1,2,0,0,0.0,0,1,0,1.4591479170272448,0.7521062151318002,0,0,0,3,3,0
18,10,1,1,0,0,0.0,0,0,0,1.3709505944546687,1.0963835502403438,0,0,0,3,2,0
55,24,24,2,0,0,0.0,0,1,0,1.2987949406953985,0.6748994598109703,0,0,0,5,7,0
71,11,53,2,1,0,0.0,0,0,0,1.4182958340544896,0.42288148314003604,0,0,0,8,5,1
43,15,6,2,0,3,0.06976744186046512,0,1,0,2.1556390622295662,1.109542241794909,0,0,0,3,5,0
43,11,25,2,0,2,0.046511627906976744,0,0,0,1.2987949406953985,0.4802189760487622,0,0,0,5,3,1
68,21,40,5,0,0,0.0,0,1,0,1.3250112108241772,0.3153898304805563,2,0,0,6,7,1
26,17,1,2,0,0,0.0,0,1,0,1.4591479170272448,0.6098057497419591,0,0,0,3,5,0
53,21,25,2,0,1,0.018867924528301886,0,1,0,1.224394445405986,0.4890792769213061,0,0,0,6,8,1
26,17,1,3,0,0,0.0,0,2,0,1.4488156357251847,0.6774784352812221,0,0,0,3,4,0
78,50,20,4,1,9,0.11538461538461539,0,3,0,1.6767370300521325,0.546596874090062,2,2,0,5,17,1
42,18,17,2,0,0,0.0,0,1,0,1.3787834934861753,0.3805027276772733,0,0,0,4,5,0
27,18,1,2,0,0,0.0,0,1,0,1.4591479170272448,0.7386870124519168,0,0,0,3,5,0
35,27,1,3,0,0,0.0,0,2,0,1.4488156357251847,0.5941001201449596,0,0,0,3,11,0
33,12,6,2,0,7,0.21212121212121213,0,1,0,1.8423709931771084,1.1126740578485363,0,0,0,3,2,0
39,16,16,3,0,4,0.10256410256410256,0,1,0,1.4056390622295665,0.8008131600560472,0,0,0,4,5,0
28,20,1,1,1,0,0.0,0,0,0,1.792481250360578,0.5556668019837457,1,0,0,3,7,1
96,14,75,2,1,19,0.19791666666666666,0,0,0,1.4182958340544896,0.6768484356620238,1,0,0,8,4,1
21,6,8,1,0,1,0.047619047619047616,0,0,0,1.2516291673878228,0.9638992483150635,0,0,0,4,1,0
89,17,4,3,0,10,0.11235955056179775,0,1,0,2.2998963911678914,0.8596128121252559,0,0,0,4,5,1
27,12,8,1,1,0,0.0,0,0,0,1.6644977792004612,1.072320206516525,0,0,0,4,3,1
45,16,21,2,0,0,0.0,0,1,0,1.75,0.6099544963001388,0,0,0,4,7,0
70,14,34,1,0,21,0.3,0,0,0,2.0,1.2062052419379306,0,0,0,4,5,1
26,17,1,2,0,0,0.0,0,1,0,1.4591479170272448,0.4980450695990747,0,0,0,3,6,0
44,35,1,2,3,0,0.0,0,1,0,1.8910611120726526,0.5702386617102604,0,2,0,3,9,1
127,50,19,4,1,19,0.14960629921259844,0,3,0,2.794653473544342,0.8245311854557466,3,2,0,4,17,1
44,18,19,3,1,0,0.0,0,1,0,1.7527152789797047,0.5892753593935434,1,0,0,4,4,1
44,36,1,5,0,0,0.0,0,4,0,1.3516441151533924,0.8905646427566526,2,0,0,3,10,1
54,28,18,3,3,0,0.0,0,1,0,1.8954618442383218,0.4838952060269207,0,0,0,3,6,0
42,8,7,1,0,6,0.14285714285714285,0,0,0,2.1609640474436813,1.107113334049787,0,0,0,5,2,1
76,15,54,2,1,0,0.0,0,1,0,1.2916919971380596,0.39856638068459205,3,0,0,10,5,1
40,16,16,2,0,0,0.0,0,1,0,1.4591479170272448,0.41865173826589064,0,0,0,3,5,0
74,13,53,3,1,4,0.05405405405405406,0,1,0,1.9877733714879842,0.3786615131718441,0,0,0,6,3,0
47,16,24,2,0,0,0.0,0,1,0,1.2987949406953985,0.33527578209046477,0,0,0,5,5,1
29,20,1,2,0,0,0.0,0,1,0,1.4591479170272448,0.7058319293568516,0,0,0,3,5,0
46,20,18,2,0,0,0.0,0,0,0,1.2987949406953985,0.5563961429781624,0,0,0,5,6,1
89,23,58,2,7,5,0.056179775280898875,0,1,0,1.6894822670191825,0.41327949677180564,0,0,0,5,5,0
24,15,1,2,0,0,0.0,0,1,0,1.4591479170272448,0.6801178301286219,0,0,0,3,5,0
99,25,67,4,8,1,0.010101010101010102,0,2,0,1.7474130395316414,0.28970346065650165,0,0,0,6,7,0
45,22,16,1,0,0,0.0,0,0,0,1.2516291673878228,0.5460912154119495,0,0,0,4,8,0
106,19,80,2,1,23,0.2169811320754717,0,1,0,1.3520301017579528,0.6937964549341201,0,0,0,9,5,1
37,10,20,1,0,0,0.0,0,0,0,1.2516291673878228,0.44912442432788147,0,0,0,4,4,1
61,10,43,3,1,0,0.0,0,1,0,1.5510981710072647,0.5148381783753102,0,0,0,7,4,1
243,25,210,2,4,25,0.102880658436214,0,1,0,1.183088913358015,0.35104630326696534,4,0,0,20,7,1
168,12,148,2,0,20,0.11904761904761904,0,1,0,1.75,1.081558694834474,0,0,0,4,2,1
131,27,87,2,1,4,0.030534351145038167,0,1,0,2.4370658315190226,0.4017736191321231,1,0,0,7,7,1
26,17,1,2,0,0,0.0,0,1,0,1.4591479170272448,0.5959409166036377,0,0,0,3,5,0
34,19,8,3,0,0,0.0,0,1,0,1.4488156357251847,1.0288816709130895,0,0,0,3,3,1
66,38,20,5,2,0,0.0,0,3,0,1.7841591278514217,0.41633868065734875,1,0,0,4,12,1
56,21,27,3,2,0,0.0,0,1,0,1.8910611120726526,0.38253352719541506,0,0,0,3,5,0
65,24,34,2,1,4,0.06153846153846154,0,1,0,2.0403733936884962,0.5391389432005408,0,0,0,5,8,0
34,15,11,3,0,0,0.0,0,1,0,1.4488156357251847,0.6171552788484131,0,0,0,3,4,1
63,14,42,3,2,0,0.0,0,2,0,1.6691803368667308,0.3576715691768041,0,0,0,7,4,0
23,14,1,2,0,2,0.08695652173913043,0,1,0,1.4591479170272448,1.1170609297152705,0,0,0,3,1,0
39,17,14,1,0,0,0.0,0,0,0,1.2516291673878228,0.4227956949898474,0,0,0,4,6,1
126,50,20,4,1,14,0.1111111111111111,0,3,0,2.7550576199383077,0.7320143283263604,3,2,0,5,17,1
53,16,30,3,0,0,0.0,0,1,0,1.3516441151533924,0.4791782035621303,0,0,0,5,4,0
118,42,19,4,0,26,0.22033898305084745,0,3,0,2.6312929881819,1.0389096385780376,3,2,0,4,15,1
35,27,1,2,0,2,0.05714285714285714,0,1,0,1.4591479170272448,1.0104781646472816,0,0,0,3,7,1
128,50,20,4,1,24,0.1875,0,3,0,2.7550576199383077,0.9563229876628869,3,2,0,5,17,1
45,29,9,2,0,1,0.022222222222222223,0,1,0,1.2987949406953985,0.559724804790749,0,0,0,5,10,1
201,22,14,2,0,84,0.417910447761194,0,0,0,2.610577243331642,1.7214388370626243,2,0,0,4,7,1
43,34,1,2,0,0,0.0,0,1,0,1.4591479170272448,0.5376170416929821,0,0,0,3,14,0
47,16,23,2,0,0,0.0,0,1,0,1.75,0.3462383558980282,0,0,0,4,7,0
44,16,20,2,0,0,0.0,0,1,0,1.75,0.547450715851765,1,0,0,4,7,0
73,17,49,3,1,7,0.0958904109589041,0,1,0,1.5510981710072647,0.588079539999514,0,0,0,7,5,1
43,15,6,2,0,2,0.046511627906976744,0,1,0,2.4193819456463714,0.8821481112913561,0,0,0,3,5,0
36,29,0,2,2,0,0.0,0,1,0,1.9502120649147467,0.4828560211748915,0,0,0,2,10,0
41,28,1,2,0,0,0.0,0,1,0,2.4464393446710155,0.7409214443072094,0,0,0,3,8,0
50,15,28,2,2,0,0.0,0,1,0,1.7609640474436812,0.28239050892399453,0,0,0,5,3,0
24,10,7,1,0,2,0.08333333333333333,0,0,0,1.2516291673878228,1.1095833254689733,0,0,0,4,4,1
61,30,24,2,0,0,0.0,0,1,0,1.9056390622295665,0.6029406136112985,0,0,0,3,10,0
40,13,20,4,0,5,0.125,0,2,0,1.360964047443681,0.8380323670254772,0,0,0,5,5,0
69,14,48,2,5,0,0.0,0,1,0,1.760495029766198,0.3192212983568295,0,0,0,5,3,0
37,20,9,2,1,0,0.0,0,1,0,1.8423709931771084,0.3770587471169779,0,0,0,3,6,0
39,25,6,2,0,8,0.20512820512820512,0,1,0,1.4591479170272448,1.1094228643143134,0,0,0,3,6,1
23,15,1,2,0,0,0.0,0,1,0,1.4591479170272448,0.7050676478772158,0,0,0,3,4,1
45,14,24,2,1,5,0.1111111111111111,0,1,0,1.657742726504889,0.7589159388480038,0,0,0,5,3,0
37,15,15,3,0,0,0.0,0,1,0,1.4056390622295665,0.7843290452277688,0,0,0,4,6,0
60,8,45,2,0,0,0.0,0,0,0,1.224394445405986,0.4034076040234636,0,0,0,6,3,0
77,23,47,1,0,22,0.2857142857142857,0,0,0,1.1488348542809166,1.1709630171249779,0,0,0,5,8,1
28,20,1,2,0,0,0.0,0,1,0,1.4591479170272448,0.53945879018797,0,0,0,3,7,1
43,18,18,2,0,0,0.0,0,1,0,1.3787834934861753,0.35341967188192097,0,0,0,4,5,0
37,20,9,1,0,3,0.08108108108108109,0,0,0,1.2516291673878228,0.6618911415254268,0,0,0,4,7,0
90,20,10,3,1,1,0.011111111111111112,0,1,0,2.9398290174664017,0.6288392663884548,0,0,0,4,8,1
28,19,1,3,0,0,0.0,0,2,0,1.4488156357251847,0.4955658238838994,0,0,0,3,4,0
28,20,1,2,0,0,0.0,0,1,0,1.4591479170272448,0.5650538857490333,0,0,0,3,5,0
50,24,19,2,1,2,0.04,0,1,0,1.9609640474436811,0.4113259274804746,0,0,0,5,8,0
102,23,72,3,2,25,0.24509803921568626,0,2,0,1.6691803368667308,0.7329766523080505,0,0,0,7,6,1
49,27,15,2,3,0,0.0,0,1,0,1.8910611120726526,0.6306159216921068,0,0,0,3,9,0
45,19,19,3,0,1,0.022222222222222223,0,1,0,1.4488156357251847,0.3920935431576547,0,0,0,3,4,0
49,10,32,2,2,0,0.0,0,1,0,1.8365916681089791,0.45520008279335095,0,0,0,4,2,0
107,17,61,3,1,0,0.0,0,0,1,2.357600472626353,0.7003147446142228,0,0,0,10,7,1
33,25,1,3,0,9,0.2727272727272727,0,2,0,1.4488156357251847,1.3755373512282059,0,0,0,3,5,1
119,12,100,2,8,0,0.0,0,1,0,1.8219280948873622,0.2797982101384787,0,0,0,8,2,0
55,30,17,3,1,0,0.0,0,1,0,1.6854752972273344,0.4024219356849755,0,0,0,5,9,1
123,19,97,2,15,7,0.056910569105691054,0,1,0,1.3410971216314893,0.3806940676849651,0,1,0,4,5,0
106,13,18,7,0,1,0.009433962264150943,0,1,0,1.8026896923348332,0.4641309990077781,2,0,0,14,0,1
22,13,1,2,0,0,0.0,0,1,0,1.4591479170272448,0.5443411312400522,0,0,0,3,3,0
104,28,69,4,1,26,0.25,0,2,0,1.6258145836939115,0.9147886219566009,1,0,0,6,7,1
91,16,68,1,6,0,0.0,0,0,0,1.6143308351592656,0.40448950553871144,0,0,0,5,7,0
27,18,1,2,0,0,0.0,0,1,0,1.4591479170272448,0.546709181642239,0,0,0,3,5,0
32,24,1,2,0,0,0.0,0,1,0,1.4591479170272448,0.4510413071814468,0,0,0,3,6,0
54,16,31,2,0,0,0.0,0,0,0,1.224394445405986,0.5774174206707702,0,0,0,6,6,1
33,11,14,2,1,0,0.0,0,1,0,1.657742726504889,0.853410743568821,0,0,0,5,1,0
38,29,1,1,3,0,0.0,0,0,0,1.811278124459133,0.6536016116021469,0,0,0,3,11,1
42,14,20,1,0,0,0.0,0,0,0,1.1488348542809166,0.6520618970021139,0,0,0,5,5,0
34,27,0,2,0,0,0.0,0,1,0,1.5219280948873621,0.6852500927500649,0,2,0,2,10,1
20,11,2,2,0,0,0.0,0,1,0,1.3787834934861753,1.1489925722851764,0,0,0,4,1,0
27,18,1,2,0,0,0.0,0,1,0,1.4591479170272448,0.5428509909266667,0,0,0,3,5,0
23,14,1,1,0,0,0.0,0,0,0,1.3709505944546687,0.8881216254655464,0,0,0,3,5,0
36,27,1,2,0,0,0.0,0,1,0,1.4591479170272448,0.6700677649395012,0,0,0,3,9,0
50,42,1,2,5,4,0.08,0,1,0,1.789929075309999,0.7110838157923225,0,0,0,3,13,1
32,14,11,1,0,0,0.0,0,0,0,1.3709505944546687,0.4308761140280014,0,0,0,3,6,0
36,29,0,2,0,0,0.0,0,1,0,1.5219280948873621,0.5990672104477128,0,0,0,2,8,0
29,15,7,3,0,0,0.0,0,1,0,1.4488156357251847,0.7851683102528317,0,0,0,3,3,1
34,26,1,2,0,0,0.0,0,1,0,1.4591479170272448,0.49690224307622693,0,0,0,3,7,0
51,32,11,3,0,3,0.058823529411764705,0,1,0,1.4488156357251847,0.3902255826010389,1,0,0,3,10,1
33,24,1,2,1,0,0.0,0,1,0,1.8423709931771084,0.3545366037444971,0,0,0,3,6,0
38,13,5,1,0,0,0.0,0,0,0,1.879964948727111,0.795660863588297,0,0,0,5,3,1
91,14,70,3,0,27,0.2967032967032967,1,0,0,1.4299111709758698,1.1294700094990655,0,0,0,9,0,1
39,25,7,2,0,0,0.0,0,1,0,1.3787834934861753,0.5642563453970112,0,0,0,4,9,1
53,26,20,2,0,0,0.0,0,1,0,1.75,0.5135773454146229,0,0,0,4,9,0
42,33,1,4,0,0,0.0,0,3,0,1.4056390622295665,0.7076463747069721,0,0,0,3,5,1
43,19,17,2,0,0,0.0,0,1,0,1.224394445405986,0.5055517119722542,0,0,0,6,6,1
26,18,1,2,0,0,0.0,0,1,0,1.4591479170272448,0.6671926990315145,0,0,0,3,6,0
22,13,1,2,0,0,0.0,0,1,0,1.4591479170272448,1.1944188045643827,0,0,0,3,1,1
49,28,13,2,1,0,0.0,0,0,0,1.8423709931771084,0.3691942690887352,0,0,0,3,10,1
27,18,1,2,1,0,0.0,0,1,0,1.8423709931771084,0.8231286545138341,0,0,0,3,4,1
57,23,27,3,3,0,0.0,0,1,0,1.8954618442383218,0.2625615999156071,0,0,0,3,8,0
50,23,19,2,1,0,0.0,0,1,0,1.75,0.3693440768967143,0,0,0,4,6,0
41,17,16,2,0,0,0.0,0,1,0,1.3787834934861753,0.4849507722432994,0,0,0,4,4,0
124,46,20,5,0,24,0.1935483870967742,0,4,0,2.56507654233637,0.9520018177736721,3,2,0,5,15,1
81,17,57,3,0,4,0.04938271604938271,0,1,0,2.1820058147602133,0.5135991345252163,0,0,0,4,4,0
31,14,10,3,0,0,0.0,0,1,0,1.4488156357251847,0.6610980439174816,0,0,0,3,4,1
32,13,11,2,0,1,0.03125,0,1,0,1.2987949406953985,0.8025136270025615,0,0,0,5,5,0
29,20,1,2,0,0,0.0,0,1,0,1.4591479170272448,0.6110828472930919,0,0,0,3,7,1
26,18,1,2,0,0,0.0,0,1,0,1.4591479170272448,0.7305222251306769,0,0,0,3,6,0
73,15,50,3,0,0,0.0,0,1,0,1.8553885422075338,0.38343598160069076,1,0,0,4,4,0
36,15,14,2,0,0,0.0,0,0,0,1.4591479170272448,0.7802530364450146,0,0,0,3,4,0
128,50,20,4,1,18,0.140625,0,3,0,2.7550576199383077,0.7454123807318568,3,2,0,5,17,1
55,20,27,3,0,0,0.0,0,1,0,1.3516441151533924,0.5136778469758044,0,0,0,5,5,0
29,20,1,2,0,0,0.0,0,1,0,1.4591479170272448,0.4549337649756409,0,0,0,3,6,0
72,17,48,1,6,6,0.08333333333333333,0,0,0,1.5916727785823275,0.5923608578762678,0,0,0,6,6,0
46,19,20,2,0,0,0.0,0,1,0,1.2987949406953985,0.33353350355061095,0,0,0,5,6,1
74,12,55,2,1,0,0.0,0,0,0,1.3520301017579528,0.3206398828818613,0,0,0,9,4,1
88,32,48,4,1,13,0.14772727272727273,0,1,0,2.1280852788913944,0.5809318203644478,1,0,0,6,5,1
18,11,0,2,0,0,0.0,0,1,0,1.5219280948873621,1.0094955986417016,0,0,0,2,2,0
41,32,1,2,0,0,0.0,0,1,0,1.4591479170272448,0.369417555304424,0,0,0,3,8,0
70,17,46,1,3,8,0.11428571428571428,0,0,0,1.6854752972273344,0.5210089104032829,0,0,0,5,5,0
28,15,6,2,0,0,0.0,0,1,0,1.3787834934861753,0.6273293875362885,0,0,0,4,3,1
100,20,45,4,1,0,0.0,0,1,1,2.2051099000738685,0.6228417950536403,0,0,0,8,5,1
26,18,1,2,0,0,0.0,0,1,0,1.4591479170272448,0.7812795772209046,0,0,0,3,5,0
69,23,39,3,1,5,0.07246376811594203,0,1,0,1.6854752972273344,0.39921730600304695,0,0,0,5,6,0
165,16,16,7,1,43,0.2606060606060606,0,1,0,2.622733639029705,0.9708549678718619,1,0,0,4,5,1
23,14,1,2,0,0,0.0,0,1,0,1.4591479170272448,1.007636541890878,0,0,0,3,2,0
22,13,1,2,0,0,0.0,0,1,0,1.4591479170272448,1.0590777663935609,0,0,0,3,3,0
112,10,95,1,13,0,0.0,0,0,0,1.3361602543738118,0.4501528926894538,0,0,0,5,3,0
59,19,7,2,0,0,0.0,0,1,0,2.4464393446710155,0.663241399347381,0,0,0,3,4,0
72,10,55,1,4,14,0.19444444444444445,0,0,0,1.6767370300521325,0.7125952944781744,0,0,0,5,3,0
50,16,26,2,0,0,0.0,0,1,0,2.321928094887362,0.8150861833910317,0,0,0,4,7,0
35,22,6,2,1,1,0.02857142857142857,0,0,0,1.8423709931771084,0.47655271179892644,0,0,0,3,7,1
96,20,69,4,0,27,0.28125,0,2,0,1.3921472236645345,1.1091356918840962,0,0,0,4,2,1
83,18,58,2,1,0,0.0,0,1,0,2.1180782093497093,0.3081388785415166,0,0,0,4,4,0
37,16,14,2,1,0,0.0,0,0,0,1.8423709931771084,0.5263843500768776,0,0,0,3,5,1
48,28,13,1,0,0,0.0,0,0,0,1.1488348542809166,0.3884339706562417,0,0,0,5,10,1
62,22,33,3,0,0,0.0,0,1,0,1.295461844238322,0.432596272817044,0,0,0,6,6,0
132,16,24,3,0,8,0.06060606060606061,0,1,0,2.3553885422075336,0.8447090333545496,0,0,0,4,5,1
81,33,40,4,4,6,0.07407407407407407,0,2,0,1.8352377453121176,0.4414260600866078,0,0,0,5,10,0
126,50,20,4,1,24,0.19047619047619047,0,3,0,2.7550576199383077,0.8206506977297138,3,2,0,5,17,1
258,13,37,6,0,37,0.1434108527131783,0,0,0,1.6143308351592656,0.7285241667677673,0,0,0,5,4,1
46,18,20,1,1,0,0.0,0,0,0,1.3567796494470397,0.3355739312587738,0,0,0,7,6,1
49,14,27,3,0,0,0.0,0,1,0,1.295461844238322,0.6160857249816918,0,0,0,6,3,0
46,21,18,2,0,2,0.043478260869565216,0,1,0,1.2987949406953985,0.575263662229428,0,0,0,5,7,1
113,15,76,2,1,6,0.05309734513274336,0,1,0,2.260820318171659,0.8616030289922003,0,0,0,7,5,1
36,27,1,2,0,0,0.0,0,1,0,1.4591479170272448,0.548171599587086,0,0,0,3,9,0
21,13,1,1,0,0,0.0,0,0,0,1.3709505944546687,1.0835464880673187,0,0,0,3,5,1
32,23,1,2,0,0,0.0,0,1,0,1.4591479170272448,0.47638076358593473,0,0,0,3,6,0
27,18,1,2,0,0,0.0,0,1,0,1.4591479170272448,0.6040300241712897,0,0,0,3,5,0
22,14,1,2,1,0,0.0,0,1,0,1.8423709931771084,0.8246473466599066,0,0,0,3,6,1
25,10,7,1,0,1,0.04,0,0,0,1.3709505944546687,0.9128006972826971,0,0,0,3,2,1
61,22,32,3,3,0,0.0,0,1,0,1.8954618442383218,0.44991530571926747,0,0,0,3,6,0
106,30,32,2,2,9,0.08490566037735849,0,1,0,2.4729055953200563,0.48824047914119717,1,0,0,6,13,1
41,22,11,3,1,1,0.024390243902439025,0,2,0,1.6854752972273344,0.39376231250087235,0,0,0,5,6,1
26,13,6,3,0,10,0.38461538461538464,1,0,0,1.4488156357251847,2.041835647804362,0,0,0,3,0,1
22,13,1,2,0,0,0.0,0,1,0,1.4591479170272448,0.8155592220207973,0,0,0,3,3,0
69,15,47,2,2,0,0.0,0,0,0,1.6858157091530304,0.32310744834204297,0,0,0,6,6,1
48,21,19,1,0,0,0.0,0,0,0,1.1488348542809166,0.5110597564598908,0,1,0,5,9,1
19,10,1,2,0,0,0.0,0,1,0,1.4591479170272448,0.6792499468260835,0,0,0,3,3,0
38,6,25,2,0,4,0.10526315789473684,0,0,0,1.9056390622295665,0.8299462145297142,0,0,0,3,1,0
47,20,20,3,0,0,0.0,0,1,0,1.7527152789797047,0.514734309899132,0,0,0,4,7,0
60,26,27,2,1,0,0.0,0,1,0,2.0588138903312014,0.30505460868294904,0,0,0,4,8,0
28,19,1,2,0,0,0.0,0,1,0,1.4591479170272448,0.4229517927844387,0,0,0,3,5,0
28,20,1,2,0,0,0.0,0,1,0,1.4591479170272448,0.6707756653036467,0,0,0,3,7,0
98,14,77,4,0,28,0.2857142857142857,1,0,0,1.4237949406953985,1.0691404736364072,0,0,0,10,0,1
68,42,19,4,0,13,0.19117647058823528,0,3,0,1.3921472236645345,0.7354504567715049,2,2,0,4,15,1
135,29,21,8,1,6,0.044444444444444446,0,3,0,2.4838561897747247,0.47648325167276045,2,0,0,8,5,1
103,13,82,2,8,12,0.11650485436893204,0,1,0,1.6457113704075783,0.5034092431057551,0,0,0,6,3,0
96,14,10,4,1,4,0.041666666666666664,0,1,0,2.5232314287976205,0.6298169647431425,0,0,0,3,2,0
25,10,7,1,0,4,0.16,0,0,0,1.3709505944546687,0.93078745035061,0,0,0,3,2,1
66,19,40,3,0,0,0.0,0,1,0,1.8464393446710154,0.3413282909133418,0,0,0,4,6,0
127,50,19,4,1,22,0.1732283464566929,0,3,0,2.794653473544342,0.8721427153856984,3,2,0,4,17,1
63,33,23,5,2,3,0.047619047619047616,0,3,0,1.7841591278514217,0.6745380242521216,0,0,0,4,8,1
32,24,1,2,0,0,0.0,0,1,0,1.4591479170272448,0.5193688864458061,0,0,0,3,8,0
65,32,25,2,2,0,0.0,0,1,0,1.7609640474436812,0.4346722181465698,0,0,0,5,10,0
40,25,7,2,2,1,0.025,0,1,0,1.8365916681089791,0.6277636689940868,2,2,0,4,7,1
49,18,24,3,0,0,0.0,0,1,0,1.4056390622295665,0.3338581989345973,0,0,0,4,7,1
54,24,23,2,1,2,0.037037037037037035,0,1,0,1.9609640474436811,0.3910276125155939,0,0,0,5,8,0
28,16,5,1,0,0,0.0,0,0,0,1.2516291673878228,0.8628718560566292,0,0,0,4,5,1
81,15,59,3,0,5,0.06172839506172839,0,1,0,1.7884504573082896,0.5247314048132533,0,0,0,6,4,0
82,31,43,4,3,6,0.07317073170731707,0,2,0,1.8262452584026092,0.3652642154872658,0,0,0,5,10,0
32,24,1,2,0,3,0.09375,0,1,0,1.4591479170272448,0.7007515362011493,0,0,0,3,7,1
64,21,36,2,1,0,0.0,0,0,0,1.5709505944546687,0.22341439411089206,0,0,0,6,7,1
64,23,34,2,2,0,0.0,0,1,0,1.7609640474436812,0.4048054166085449,0,0,0,5,6,0
39,18,13,2,1,0,0.0,0,1,0,1.8423709931771084,0.4443002295532281,0,0,0,3,5,0
203,18,178,8,0,0,0.0,0,1,0,0.9370927081530442,0.799239217413085,0,1,0,27,7,1
41,19,15,3,0,0,0.0,0,1,0,1.4056390622295665,0.41838972815338915,0,0,0,4,4,0
154,44,9,6,0,73,0.474025974025974,0,4,0,1.8919954870390203,2.1243762978278857,0,2,0,4,16,1
57,23,26,2,0,0,0.0,0,1,0,1.224394445405986,0.31377932043271284,0,0,0,6,6,0
66,18,40,2,1,0,0.0,0,0,0,1.8676338909712122,0.5052154616726992,0,0,0,6,5,1
35,14,14,2,2,0,0.0,0,1,0,1.9056390622295665,0.5284224605350416,0,0,0,3,2,0
26,17,1,2,0,0,0.0,0,1,0,1.4591479170272448,0.5602570371574703,0,0,0,3,4,0
59,8,44,2,0,0,0.0,0,0,0,1.3787834934861753,0.3451607544246319,0,0,0,4,2,0
32,24,1,2,0,0,0.0,0,1,0,1.4591479170272448,0.7049415146541591,0,0,0,3,7,0
101,21,61,3,1,0,0.0,0,1,0,1.9197367178034825,0.25736409416478995,0,0,0,9,7,1
99,16,76,2,0,0,0.0,0,1,0,2.3745560483818835,0.5355562670379798,0,0,0,6,4,0
74,14,53,3,0,5,0.06756756756756757,0,1,0,1.856564762130954,0.6154448988633481,0,0,0,8,5,1
27,18,1,2,0,2,0.07407407407407407,0,1,0,1.4591479170272448,0.7522735156514925,0,0,0,3,4,0
111,20,50,4,1,12,0.10810810810810811,0,1,0,2.063458298648303,0.38873128072215846,0,0,0,7,7,1
84,13,64,3,4,28,0.3333333333333333,0,1,0,2.4410685859554375,1.2628333485919867,0,0,0,5,3,0
30,11,12,2,0,0,0.0,0,0,0,1.4591479170272448,0.5337132336651563,0,0,0,3,4,1
129,54,20,5,1,20,0.15503875968992248,0,4,0,2.723219672335508,0.7995947387889943,3,2,0,5,17,1
43,14,22,4,0,13,0.3023255813953488,1,0,0,1.3921472236645345,1.1856723166276897,0,0,0,4,0,1
22,11,4,1,0,0,0.0,0,0,0,1.3709505944546687,0.9642972230375184,0,0,0,3,2,1
62,15,36,3,1,1,0.016129032258064516,0,1,0,2.1416195253341384,0.47053037733072384,0,0,0,6,3,1
137,23,97,2,2,6,0.043795620437956206,0,1,0,2.502598068247261,0.4754601960158173,0,0,0,7,7,1
98,23,34,4,0,0,0.0,0,1,1,2.063458298648303,0.66153798809275,0,0,0,7,8,1
122,31,84,2,0,34,0.2786885245901639,0,1,0,1.4182958340544896,1.5111140689463618,0,0,0,8,4,1
27,15,5,1,0,0,0.0,0,0,0,1.3709505944546687,0.6855794929031802,0,0,0,3,5,0
120,13,100,3,11,9,0.075,0,1,0,1.8949645376549995,0.340006775079122,0,0,0,5,2,0
25,17,1,2,1,0,0.0,0,1,0,1.8423709931771084,0.5342207527373415,0,0,0,3,6,0
30,22,1,2,0,0,0.0,0,1,0,1.4591479170272448,0.5803217967031747,0,0,0,3,5,0
25,16,1,2,1,0,0.0,0,1,0,1.8423709931771084,0.8435554706629882,0,0,0,3,4,0
50,23,19,3,0,6,0.12,0,1,0,1.3516441151533924,0.6427546002544351,0,0,0,5,8,1
29,21,1,2,0,0,0.0,0,1,0,1.4591479170272448,0.5876882621020507,0,0,0,3,7,0
29,20,1,2,0,2,0.06896551724137931,0,1,0,1.4591479170272448,0.8239291745624696,0,0,0,3,7,1
21,12,1,2,0,0,0.0,0,1,0,1.4591479170272448,0.6841934240837534,0,0,0,3,2,0
51,33,11,4,2,3,0.058823529411764705,0,3,0,1.8464393446710154,0.838031728946321,0,0,0,3,8,1
96,22,66,1,1,0,0.0,0,0,0,1.5058762556041068,0.31043218074687273,2,0,0,9,9,1
73,13,52,2,9,0,0.0,0,1,0,1.5546097612655667,0.36074007693127425,0,0,0,3,4,0
55,25,23,3,4,0,0.0,0,1,0,1.867633890971212,0.3539999294640875,0,0,0,3,7,0
82,22,52,2,0,3,0.036585365853658534,0,1,0,1.4182958340544896,0.3795754901811244,3,0,0,8,6,1
42,22,13,3,0,0,0.0,0,1,0,1.4056390622295665,0.41805164993057364,0,0,0,4,6,1
109,15,66,4,2,5,0.045871559633027525,0,2,0,1.9732285161344474,0.4365454044668117,0,0,0,10,5,1
45,25,13,3,0,6,0.13333333333333333,0,2,0,1.4056390622295665,0.887707431086536,0,0,0,4,4,1
208,24,51,7,3,47,0.22596153846153846,0,1,0,2.6968270793746956,0.7697704163988485,0,1,0,7,7,1
132,16,24,3,0,4,0.030303030303030304,0,1,0,2.3553885422075336,0.7174831178218491,0,0,0,4,5,1
74,18,49,2,5,0,0.0,0,1,0,1.7841591278514217,0.2642063552019607,0,0,0,4,5,0
263,20,78,5,0,72,0.2737642585551331,0,1,0,2.280787654949452,1.0107338509907267,2,0,0,10,5,1
34,25,1,2,0,0,0.0,0,1,0,1.4591479170272448,0.5061393304158672,0,0,0,3,9,0
48,20,21,3,0,0,0.0,0,1,0,1.4056390622295665,0.3697923241841928,1,0,0,4,6,1
40,26,6,4,0,2,0.05,0,3,0,1.4056390622295665,0.7907719239069725,0,0,0,3,3,1
151,10,134,3,1,41,0.271523178807947,0,0,1,2.113283334294875,1.151019997537665,0,0,0,3,4,1
28,21,0,2,0,0,0.0,0,1,0,1.5219280948873621,0.855004842294475,0,0,0,2,6,1
45,23,15,2,0,0,0.0,0,0,0,1.4591479170272448,0.6260424103928834,0,0,0,3,8,1
21,12,1,2,0,0,0.0,0,1,0,1.4591479170272448,0.7672971283505687,0,0,0,3,5,0
77,23,47,1,0,20,0.2597402597402597,0,0,0,1.1488348542809166,0.991041345930644,0,0,0,5,8,1
72,23,41,2,3,0,0.0,0,1,0,1.789929075309999,0.3504391382094247,1,0,0,5,9,0
74,22,32,3,0,5,0.06756756756756757,0,1,0,1.9717472571281809,0.7427180745342461,0,0,0,5,7,0
78,12,59,3,4,7,0.08974358974358974,0,1,0,2.199687794731328,0.3789997811508216,0,0,0,3,3,0
122,33,51,3,2,6,0.04918032786885246,0,1,0,2.48345859334435,0.41213243151117834,0,0,0,6,14,0
76,50,19,4,1,10,0.13157894736842105,0,3,0,1.721928094887362,0.6447890293254346,2,2,0,4,17,1
50,20,22,3,0,0,0.0,0,1,0,1.3516441151533924,0.48424022904336245,0,0,0,5,6,0
56,36,12,5,2,9,0.16071428571428573,0,3,0,1.789929075309999,0.8482373471176334,0,0,0,3,9,1
51,18,26,3,0,0,0.0,0,1,0,1.3516441151533924,0.4298818226390102,1,0,0,5,5,1
51,13,31,1,0,3,0.058823529411764705,0,0,0,0.9219280948873623,0.9180218258139923,0,0,0,8,4,1
34,15,12,1,0,0,0.0,0,0,0,1.2516291673878228,0.46887655336065975,0,0,0,4,4,0
50,32,11,6,0,0,0.0,0,4,0,1.295461844238322,0.5176972626324354,2,0,0,3,11,1
26,17,1,2,1,0,0.0,0,1,0,1.8423709931771084,0.7010871320883164,0,0,0,3,6,1
33,24,1,2,0,0,0.0,0,1,0,1.4591479170272448,0.5217696596314975,0,0,0,3,8,0
82,23,51,2,6,20,0.24390243902439024,0,1,0,1.7273966735744792,1.0180370801790344,0,0,0,5,7,1
37,28,1,2,1,0,0.0,0,1,0,1.8423709931771084,0.6027980127030237,0,0,0,3,8,1
33,11,14,1,0,0,0.0,0,0,0,1.3709505944546687,0.6111112687921882,0,0,0,3,3,0
38,29,1,2,0,0,0.0,0,1,0,1.4591479170272448,0.33623899019071407,0,0,0,3,10,0
97,22,67,1,1,0,0.0,0,0,0,1.4345491399952024,0.3101428035763666,2,0,0,10,9,1
54,18,29,2,1,0,0.0,0,1,0,1.75,0.3962852213306468,0,0,0,4,5,0
59,27,25,3,0,2,0.03389830508474576,0,1,0,1.3516441151533924,0.3673253284349433,0,0,0,5,8,1
73,25,41,3,0,3,0.0410958904109589,0,1,0,1.295461844238322,0.4253534882013268,0,0,0,6,6,1
73,15,50,3,0,0,0.0,0,1,0,1.789929075309999,0.3960637218386845,0,0,0,5,4,0
75,25,43,2,5,6,0.08,0,1,0,1.7841591278514217,0.3903211379580114,0,0,0,4,7,0
28,20,1,2,0,0,0.0,0,1,0,1.4591479170272448,0.7376885670987505,0,0,0,3,7,0
128,50,20,4,1,26,0.203125,0,3,0,2.7550576199383077,1.0631884066745663,3,2,0,5,17,1
60,15,38,4,0,0,0.0,0,1,0,1.3921472236645345,0.487249263053568,0,0,0,4,4,0
111,15,89,2,1,23,0.2072072072072072,0,0,0,1.2916919971380596,0.6587668654394317,0,0,0,10,5,1
48,28,13,2,0,0,0.0,0,1,0,1.2987949406953985,0.4605706494870894,0,0,0,5,12,1
66,15,43,3,0,10,0.15151515151515152,0,1,0,1.5510981710072647,0.6684873844039454,0,0,0,7,5,0
52,19,1,4,0,0,0.0,0,1,1,2.2998963911678914,1.310500359135723,0,0,0,3,6,1
51,24,19,2,0,0,0.0,0,1,0,1.75,0.33120687629077933,0,0,0,4,9,0
25,13,4,1,0,0,0.0,0,0,0,1.3709505944546687,0.8047138538236237,0,0,0,3,6,0
38,30,1,2,0,0,0.0,0,1,0,1.4591479170272448,0.3556456308497684,0,0,0,3,10,0
95,24,64,2,10,0,0.0,0,1,0,1.5683182557028439,0.38836956085044533,0,1,0,5,6,0
129,6,9,4,2,16,0.12403100775193798,0,0,0,3.1590795706241748,0.9330192516080043,0,0,0,3,1,1
23,14,1,2,0,0,0.0,0,1,0,1.4591479170272448,0.723011987819165,0,0,0,3,4,0
83,24,52,2,6,4,0.04819277108433735,0,1,0,1.7273966735744792,0.39249629115080326,0,0,0,5,7,0
52,22,22,3,1,2,0.038461538461538464,0,2,0,1.9717472571281809,0.4201693923194787,0,0,0,5,6,0
34,19,7,2,0,0,0.0,0,1,0,1.3787834934861753,0.6283450325840125,1,0,0,4,9,1
53,21,24,3,1,0,0.0,0,2,0,1.7527152789797047,0.29652175619923066,0,0,0,4,7,0
45,18,20,3,0,0,0.0,0,1,0,1.4056390622295665,0.47908953827769735,0,0,0,4,5,1
75,23,44,4,0,0,0.0,0,1,0,1.1981174211304033,0.7500911455594028,0,0,0,9,8,1
27,18,1,2,0,0,0.0,0,1,0,1.4591479170272448,0.7090954650631662,0,0,0,3,6,0
65,19,39,2,0,4,0.06153846153846154,0,0,0,1.1567796494470395,0.42219189722620326,0,0,0,7,7,1
16,9,0,1,0,0,0.0,0,0,0,1.5,1.0047037146415458,0,0,0,2,2,0
26,8,11,1,0,0,0.0,0,0,0,1.2516291673878228,0.7647389131969661,1,0,0,4,2,0
83,16,60,1,4,34,0.40963855421686746,0,0,0,1.6258145836939115,1.632893671017761,0,0,0,6,3,1
26,17,1,2,0,0,0.0,0,1,0,1.4591479170272448,0.6994672684901443,0,0,0,3,4,0
37,23,7,3,0,0,0.0,0,2,0,1.4056390622295665,0.503573501290047,0,0,0,4,6,1
30,23,0,2,0,0,0.0,0,1,0,1.5219280948873621,0.7141926944164236,0,0,0,2,7,1
93,17,68,3,5,0,0.0,0,2,0,1.809200032697812,0.3119703795455253,0,0,0,5,6,0
47,22,18,3,0,0,0.0,0,1,0,1.4056390622295665,0.28437607347206295,0,0,0,4,8,1
27,18,1,2,1,0,0.0,0,1,0,1.8423709931771084,0.6946739826021987,0,0,0,3,5,1
22,13,1,2,0,0,0.0,0,1,0,1.4591479170272448,0.6526637829996664,0,0,0,3,3,0
59,18,34,2,2,0,0.0,0,1,0,1.6140054628542204,0.3985212065893121,0,0,0,7,4,1
33,24,1,2,2,0,0.0,0,1,0,1.9056390622295665,0.6562680893199556,0,0,0,3,6,0
32,25,0,2,0,0,0.0,0,1,0,1.5219280948873621,0.6070437436696512,0,0,0,2,8,1
27,18,1,2,0,0,0.0,0,1,0,1.4591479170272448,0.7707328691645275,0,0,0,3,3,0
17,10,0,1,0,0,0.0,0,0,0,1.5,1.611922271213078,0,0,0,2,4,0
49,20,22,2,0,0,0.0,0,1,0,1.224394445405986,0.3673120253240681,1,0,0,6,4,1
38,23,8,2,0,4,0.10526315789473684,0,1,0,1.3787834934861753,0.6435379758624841,0,0,0,4,6,1
41,16,6,1,0,4,0.0975609756097561,0,0,0,2.0,0.7089136916780928,0,0,0,4,6,1
57,16,33,2,0,5,0.08771929824561403,0,1,0,2.1180782093497093,0.6508391947829341,0,0,0,4,7,0
22,14,1,3,0,11,0.5,1,0,0,1.4488156357251847,2.7534724719984545,0,0,0,3,0,1
48,17,12,3,0,5,0.10416666666666667,0,1,0,2.113283334294875,0.9176009988770734,0,0,0,3,4,1
23,14,1,2,0,0,0.0,0,1,0,1.4591479170272448,0.8895937625318898,0,0,0,3,3,0
20,9,4,1,0,1,0.05,0,0,0,1.3709505944546687,0.7319939037567134,0,0,0,3,2,1
98,22,69,3,0,0,0.0,0,1,0,1.8262452584026092,0.5616964516054793,0,0,0,4,7,0
36,29,0,2,1,2,0.05555555555555555,0,1,0,1.9182958340544896,0.5527627152261846,0,0,0,2,8,1
243,60,10,5,5,85,0.3497942386831276,0,3,0,2.9266464798309015,1.5438776310586488,3,0,0,3,18,1
51,26,18,3,2,0,0.0,0,1,0,1.8910611120726526,0.4693028558131807,0,0,0,3,7,0
31,19,4,2,1,0,0.0,0,1,0,1.75,0.5784770088585501,0,0,0,4,5,0
110,16,17,2,1,14,0.12727272727272726,0,1,0,2.222191575506678,0.7000839512208585,0,0,0,5,6,1
54,13,34,3,0,6,0.1111111111111111,0,1,0,1.8464393446710154,0.5899281731579569,0,0,0,4,3,0
100,18,75,3,1,17,0.17,0,1,0,1.4885252948977485,0.48961654260824367,1,0,0,8,4,1
38,31,0,2,0,0,0.0,0,1,0,1.5219280948873621,0.7373682688862132,0,0,0,2,10,1
73,18,48,1,1,19,0.2602739726027397,0,0,0,1.5487949406953985,0.9595947268170701,1,0,0,5,8,1
63,18,37,4,1,8,0.12698412698412698,0,1,0,2.406666316740689,0.9293854125477589,0,0,0,5,4,0
35,26,1,2,0,0,0.0,0,1,0,1.4591479170272448,0.4968869294153634,0,0,0,3,8,0
31,22,1,2,1,0,0.0,0,1,0,1.8423709931771084,0.3959197663453833,0,0,0,3,7,0
57,22,28,3,0,0,0.0,0,1,0,1.3516441151533924,0.4394569009947879,0,0,0,5,6,0
167,12,148,2,0,20,0.11976047904191617,0,1,0,1.75,1.0892696657957983,0,0,0,4,2,1
58,26,25,3,0,0,0.0,0,1,0,1.4056390622295665,0.2993612899867312,0,0,0,4,8,0
28,13,8,1,0,0,0.0,0,0,0,1.2516291673878228,0.8778558257069443,0,1,0,4,5,1
86,14,64,1,11,8,0.09302325581395349,0,0,0,1.4366664819166874,0.5588736366358654,0,0,0,7,3,0
19,5,6,1,0,1,0.05263157894736842,0,0,0,1.3709505944546687,1.3182081247644812,0,0,0,3,0,1
39,18,13,2,1,0,0.0,0,1,0,1.8423709931771084,0.35378136236929675,0,0,0,3,6,1
27,19,1,3,0,0,0.0,0,2,0,1.4488156357251847,0.5746733564166969,0,2,0,3,7,1
36,16,13,2,0,0,0.0,0,0,0,1.4591479170272448,0.4887199556503428,0,0,0,3,5,1
77,26,22,2,0,11,0.14285714285714285,0,1,0,2.35274578087187,0.9047147401478456,0,0,0,5,8,1
40,32,0,4,0,5,0.125,0,3,0,1.3787834934861753,0.7945970457737037,0,0,0,2,8,1
58,26,25,3,0,0,0.0,0,1,0,1.295461844238322,0.3759539173712477,0,0,0,6,8,1
60,26,26,3,0,0,0.0,0,1,0,1.7527152789797047,0.33483371387563815,0,0,0,4,8,0
43,14,22,3,1,11,0.2558139534883721,1,0,0,1.6854752972273344,1.15788185184861,0,0,0,5,0,1
30,21,1,2,1,0,0.0,0,1,0,1.8423709931771084,0.719389879279097,1,0,0,3,7,1
99,11,81,1,0,12,0.12121212121212122,0,0,0,1.1488348542809166,1.043608647946961,0,0,0,5,3,1
32,13,12,4,0,10,0.3125,1,0,0,1.4056390622295665,1.724679325433257,0,0,0,3,0,1
51,17,26,3,1,0,0.0,0,1,0,1.811278124459133,0.5007568718672573,0,0,0,3,5,0
34,23,4,2,1,0,0.0,0,1,0,1.75,0.42739684824900775,0,0,0,4,8,0
29,21,1,2,0,0,0.0,0,1,0,1.4591479170272448,0.7884974214530549,0,0,0,3,6,0
85,77,1,7,1,25,0.29411764705882354,0,6,0,1.5510981710072647,1.0007460632813656,0,2,0,3,17,1
87,31,48,4,4,10,0.11494252873563218,0,2,0,1.8352377453121176,0.47658075068180555,0,0,0,5,10,0
55,19,29,2,1,10,0.18181818181818182,0,1,0,2.0588138903312014,0.9403733392494712,0,0,0,4,8,1
243,12,224,4,2,26,0.10699588477366255,0,0,0,2.04873783471187,19.53394027537617,0,1,0,8,4,1
32,24,1,3,1,4,0.125,0,2,0,1.811278124459133,1.2495746456693042,0,0,0,3,5,1
83,11,65,1,11,13,0.1566265060240964,0,0,0,1.3244602933016414,0.751977245152531,0,0,0,3,4,0
71,14,33,2,0,13,0.18309859154929578,0,1,0,2.1556390622295662,0.8808590370665431,0,0,0,3,3,1
50,17,25,3,0,1,0.02,0,1,0,1.8464393446710154,0.7297549715102749,0,0,0,4,3,0
27,18,1,2,0,0,0.0,0,1,0,1.4591479170272448,0.8358168056966014,0,0,0,3,4,0
63,21,35,2,0,4,0.06349206349206349,0,0,0,1.657742726504889,0.5163395998841556,1,0,0,5,8,1
42,20,14,3,2,0,0.0,0,2,0,1.8464393446710154,0.7081971402132707,0,0,0,4,6,0
86,11,68,2,9,2,0.023255813953488372,0,0,0,1.5919171866886992,0.5226569897423036,0,0,0,4,2,0
26,18,1,2,0,0,0.0,0,1,0,1.4591479170272448,0.7035150900210586,0,0,0,3,5,0
26,18,1,2,0,0,0.0,0,1,0,1.4591479170272448,0.769477086379899,0,0,0,3,4,0
40,26,7,3,0,0,0.0,0,2,0,1.4056390622295665,0.6603701671012514,0,0,0,4,10,1
66,22,37,3,3,0,0.0,0,1,0,1.8954618442383218,0.2771668839287033,0,0,0,3,7,0
138,7,28,2,1,4,0.028985507246376812,0,0,0,2.8630945514207635,0.9219759681543633,1,1,0,5,2,1
20,13,0,1,0,0,0.0,0,0,0,1.5,0.8782905219334731,0,0,0,2,5,0
24,16,1,2,0,0,0.0,0,1,0,1.4591479170272448,0.8268111325998955,0,0,0,3,4,0
50,25,18,3,1,4,0.08,0,2,0,1.6854752972273344,0.45789746519215246,0,0,0,5,8,1
55,13,35,3,0,0,0.0,0,0,0,1.3516441151533924,0.4122261054778449,0,0,0,5,4,1
25,16,1,2,0,0,0.0,0,1,0,1.4591479170272448,0.7303315099453526,0,0,0,3,4,0
41,12,11,2,0,2,0.04878048780487805,0,1,0,2.321928094887362,0.9199235732848727,0,0,0,4,3,0
86,19,60,4,0,34,0.3953488372093023,0,2,0,1.3921472236645345,1.451989666773911,0,0,0,4,7,1
47,16,23,2,0,0,0.0,0,1,0,1.75,0.6611619288659251,0,0,0,4,7,0
39,17,15,3,0,0,0.0,0,1,0,1.4056390622295665,0.5137156054420225,1,0,0,4,4,1
55,13,35,3,1,5,0.09090909090909091,0,1,0,1.5510981710072647,0.6353679708768581,0,0,0,7,3,0
29,18,4,2,0,0,0.0,0,1,0,1.3787834934861753,0.607446647360071,0,0,0,4,5,1
53,20,25,3,2,0,0.0,0,1,0,1.8910611120726526,0.28666024055240535,0,0,0,3,5,0
26,18,1,2,0,1,0.038461538461538464,0,1,0,1.4591479170272448,0.7892238911954816,0,0,0,3,4,0
42,16,18,3,0,0,0.0,0,1,0,1.4056390622295665,0.43545698754484946,0,0,0,4,3,1
54,37,10,5,2,6,0.1111111111111111,0,3,0,1.789929075309999,0.5316713081127231,0,0,0,3,8,1
30,22,1,2,0,0,0.0,0,1,0,1.4591479170272448,0.7394665967883826,0,0,0,3,6,1
45,17,21,1,1,0,0.0,0,0,0,1.6644977792004612,0.42714526759863153,0,0,0,4,6,0
34,23,4,2,0,0,0.0,0,1,0,1.3787834934861753,0.3935159734542902,0,0,0,4,5,1
35,26,1,2,0,0,0.0,0,1,0,1.4591479170272448,0.40688124568567086,0,0,0,3,9,0
65,16,41,2,0,0,0.0,0,1,0,1.7841591278514217,0.5863523556749942,0,0,0,4,7,0
23,15,1,2,0,0,0.0,0,1,0,1.4591479170272448,0.8557841252243518,0,0,0,3,3,0
19,11,1,2,0,3,0.15789473684210525,0,1,0,1.4591479170272448,1.5624662253570323,0,0,0,3,1,1
48,15,25,2,0,0,0.0,0,1,0,1.974937501201927,0.5692035548703103,0,0,0,3,6,0
71,15,19,4,0,1,0.014084507042253521,0,1,0,2.263809173883546,0.5394384915355797,0,0,0,5,5,0
34,26,1,2,0,0,0.0,0,1,0,1.4591479170272448,0.46319963533429553,0,0,0,3,8,0
59,19,33,2,1,0,0.0,0,0,0,1.657742726504889,0.2794523192756761,0,0,0,5,8,1
54,27,19,2,2,0,0.0,0,1,0,1.8365916681089791,0.3842382086341658,0,0,0,4,7,1
89,18,63,2,3,2,0.02247191011235955,0,1,0,1.7947367178034825,0.35475858976084057,0,0,0,9,5,1
53,44,1,4,3,9,0.16981132075471697,0,3,0,1.867633890971212,0.9798558923400057,0,0,0,3,7,1
47,18,22,2,1,0,0.0,0,1,0,1.75,0.3937588757898188,0,0,0,4,5,0
37,28,1,3,0,0,0.0,0,2,0,1.4488156357251847,0.4252829243486419,0,0,0,3,9,0
118,42,19,4,0,26,0.22033898305084745,0,3,0,2.6312929881819,1.150836789428757,3,2,0,4,15,1
27,19,1,2,0,0,0.0,0,1,0,1.4591479170272448,0.8106667233387653,0,0,0,3,4,0
31,23,1,2,0,0,0.0,0,1,0,1.4591479170272448,0.545182072424339,0,0,0,3,8,0
49,21,21,2,1,5,0.10204081632653061,0,1,0,1.657742726504889,0.4926823568654785,0,0,0,5,6,0
25,17,1,2,0,0,0.0,0,1,0,1.4591479170272448,0.6232662902707578,0,0,0,3,3,0
63,11,45,2,3,0,0.0,0,0,0,1.7295739585136223,0.4627179148506175,0,0,0,6,4,1
36,18,11,1,0,6,0.16666666666666666,0,0,0,1.2516291673878228,0.8678120217075365,0,0,0,4,6,0
35,27,0,2,0,0,0.0,0,1,0,1.5219280948873621,0.5144131468330289,0,0,0,2,9,1
25,18,0,2,2,0,0.0,0,1,0,1.9502120649147467,0.6552953772135731,0,0,0,2,7,0
40,31,1,2,0,0,0.0,0,1,0,1.4591479170272448,0.43383694032841125,0,0,0,3,10,0
37,19,11,3,0,0,0.0,0,1,0,1.4488156357251847,0.5281487009646793,1,0,0,3,5,1
55,13,35,3,1,0,0.0,0,1,0,1.6854752972273344,0.42463904039392164,0,0,0,5,3,1
25,16,1,2,0,1,0.04,0,1,0,1.4591479170272448,0.7029839957299103,0,0,0,3,3,0
79,21,51,2,3,0,0.0,0,1,0,1.7295739585136223,0.5575111236547319,0,0,0,6,6,0
44,16,20,3,0,0,0.0,0,1,0,1.3516441151533924,0.4559158717093961,0,0,0,5,6,0
26,10,9,2,0,0,0.0,0,1,0,1.4591479170272448,0.6098859816442213,0,0,0,3,3,0
72,54,10,2,0,0,0.0,0,1,0,1.3787834934861753,0.4020423736709441,1,0,0,4,21,1
68,30,31,2,3,0,0.0,0,1,0,1.8464393446710154,0.47062100611595664,0,0,0,4,12,0
29,15,6,1,0,0,0.0,0,0,0,1.3709505944546687,0.508950306706078,1,0,0,3,4,1
54,15,32,2,0,0,0.0,0,1,0,1.8464393446710154,0.4646480976743768,0,0,0,4,6,0
33,15,10,1,0,0,0.0,0,0,0,1.2516291673878228,0.6145572836757593,0,0,0,4,8,1
45,36,1,4,2,3,0.06666666666666667,0,3,0,1.8464393446710154,0.583676835552604,1,0,0,3,9,1
44,15,22,2,2,0,0.0,0,1,0,1.9056390622295665,0.46133959575950756,0,0,0,3,4,0
21,14,0,1,0,1,0.047619047619047616,0,0,0,1.5,1.0139943408425782,0,0,0,2,5,0
32,25,0,2,1,0,0.0,0,1,0,1.9182958340544896,0.7965772836685804,0,0,0,2,8,0
54,18,29,3,2,0,0.0,0,1,0,1.8464393446710154,0.3459544368113388,0,0,0,4,5,0
33,12,14,2,0,0,0.0,0,1,0,1.2987949406953985,0.5062928201312499,0,0,0,5,3,1
35,26,1,2,0,0,0.0,0,1,0,1.4591479170272448,0.4687094053623019,0,0,0,3,7,0
648,18,16,3,1,132,0.2037037037037037,0,1,0,1.6208833735315031,1.1272638129735746,2,0,0,4,8,1
45,28,10,4,0,0,0.0,0,2,0,1.4056390622295665,0.4256368868142905,1,0,0,3,10,1
73,24,41,3,1,0,0.0,0,1,0,2.0419460322060456,0.4831421006283663,0,0,0,5,9,0
59,42,10,5,2,1,0.01694915254237288,0,3,0,1.789929075309999,0.40035274486878747,0,0,0,3,11,1
60,27,26,4,1,1,0.016666666666666666,0,2,0,1.6258145836939115,0.36202212267370937,0,0,0,6,11,1
26,17,1,2,0,0,0.0,0,1,0,1.4591479170272448,0.6900223424076192,0,0,0,3,6,0
37,25,4,2,0,8,0.21621621621621623,0,1,0,1.4591479170272448,1.5532469788448107,0,0,0,3,6,1
57,28,21,3,3,0,0.0,0,1,0,1.867633890971212,0.49585055372050774,0,0,0,4,8,1
54,26,21,2,1,4,0.07407407407407407,0,0,0,1.75,0.2605532055138143,0,0,0,4,8,1
80,20,53,4,3,0,0.0,0,2,0,1.8262452584026092,0.3319364725605309,0,0,0,5,3,0
86,37,42,2,3,0,0.0,0,1,0,1.8464393446710154,0.40946458093353016,0,0,0,4,12,0
30,22,1,2,0,0,0.0,0,1,0,1.4591479170272448,0.396968175290661,0,0,0,3,5,1
196,25,164,3,20,14,0.07142857142857142,0,2,0,1.26473172920365,0.4820683810859802,0,0,0,4,7,1
51,26,18,2,0,0,0.0,0,1,0,1.2987949406953985,0.48189789963399465,0,0,0,5,7,1
22,8,7,1,0,0,0.0,0,0,0,1.3709505944546687,1.4852603115167777,0,0,0,3,2,1
30,23,0,2,0,0,0.0,0,1,0,1.5219280948873621,0.6370724549688868,0,0,0,2,7,0
19,12,0,1,0,0,0.0,0,0,0,1.5,0.971606549207969,0,0,0,2,4,0
51,33,10,3,0,0,0.0,0,1,0,1.4488156357251847,0.3708320587664188,2,0,0,3,12,1
72,14,51,3,1,0,0.0,0,1,0,2.054585169337799,0.3379312646189441,0,0,0,5,3,0
63,14,42,3,3,6,0.09523809523809523,0,1,0,2.0758692966977272,0.3809700020536058,0,0,0,5,4,0
48,20,21,2,0,0,0.0,0,1,0,1.2987949406953985,0.6723180380559537,1,0,0,5,6,1
33,16,9,2,0,5,0.15151515151515152,0,1,0,1.2987949406953985,0.9615497083840578,0,0,0,5,4,0
30,22,1,2,0,0,0.0,0,1,0,1.4591479170272448,0.6704639625345223,0,0,0,3,6,0
44,13,24,3,0,7,0.1590909090909091,0,1,0,1.4056390622295665,1.003932768275255,0,0,0,4,3,0
62,20,35,3,1,6,0.0967741935483871,0,2,0,1.5510981710072647,0.4643278599095097,0,0,0,7,3,1
36,9,19,2,0,3,0.08333333333333333,0,0,0,1.2987949406953985,0.6046004679402486,0,0,0,5,3,1
48,15,26,2,1,1,0.020833333333333332,0,1,0,1.5709505944546687,0.3828874848081722,0,0,0,6,3,1
42,33,1,2,0,2,0.047619047619047616,0,1,0,1.4591479170272448,0.44825438870719286,0,0,0,3,10,0
38,17,14,2,0,0,0.0,0,1,0,1.2987949406953985,0.48833831556365603,0,0,0,5,4,0
39,20,12,3,0,1,0.02564102564102564,0,1,0,1.4488156357251847,0.7826144485633134,0,0,0,3,7,1
50,17,26,2,1,1,0.02,0,0,0,1.657742726504889,0.487170330432582,1,0,0,5,6,1
66,30,29,1,7,0,0.0,0,0,0,1.573402452417767,0.515056688574701,0,0,0,4,9,0
77,47,22,4,0,0,0.0,0,2,0,1.3921472236645345,0.31072290056231766,0,0,0,4,15,1
43,17,18,3,0,6,0.13953488372093023,0,1,0,1.4488156357251847,0.8359691159408764,1,0,0,3,2,1
260,12,240,2,1,31,0.11923076923076924,0,1,0,1.75,1.1879964911666916,0,0,0,4,2,1
36,20,9,3,0,0,0.0,0,1,0,1.4488156357251847,0.6783187227269767,0,0,0,3,8,1
213,18,22,3,1,92,0.431924882629108,0,1,0,2.925853014561283,1.7862147533437207,2,0,0,5,5,1
102,12,83,2,7,6,0.058823529411764705,0,1,0,1.6578764348499595,0.3308499839951127,0,0,0,7,3,0
416,16,392,2,1,51,0.12259615384615384,0,1,0,1.75,1.3346033939058486,0,0,0,4,3,1
36,19,10,2,0,0,0.0,0,1,0,1.3787834934861753,0.36228230075069817,0,0,0,4,6,0
88,14,67,5,2,15,0.17045454545454544,1,0,0,1.9211796919474975,0.6318177691966743,0,0,0,7,0,1
44,16,20,2,0,0,0.0,0,1,0,1.75,0.5741167265579331,0,0,0,4,7,0
50,42,1,4,0,0,0.0,0,3,0,1.4056390622295665,0.4439350334235807,0,0,0,3,13,1
142,25,12,5,0,18,0.1267605633802817,0,3,0,2.287783719941071,0.8066235836669355,0,0,0,3,5,1
48,15,26,2,0,3,0.0625,0,1,0,1.2987949406953985,0.7954195237026755,0,0,0,5,4,1
45,34,4,1,0,0,0.0,0,0,0,1.3709505944546687,0.5717805270915925,0,0,0,3,14,1
80,23,49,3,6,7,0.0875,0,1,0,1.781937063546704,0.42646633693881525,0,0,0,5,8,0
58,40,10,5,2,0,0.0,0,3,0,1.789929075309999,0.34602759784434023,1,2,0,3,14,1
77,13,57,2,2,0,0.0,0,0,0,1.6140054628542204,0.5378140973751849,0,0,0,7,6,1
26,17,1,2,0,0,0.0,0,1,0,1.4591479170272448,0.8773612066090457,0,0,0,3,4,0
60,52,0,3,2,0,0.0,0,2,0,1.9056390622295665,0.45289791340095276,0,0,0,2,19,1
44,25,11,3,0,8,0.18181818181818182,0,1,0,1.4488156357251847,1.0781008345746128,0,0,0,3,6,1
23,14,1,2,0,0,0.0,0,1,0,1.4591479170272448,0.8085860227177795,0,0,0,3,3,0
38,29,1,2,0,6,0.15789473684210525,0,1,0,1.4591479170272448,0.672685262257675,0,0,0,3,6,1
113,15,76,2,0,9,0.07964601769911504,0,1,0,2.0349409139562287,0.47813228386098233,0,0,0,7,5,1
228,29,31,3,1,39,0.17105263157894737,0,1,0,1.9962885223434332,1.33542209682302,0,0,0,4,9,0
29,13,9,3,0,1,0.034482758620689655,0,1,0,1.4488156357251847,1.0489016696444065,0,0,0,3,3,1
42,11,24,2,1,0,0.0,0,1,0,1.75,0.475443879949775,0,0,0,4,1,0
34,25,1,2,0,0,0.0,0,1,0,1.4591479170272448,0.64385367078705,0,0,0,3,9,1
25,10,8,2,0,4,0.16,0,1,0,1.4591479170272448,1.2714275302372737,0,0,0,3,1,1
34,14,12,2,0,3,0.08823529411764706,0,1,0,1.3787834934861753,1.120256885896983,0,0,0,4,4,1
58,16,34,2,2,0,0.0,0,1,0,1.8365916681089791,0.30337822479819043,0,0,0,4,3,0
30,22,1,2,1,0,0.0,0,1,0,1.8423709931771084,0.4287179142179026,0,0,0,3,6,0
29,20,1,2,0,0,0.0,0,1,0,1.4591479170272448,0.6200308670702575,0,0,0,3,5,0
39,19,13,2,0,0,0.0,0,1,0,1.3787834934861753,0.4667387600156468,0,0,0,4,5,0
30,22,1,2,0,0,0.0,0,1,0,1.4591479170272448,0.6032642564418009,0,0,0,3,4,0
43,27,7,2,1,0,0.0,0,1,0,2.0588138903312014,0.5210646174556279,0,0,0,4,7,1
80,25,48,3,3,6,0.075,0,1,0,1.867633890971212,0.48879004466101544,0,0,0,4,8,0
118,42,19,4,0,15,0.1271186440677966,0,3,0,2.6312929881819,0.916624285572977,3,2,0,4,15,1
32,15,10,2,1,1,0.03125,0,1,0,1.75,0.928574838674821,0,0,0,4,3,0
48,7,33,1,0,4,0.08333333333333333,0,0,0,1.6644977792004612,1.2461516195929203,0,0,0,4,0,1
21,9,4,2,0,0,0.0,0,1,0,1.3787834934861753,0.8903822382387462,0,0,0,4,3,0
42,34,1,2,0,1,0.023809523809523808,0,1,0,1.4591479170272448,0.41802641381793787,0,0,0,3,13,1
63,14,41,2,4,2,0.031746031746031744,0,1,0,1.7841591278514217,0.5298867410439515,0,0,0,5,3,0
34,27,0,3,0,0,0.0,0,2,0,1.4591479170272448,0.5511378000561932,0,0,0,2,9,1
55,38,10,3,0,3,0.05454545454545454,0,1,0,1.4488156357251847,0.5401573246177991,1,0,0,3,11,1
33,11,14,1,1,0,0.0,0,0,0,1.6644977792004612,0.4675580797977135,0,0,0,4,4,1
49,18,24,3,1,6,0.12244897959183673,0,1,0,1.9717472571281809,0.6403980699387409,0,0,0,5,4,0
63,10,46,3,0,0,0.0,0,1,0,1.4056390622295665,0.35853176345980703,0,0,0,4,1,0
41,25,9,2,0,0,0.0,0,1,0,1.4591479170272448,0.3671332373651517,0,0,0,3,8,0
45,10,28,1,0,0,0.0,0,0,0,0.9864267287308425,0.6190057553425595,0,1,0,7,4,1
54,11,35,1,6,0,0.0,0,0,0,1.617189572592715,0.697495176200475,0,0,0,3,3,0
39,20,7,2,0,0,0.0,0,1,0,2.4464393446710155,0.8558641233570412,0,0,0,3,5,1
79,51,21,5,2,10,0.12658227848101267,0,3,0,1.7841591278514217,0.5066542730208445,0,0,0,4,12,1
26,19,0,2,0,0,0.0,0,1,0,1.5219280948873621,0.6715342056887025,0,0,0,2,6,0
32,17,7,2,0,1,0.03125,0,1,0,1.3787834934861753,0.5365092992270889,0,0,0,4,4,0
52,17,28,2,0,0,0.0,0,1,0,1.224394445405986,0.3072496187249416,0,0,0,6,5,0
30,12,10,2,0,0,0.0,0,1,0,1.3787834934861753,0.7482819459358055,0,0,0,4,3,0
50,12,31,2,0,0,0.0,0,0,0,1.2987949406953985,0.37022491072812136,1,0,0,5,3,1
28,19,1,2,0,0,0.0,0,1,0,1.4591479170272448,0.6137547532301069,0,0,0,3,5,0
71,15,49,2,3,0,0.0,0,1,0,1.7295739585136223,0.28182991726304,0,0,0,6,5,0
59,29,23,3,0,0,0.0,0,1,0,1.789929075309999,0.3781796521036653,0,0,0,5,10,1
79,11,60,6,2,0,0.0,0,1,0,1.7527152789797047,0.3301849974075712,1,0,0,8,4,1
86,17,61,4,5,0,0.0,0,2,0,1.7142977509479211,0.30056579170399034,0,0,0,9,4,1
65,13,27,3,1,22,0.3384615384615385,0,1,0,2.221251836004466,1.4903254724006767,0,0,0,5,3,1
46,24,15,3,0,4,0.08695652173913043,0,2,0,1.5304930567574826,0.6541198948280379,0,0,0,4,9,0
71,22,41,3,2,0,0.0,0,1,0,1.8464393446710154,0.25817667424910495,0,0,0,4,6,0
50,14,29,2,0,0,0.0,0,1,0,1.8365916681089791,0.538901618304759,0,0,0,4,3,0
36,18,11,3,0,1,0.027777777777777776,0,1,0,1.4488156357251847,0.6727597949585256,0,0,0,3,2,1
22,15,0,1,0,0,0.0,0,0,0,1.5,0.7510355327885917,0,0,0,2,5,0
29,22,0,2,0,2,0.06896551724137931,0,1,0,1.5219280948873621,0.7556589626808827,0,0,0,2,6,1
50,14,29,2,1,10,0.2,0,1,0,2.0588138903312014,1.0268047700916159,0,0,0,4,4,1
55,17,31,2,2,0,0.0,0,1,0,1.7609640474436812,0.31379932899499285,0,0,0,5,5,0
61,17,37,3,0,0,0.0,0,1,0,1.6854752972273344,0.44453231654684394,0,0,0,5,3,0
40,31,1,2,2,0,0.0,0,1,0,1.9056390622295665,0.56683772918846,0,0,0,3,10,1
211,18,19,2,3,97,0.4597156398104265,0,0,0,2.965957320949175,2.102467534632801,2,0,0,5,6,1
78,21,50,2,1,0,0.0,0,0,0,1.5709505944546687,0.5354646970569494,0,0,0,6,8,1
31,23,1,2,1,0,0.0,0,1,0,1.8423709931771084,0.567611220665816,0,0,0,3,7,1
19,10,1,1,0,0,0.0,0,0,0,1.3709505944546687,0.8932103307321525,0,0,0,3,4,1
57,18,32,2,0,0,0.0,0,1,0,1.8464393446710154,0.534408807190241,0,0,0,4,7,0
45,18,20,2,0,4,0.08888888888888889,0,0,0,1.3787834934861753,0.7556684046038754,0,0,0,4,4,1
65,15,43,3,0,6,0.09230769230769231,0,1,0,1.789929075309999,0.46356351101813653,0,0,0,5,2,0
18,11,0,2,0,0,0.0,0,1,0,1.5219280948873621,1.5515415006318298,0,0,0,2,1,0
72,38,27,5,2,6,0.08333333333333333,0,3,1,2.038159681645953,0.9675997515020435,0,0,0,4,9,1
57,40,10,5,0,2,0.03508771929824561,0,3,0,1.3516441151533924,0.5407570659177401,0,0,0,3,13,1
91,24,59,3,1,23,0.25274725274725274,0,0,0,2.3248629576173565,1.1484224260342195,1,0,0,4,7,1
58,15,36,2,5,0,0.0,0,1,0,1.789929075309999,0.4402079206126878,0,0,0,3,4,0
111,19,84,3,5,11,0.0990990990990991,0,1,0,2.1800365325772657,0.43065925849324116,0,0,0,3,5,0
45,18,19,2,0,0,0.0,0,1,0,1.3787834934861753,0.5152399404722255,0,0,0,4,5,0
21,12,1,2,0,0,0.0,0,1,0,1.4591479170272448,0.6286901351895664,0,0,0,3,4,0
31,23,1,2,0,0,0.0,0,1,0,1.4591479170272448,0.5513808607787983,0,0,0,3,7,0
40,14,19,3,0,0,0.0,0,1,0,1.4056390622295665,0.5014754104977515,1,0,0,4,4,1
18,11,0,2,0,0,0.0,0,1,0,1.5219280948873621,1.318475825142278,0,0,0,2,3,0
30,18,5,1,1,0,0.0,0,0,0,1.792481250360578,1.0693276981209716,0,0,0,3,5,1
31,19,5,2,0,0,0.0,0,1,0,1.3787834934861753,0.5749839973715899,0,0,0,4,6,0
188,24,148,4,9,35,0.18617021276595744,0,1,0,2.017801027300537,0.5204436219665407,4,0,0,10,7,1
42,18,17,3,1,0,0.0,0,1,0,1.811278124459133,0.3673213202496728,0,0,0,3,4,0
47,7,32,1,0,2,0.0425531914893617,0,0,0,2.0,0.975760242673347,0,0,0,4,0,1
26,17,1,2,0,0,0.0,0,1,0,1.4591479170272448,0.7386127941475158,0,0,0,3,4,0
28,19,1,3,0,0,0.0,0,2,0,1.4488156357251847,0.4715522955709669,0,0,0,3,4,0
64,19,37,2,3,0,0.0,0,1,0,1.789929075309999,0.4099315303754665,0,0,0,5,5,0
42,34,1,2,2,0,0.0,0,1,0,1.9056390622295665,0.4794487909565433,1,0,0,3,11,1
20,13,0,2,0,0,0.0,0,1,0,1.5219280948873621,1.0627949121162525,0,0,0,2,4,1
33,25,1,2,1,3,0.09090909090909091,0,1,0,1.8423709931771084,1.2224006148563904,0,0,0,3,6,1
61,18,36,3,3,0,0.0,0,1,0,1.867633890971212,0.5090094682276619,0,0,0,4,5,0
72,13,51,2,0,13,0.18055555555555555,0,1,0,1.1567796494470395,0.6874015672239132,0,0,0,7,3,1
29,20,1,2,0,0,0.0,0,1,0,1.4591479170272448,0.7079799707067231,0,0,0,3,5,0
73,42,24,4,2,1,0.0136986301369863,0,3,0,1.8423709931771084,0.3001386499988484,0,0,0,6,11,1
120,15,98,2,1,18,0.15,0,0,0,1.2916919971380596,0.5242741315302228,1,0,0,10,5,1
26,17,1,2,0,0,0.0,0,1,0,1.4591479170272448,0.6347969878538211,0,0,0,3,4,0
37,13,4,1,0,0,0.0,0,0,0,2.0,0.8018754335748172,0,0,0,4,3,1
37,17,13,1,0,0,0.0,0,0,0,1.2516291673878228,0.4233960834295664,0,0,0,4,5,1
57,16,34,3,0,0,0.0,0,1,0,1.3516441151533924,0.4930521767958217,0,0,0,5,5,0
42,19,9,2,0,2,0.047619047619047616,0,0,0,1.8423709931771084,0.8060640808448206,0,0,0,3,7,1
71,24,40,2,3,0,0.0,0,1,0,1.8464393446710154,0.29024810268484347,0,0,0,4,7,0
24,17,0,1,0,0,0.0,0,0,0,1.5,0.5926920375004984,0,0,0,2,6,0
32,24,1,3,1,4,0.125,0,2,0,1.811278124459133,1.1908193498917574,0,0,0,3,3,1
135,17,1,2,0,30,0.2222222222222222,0,1,0,2.8064985287918303,1.541875424547615,0,0,0,3,7,1
40,14,19,2,1,0,0.0,0,1,0,1.75,0.3920280716497031,0,0,0,4,3,0
43,15,20,2,0,0,0.0,0,1,0,1.75,0.5882774896302279,0,0,0,4,5,0
33,25,1,3,0,0,0.0,0,2,0,1.4488156357251847,0.47102626449462304,0,0,0,3,9,0
35,10,18,1,0,0,0.0,0,0,0,1.8423709931771084,0.7225724191313265,0,0,0,3,2,1
56,23,26,1,5,0,0.0,0,0,0,1.6143308351592656,0.5064691904094276,0,0,0,6,3,1
61,22,32,3,0,0,0.0,0,1,0,1.295461844238322,0.31702406205449896,0,0,0,6,6,0
32,23,1,2,0,0,0.0,0,1,0,1.4591479170272448,0.5114419431200786,0,0,0,3,6,0
52,20,25,3,0,0,0.0,0,1,0,1.3516441151533924,0.3092295707423458,1,0,0,5,5,1
128,50,20,4,1,20,0.15625,0,3,0,2.7550576199383077,0.8196686221275624,3,2,0,5,17,1
49,16,26,2,0,0,0.0,0,1,0,1.3787834934861753,0.34051629584734716,0,0,0,4,4,0
28,20,1,2,0,0,0.0,0,1,0,1.4591479170272448,0.5036073033846922,0,0,0,3,6,0
44,14,11,2,0,5,0.11363636363636363,0,1,0,1.8423709931771084,0.9424174932621876,0,0,0,3,3,1
56,20,29,3,0,0,0.0,0,1,0,1.8954618442383218,0.3841990048419529,0,0,0,3,6,0
40,17,15,1,0,2,0.05,0,0,0,1.792481250360578,0.684727694059209,0,0,0,3,6,1
60,51,1,2,0,0,0.0,0,1,0,1.4591479170272448,0.3328453123740472,0,0,0,3,20,0
83,19,56,1,1,4,0.04819277108433735,0,0,0,1.207518749639422,0.3996365311765773,0,0,0,9,7,1
27,18,1,2,1,0,0.0,0,1,0,1.8423709931771084,0.397540507923323,0,0,0,3,6,1
43,25,10,5,0,0,0.0,0,3,0,1.3516441151533924,0.6410844626467255,0,0,0,3,5,1
129,26,95,2,11,4,0.031007751937984496,0,1,0,1.528801814525318,0.3653162753616791,0,0,0,5,8,0
49,21,21,2,1,0,0.0,0,1,0,1.75,0.30920344526122473,0,0,0,4,9,0
86,13,66,1,10,7,0.08139534883720931,0,0,0,1.4627552262645034,0.5720740834150317,0,0,0,6,4,0
72,17,48,3,1,5,0.06944444444444445,0,1,0,1.617189572592715,0.3558422868319531,0,0,0,6,3,0
53,21,25,2,0,3,0.05660377358490566,0,1,0,1.224394445405986,0.528547545768355,0,0,0,6,8,1
47,15,25,2,0,0,0.0,0,1,0,1.224394445405986,0.7277237492237104,0,0,0,6,3,1
17,6,4,1,0,2,0.11764705882352941,0,0,0,1.3709505944546687,1.3555740025291685,0,0,0,3,3,1
20,11,1,2,0,0,0.0,0,1,0,1.4591479170272448,0.8860407597672516,0,0,0,3,2,0
43,36,0,4,0,0,0.0,0,3,0,1.3787834934861753,0.613070386705548,0,0,0,2,12,1
42,14,1,2,0,2,0.047619047619047616,0,1,0,2.1556390622295662,0.742416028831645,0,0,0,3,3,1
25,16,1,2,0,0,0.0,0,1,0,1.4591479170272448,0.650182039042058,0,0,0,3,4,0
197,16,16,2,1,72,0.36548223350253806,0,0,0,2.7898980954642876,1.5868795865917336,2,0,0,4,5,1
77,23,47,1,0,23,0.2987012987012987,0,0,0,1.1488348542809166,1.2342555036415948,0,0,0,5,8,1
36,28,1,2,0,0,0.0,0,1,0,1.4591479170272448,0.37114080178697606,0,0,0,3,9,0
61,17,37,3,0,4,0.06557377049180328,0,1,0,1.188721875540867,0.6938910910760864,0,0,0,8,2,1
95,15,72,2,2,25,0.2631578947368421,0,1,0,2.074164743022575,0.722934423602422,0,0,0,6,3,0
81,22,52,3,0,1,0.012345679012345678,0,1,0,1.8250112108241772,0.4774447619142212,0,0,0,5,10,0
28,21,0,2,1,2,0.07142857142857142,0,1,0,1.9182958340544896,0.849106287848053,0,0,0,2,5,0
64,17,39,2,1,0,0.0,0,0,0,1.4911148500551856,0.4537472243374712,0,0,0,7,6,1
79,13,58,3,1,10,0.12658227848101267,0,1,0,1.3752793655393791,0.5686353180448078,1,0,0,10,2,1
25,16,1,2,0,0,0.0,0,1,0,1.4591479170272448,0.864294097622522,0,0,0,3,4,0
93,20,65,3,1,10,0.10752688172043011,0,1,0,2.007856063692049,0.4551402508013067,0,0,0,6,6,0
32,25,0,2,0,0,0.0,0,1,0,1.5219280948873621,0.6964510367980378,0,0,0,2,8,1
45,13,25,2,0,1,0.022222222222222223,0,0,0,1.3787834934861753,0.43392442419504257,0,0,0,4,4,1
117,27,83,2,5,0,0.0,0,1,0,1.5683182557028439,0.3601073819007893,2,0,0,10,11,1
95,56,32,7,1,1,0.010526315789473684,0,5,0,1.573402452417767,0.403368950478507,0,2,0,4,19,1
77,18,51,2,5,0,0.0,0,1,0,1.7841591278514217,0.3044095862056948,0,0,0,4,5,0
111,11,93,3,10,7,0.06306306306306306,0,1,0,1.647730922119161,0.34296724443510396,0,0,0,6,3,0
45,19,18,3,1,0,0.0,0,1,0,1.7527152789797047,0.2645981505640055,0,0,0,4,5,1
54,16,31,3,4,0,0.0,0,1,0,1.867633890971212,0.43848423886406734,0,0,0,3,5,0
78,32,39,3,2,0,0.0,0,1,0,1.8464393446710154,0.30686134102182555,0,0,0,4,11,0
40,20,13,3,0,0,0.0,0,1,0,1.4488156357251847,0.38889674150552084,0,0,0,3,5,0
36,12,17,2,0,7,0.19444444444444445,0,1,0,1.2987949406953985,1.0413707496937672,0,0,0,5,2,0
77,23,47,1,0,20,0.2597402597402597,0,0,0,1.1488348542809166,0.9195831174942144,0,0,0,5,8,1
27,17,3,2,0,0,0.0,0,1,0,1.4591479170272448,0.6010374458681362,0,0,0,3,4,0
42,22,12,2,0,0,0.0,0,1,0,1.657742726504889,0.4918238151233572,0,0,0,5,7,0
116,15,93,1,14,6,0.05172413793103448,0,0,0,1.3012407854814618,0.4920526519138043,0,0,0,5,5,0
77,23,47,1,0,21,0.2727272727272727,0,0,0,1.1488348542809166,0.9902123395600311,0,0,0,5,8,1
40,25,8,2,0,0,0.0,0,1,0,1.4591479170272448,0.36788135948149375,0,0,0,3,8,0
85,20,58,4,1,5,0.058823529411764705,0,2,0,1.5216406363433184,0.34325967768530824,0,0,0,8,5,0
425,13,10,24,0,17,0.04,1,0,1,2.7631567870847173,0.7034096847034899,3,1,0,21,0,1
71,62,1,4,7,6,0.08450704225352113,0,3,0,1.746465798504072,0.45692751788960595,0,0,0,3,15,1
52,16,29,2,0,0,0.0,0,1,0,1.5709505944546687,0.37226984368147253,0,0,0,6,5,1
51,19,24,1,0,7,0.13725490196078433,0,0,0,1.1488348542809166,0.5485199802438483,0,0,0,5,8,0
19,12,0,2,0,0,0.0,0,1,0,1.5219280948873621,0.8168401150161059,0,0,0,2,3,0
32,14,11,2,0,0,0.0,0,0,0,1.4591479170272448,0.6710098535636335,0,0,0,3,3,1
45,27,10,2,0,0,0.0,0,1,0,1.3787834934861753,0.37625552961235675,0,0,0,4,6,0
26,18,1,1,1,0,0.0,0,0,0,1.792481250360578,0.6236345340203212,1,0,0,3,8,1
76,27,42,4,3,21,0.27631578947368424,0,2,0,1.8262452584026092,0.8773768751929275,0,0,0,5,6,1
66,19,39,3,0,4,0.06060606060606061,0,1,0,1.295461844238322,0.5499798079233482,1,0,0,6,8,1
77,23,47,1,0,17,0.22077922077922077,0,0,0,1.1488348542809166,0.9227289526089103,0,0,0,5,8,1
29,16,6,2,0,0,0.0,0,0,0,1.3787834934861753,0.5510608910634689,0,0,0,4,5,1
60,35,18,2,0,1,0.016666666666666666,0,1,0,1.9056390622295665,0.6070135638752264,0,0,0,3,13,0
35,15,12,2,0,0,0.0,0,1,0,1.3787834934861753,0.508195618223846,0,0,0,4,5,0
39,18,13,3,0,0,0.0,0,1,0,1.4056390622295665,0.7404968507616211,0,0,0,4,5,0
74,17,49,1,2,8,0.10810810810810811,0,0,0,1.657742726504889,0.4326443051527307,1,0,0,5,5,0
53,36,10,5,2,6,0.11320754716981132,0,3,0,1.789929075309999,0.6646057268597713,0,0,0,3,7,1
30,22,1,1,0,0,0.0,0,0,0,1.3709505944546687,0.5858806130346257,0,0,0,3,7,0
50,23,20,3,1,0,0.0,0,1,0,1.811278124459133,0.21312806898535977,0,0,0,3,8,0
37,14,11,2,0,6,0.16216216216216217,0,1,0,1.8423709931771084,1.3055482005581385,0,0,0,3,2,1
25,16,1,1,0,0,0.0,0,0,0,1.3709505944546687,0.3952869550124133,0,0,0,3,7,0
74,39,28,3,2,6,0.08108108108108109,0,2,0,2.1180782093497093,0.358994068797274,0,2,0,4,13,1
63,34,22,2,0,0,0.0,0,0,0,1.2987949406953985,0.26264824021694655,0,0,0,5,11,1
38,25,6,2,1,0,0.0,0,1,0,1.8423709931771084,0.6969562914380868,0,2,0,3,9,1
51,18,26,2,0,0,0.0,0,0,0,1.224394445405986,0.641797974410284,1,0,0,6,5,1
67,18,31,2,3,5,0.07462686567164178,0,1,0,2.6612262562697895,0.5590325083471483,0,0,0,3,4,0
21,12,1,2,0,0,0.0,0,1,0,1.4591479170272448,0.8672195552826677,0,0,0,3,2,0
60,14,38,2,4,0,0.0,0,1,0,1.7841591278514217,0.32494687722455845,0,0,0,5,5,0
53,17,29,2,1,10,0.18867924528301888,0,1,0,2.0588138903312014,1.0139480984311084,0,0,0,4,5,1
83,28,47,4,4,9,0.10843373493975904,0,2,0,1.8352377453121176,0.44933563077855304,0,0,0,5,6,0
18,11,0,1,0,0,0.0,0,0,0,1.5,1.0845517981412216,0,0,0,2,3,0
57,16,33,3,0,0,0.0,0,1,0,1.295461844238322,0.608611796407439,0,0,0,6,2,1
36,15,14,3,0,0,0.0,0,1,0,1.4056390622295665,0.718502695172316,0,0,0,4,4,1
78,16,55,3,0,6,0.07692307692307693,0,1,0,1.809200032697812,0.4726849165598796,0,0,0,5,4,0
22,14,1,1,1,0,0.0,0,0,0,1.792481250360578,1.0232320020482084,0,0,0,3,3,1
56,17,32,2,3,0,0.0,0,1,0,1.8464393446710154,0.3812093305383598,0,0,0,4,4,0
33,12,6,2,0,7,0.21212121212121213,0,1,0,1.8423709931771084,1.167889776476302,0,0,0,3,2,0
47,20,20,2,0,0,0.0,0,1,0,1.2987949406953985,0.46940077292780935,0,0,0,5,7,0
97,20,70,3,0,23,0.23711340206185566,0,1,0,1.7295739585136223,0.8970708224962565,0,0,0,6,7,1
51,16,27,2,0,0,0.0,0,1,0,1.8464393446710154,0.4737400026860858,0,0,0,4,7,0
43,35,1,2,2,4,0.09302325581395349,0,1,0,1.9056390622295665,0.9302215000997791,0,0,0,3,9,1
37,28,1,2,0,0,0.0,0,1,0,1.4591479170272448,0.4224361823796731,0,0,0,3,8,0
78,16,55,2,4,7,0.08974358974358974,0,0,0,1.7841591278514217,0.517177691868392,0,0,0,5,5,0
71,26,38,2,4,0,0.0,0,1,0,1.823067982273661,0.40754890554137296,0,0,0,4,8,0
29,20,1,2,0,0,0.0,0,1,0,1.4591479170272448,0.7568619982019176,0,0,0,3,6,0
44,27,10,2,0,0,0.0,0,1,0,1.2987949406953985,0.44455373661142206,0,0,0,5,8,1
83,47,29,2,1,0,0.0,0,1,0,1.5709505944546687,0.3675745979928037,0,0,0,6,17,1
65,24,34,3,3,0,0.0,0,1,0,1.8954618442383218,0.30690002856083853,0,0,0,3,6,0
58,15,36,8,0,0,0.0,0,1,0,1.272905595320056,0.5785088484916203,1,1,0,6,2,1
30,23,0,2,0,0,0.0,0,1,0,1.5219280948873621,0.4022434328516348,0,0,0,2,8,0
117,42,20,4,0,26,0.2222222222222222,0,3,0,2.5941178916311856,1.082161821614518,3,2,0,5,15,1
63,21,35,1,0,0,0.0,0,0,0,1.7527152789797047,0.4987264826439436,0,0,0,4,9,0
39,15,17,1,0,3,0.07692307692307693,0,0,0,1.061278124459133,0.7459777852876007,0,0,0,6,4,1
62,15,36,3,1,1,0.016129032258064516,0,1,0,2.1416195253341384,0.48466679137925106,0,0,0,6,3,1
29,21,1,2,0,0,0.0,0,1,0,1.4591479170272448,0.8597744431380648,0,0,0,3,6,1
98,13,55,3,1,8,0.08163265306122448,0,1,0,2.323219672335508,0.5942390816197485,1,0,0,10,2,1
82,24,51,3,1,18,0.21951219512195122,0,0,0,2.3248629576173565,1.2607901356879903,2,0,0,4,7,1
35,27,1,2,0,0,0.0,0,1,0,1.4591479170272448,0.6367352031504615,0,0,0,3,11,1
49,28,0,2,1,0,0.0,0,1,0,2.725480556997868,1.2711546645904557,0,0,0,2,10,1
29,22,0,2,0,1,0.034482758620689655,0,1,0,1.5219280948873621,0.7317849686621626,0,0,0,2,6,1
45,21,17,2,1,0,0.0,0,1,0,1.657742726504889,0.2479128881102892,0,0,0,5,5,0
57,15,35,2,3,0,0.0,0,1,0,1.8464393446710154,0.2778594328993506,0,0,0,4,3,0
45,26,11,2,0,6,0.13333333333333333,0,1,0,1.75,0.9805368759395597,0,0,0,4,8,1
66,41,18,6,0,17,0.25757575757575757,0,4,0,1.3221793455166666,0.9861149476049441,0,0,0,4,5,1
32,16,8,1,0,0,0.0,0,0,0,1.2516291673878228,0.5904806249923971,0,0,0,4,6,1
123,46,19,5,0,14,0.11382113821138211,0,4,0,2.5941178916311856,0.767678992502735,3,2,0,4,15,1
34,18,9,3,0,0,0.0,0,1,0,1.4488156357251847,0.694088457755453,0,0,0,3,4,1
38,31,0,2,0,0,0.0,0,1,0,1.5219280948873621,0.6579291404132475,0,0,0,2,11,1
198,15,176,2,1,28,0.1414141414141414,0,1,0,1.75,0.9938434356009545,0,0,0,4,4,1
46,17,22,2,1,0,0.0,0,1,0,1.75,0.42834397083315323,0,0,0,4,6,0
86,21,15,2,1,36,0.4186046511627907,0,1,0,1.8676338909712122,2.0491682869646497,0,0,0,6,7,1
40,27,5,2,0,0,0.0,0,1,0,1.3787834934861753,0.5319494085246653,0,0,0,4,10,1
154,30,45,6,4,20,0.12987012987012986,0,1,1,2.6472103113389793,0.6728822300869634,0,0,0,7,13,1
55,47,1,4,2,5,0.09090909090909091,0,3,0,1.8464393446710154,0.6039582245834929,0,2,0,3,14,1
148,16,74,2,1,35,0.23648648648648649,0,1,0,2.3846026962555835,1.1769614320987773,1,0,0,11,3,1
52,15,30,1,2,0,0.0,0,0,0,1.75,0.43039802180555,0,0,0,4,5,0
20,11,1,2,0,0,0.0,0,1,0,1.4591479170272448,1.0827718636537949,0,0,0,3,1,0
110,34,68,4,7,6,0.05454545454545454,0,2,0,1.7779849042597489,0.34940211178660896,0,0,0,5,9,0
53,14,31,2,3,0,0.0,0,1,0,1.8464393446710154,0.34864197122592483,0,0,0,4,4,0
51,34,10,5,3,5,0.09803921568627451,0,3,0,1.8250112108241772,0.8004121468480223,0,0,0,3,7,1
25,16,1,2,1,0,0.0,0,1,0,1.8423709931771084,0.6316607132762608,0,0,0,3,4,0
30,22,1,3,0,0,0.0,0,2,0,1.4488156357251847,0.6043433064728446,0,0,0,3,6,0
38,16,15,2,1,2,0.05263157894736842,0,1,0,1.75,0.46773408887511075,0,0,0,4,6,1
88,22,59,2,7,5,0.056818181818181816,0,1,0,1.6894822670191825,0.42030127304172327,0,0,0,5,8,0
38,16,14,3,0,0,0.0,0,1,0,1.4488156357251847,0.5775160350746583,0,0,0,3,5,1
27,19,1,2,0,0,0.0,0,1,0,1.4591479170272448,0.6025678447128452,0,0,0,3,4,0
67,23,37,3,1,0,0.0,0,1,0,1.617189572592715,0.3280935432843424,0,0,0,6,8,1
47,14,26,2,1,0,0.0,0,0,0,1.657742726504889,0.5063202572802216,0,0,0,5,4,0
135,32,86,2,2,10,0.07407407407407407,0,1,0,2.4806821149663847,0.3960959247877205,0,0,0,7,8,1
33,25,1,2,0,0,0.0,0,1,0,1.4591479170272448,0.36738705360570756,0,0,0,3,8,0
44,13,23,2,1,0,0.0,0,1,0,1.75,0.4015774891471714,0,0,0,4,1,0
32,10,15,2,1,0,0.0,0,1,0,1.657742726504889,1.138386074895149,0,0,0,5,1,1
66,14,44,3,0,6,0.09090909090909091,0,1,0,1.7758589482446405,0.7985480820465473,0,0,0,3,4,0
45,17,21,2,0,3,0.06666666666666667,0,1,0,1.224394445405986,0.43699209844477316,0,0,0,6,4,1
65,14,44,3,4,0,0.0,0,1,0,1.8553885422075338,0.381062752953497,0,0,0,4,3,0
38,11,20,2,0,1,0.02631578947368421,0,0,0,1.2987949406953985,0.6628134094794902,0,0,0,5,6,1
88,14,66,2,6,6,0.06818181818181818,0,1,0,1.7381493331928664,0.41252812369755093,0,0,0,4,4,0
24,15,1,2,0,0,0.0,0,1,0,1.4591479170272448,0.539852986671845,0,0,0,3,5,0
45,24,14,2,0,0,0.0,0,1,0,1.3787834934861753,0.5385513779016262,0,0,0,4,9,1
28,19,1,2,1,0,0.0,0,1,0,1.8423709931771084,0.5837692766651662,0,0,0,3,5,0
42,34,1,5,0,0,0.0,0,4,0,1.3516441151533924,0.486364358898052,0,0,0,3,9,1
48,24,17,3,1,0,0.0,0,1,0,1.811278124459133,0.3374965295813951,0,0,0,3,5,0
43,14,22,2,0,0,0.0,0,1,0,1.8365916681089791,0.7182470679368429,0,0,0,4,3,0
20,12,1,2,0,0,0.0,0,1,0,1.4591479170272448,0.8319700560817902,0,0,0,3,2,0
59,15,8,2,0,4,0.06779661016949153,0,1,0,2.1180782093497093,0.9110343157742845,0,0,0,3,4,0
105,21,59,4,0,21,0.2,0,2,0,1.8919954870390203,0.8009138499567376,0,0,0,6,8,1
128,50,20,4,1,19,0.1484375,0,3,0,2.7550576199383077,0.7294852163658454,3,2,0,5,17,1
83,14,10,4,4,4,0.04819277108433735,0,1,0,2.5724312513221195,0.6082415498788454,0,0,0,3,2,0
93,17,69,1,8,8,0.08602150537634409,0,0,0,1.5329145639793977,0.5613902242223893,0,0,0,5,5,0
219,13,91,1,2,48,0.2191780821917808,0,0,0,2.5552690446481177,0.8420330506681762,1,0,0,12,4,1
135,50,20,4,1,20,0.14814814814814814,0,3,0,2.946387519131128,0.951260610669805,3,2,0,5,17,1
26,19,0,2,0,1,0.038461538461538464,0,1,0,1.5219280948873621,0.6929881467268386,0,0,0,2,7,0
34,25,1,3,0,0,0.0,0,2,0,1.4488156357251847,0.6287115493498898,0,0,0,3,7,0
45,16,21,2,0,0,0.0,0,1,0,1.75,0.48941490480184974,0,0,0,4,7,0
24,15,1,2,0,0,0.0,0,1,0,1.4591479170272448,0.6125974823971906,0,0,0,3,3,0
69,19,19,3,0,0,0.0,0,1,0,2.6258145836939115,0.5466181610688525,0,0,0,3,6,0
56,15,34,2,0,18,0.32142857142857145,0,1,0,1.3787834934861753,1.202531863522151,0,0,0,4,4,1
73,29,37,4,0,0,0.0,0,1,0,1.360964047443681,0.39262448596461946,0,0,0,5,10,1
47,12,28,3,0,5,0.10638297872340426,0,1,0,1.6854752972273344,0.8209579560560923,0,0,0,5,3,0
133,23,103,2,1,5,0.03759398496240601,0,1,0,1.3862740938959681,0.2748694980506367,2,0,0,13,6,1
51,18,26,2,2,0,0.0,0,1,0,1.8365916681089791,0.5922873639392963,0,0,0,4,6,0
80,17,56,2,5,8,0.1,0,1,0,1.6493974703476992,0.4812705590914008,0,0,0,8,4,0
27,20,0,1,1,0,0.0,0,0,0,1.9219280948873623,0.683991568898135,0,0,0,2,7,0
20,12,1,2,0,0,0.0,0,1,0,1.4591479170272448,1.2124422913174646,0,0,0,3,4,1
61,18,36,2,3,0,0.0,0,1,0,1.8464393446710154,0.2500212569390922,0,0,0,4,5,0
89,14,68,4,1,0,0.0,0,1,0,1.3784188527203236,0.22299020032096972,1,0,0,11,3,1
132,16,24,3,0,6,0.045454545454545456,0,1,0,2.3553885422075336,0.6992558359570822,0,0,0,4,5,1
19,11,0,1,0,0,0.0,0,0,0,1.5,0.7220961138767703,0,0,0,2,4,1
29,20,1,2,0,0,0.0,0,1,0,1.4591479170272448,0.8380985545292107,0,0,0,3,6,0
19,12,0,1,0,0,0.0,0,0,0,1.5,0.8766929855847382,0,0,0,2,5,0
39,12,19,2,0,1,0.02564102564102564,0,0,0,1.2987949406953985,0.6924022041095363,1,0,0,5,3,1
92,16,69,2,6,0,0.0,0,1,0,1.7055872616982601,0.3124889596822181,0,0,0,6,3,0
58,16,34,2,0,0,0.0,0,1,0,1.2987949406953985,0.5284057322246115,0,0,0,5,6,1
27,18,1,2,0,1,0.037037037037037035,0,1,0,1.4591479170272448,0.8989674013228036,0,0,0,3,5,1
51,12,32,4,0,9,0.17647058823529413,1,0,0,1.3921472236645345,0.9187054377957459,0,0,0,4,0,1
157,15,107,3,0,30,0.1910828025477707,0,0,0,2.4387439204017474,0.7837012004652356,3,0,0,7,5,1
50,20,23,2,1,0,0.0,0,0,0,1.75,0.3370049532284801,0,0,0,4,6,1
26,17,1,2,0,0,0.0,0,1,0,1.4591479170272448,0.49670868254160866,0,0,0,3,5,0
58,13,38,2,1,5,0.08620689655172414,0,1,0,1.5709505944546687,0.4752661647199907,0,0,0,6,2,0
41,14,20,1,0,0,0.0,0,0,0,1.6644977792004612,0.6612026751821853,0,0,0,4,6,0
57,16,33,2,0,0,0.0,0,1,0,1.8464393446710154,0.5185420276982444,0,0,0,4,7,0
22,14,1,2,0,0,0.0,0,1,0,1.4591479170272448,0.875338945198749,0,0,0,3,3,0
85,16,46,2,2,6,0.07058823529411765,0,1,0,2.41379956460568,0.6641268998838559,0,0,0,6,6,1
45,15,23,1,0,0,0.0,0,0,0,1.6644977792004612,0.4337673828854527,2,0,0,4,4,1
21,12,1,2,0,0,0.0,0,1,0,1.4591479170272448,0.85989355245738,0,0,0,3,3,0
39,17,15,2,0,0,0.0,0,1,0,1.3787834934861753,0.466038139048081,0,0,0,4,5,0
140,31,102,7,3,1,0.007142857142857143,0,1,0,2.1211274733371868,0.4505561552024473,0,0,0,4,12,1
69,19,42,2,4,2,0.028985507246376812,0,1,0,1.7841591278514217,0.3174192395018317,0,0,0,5,5,0
55,19,29,1,4,5,0.09090909090909091,0,0,0,1.7527152789797047,0.6630788776852029,0,0,0,3,6,0
36,24,4,4,0,0,0.0,0,3,0,1.3921472236645345,1.200463117396723,0,2,0,4,8,1
31,13,10,3,0,0,0.0,0,1,0,1.4488156357251847,0.6586641584833504,0,0,0,3,3,1
45,14,24,3,0,8,0.17777777777777778,0,1,0,1.3516441151533924,0.8188046971658385,0,0,0,5,6,0
26,11,8,1,0,0,0.0,0,0,0,1.2516291673878228,1.1506038757432566,0,0,0,4,3,1
30,21,1,2,1,0,0.0,0,1,0,1.8423709931771084,0.6327255575718378,0,0,0,3,7,0
33,16,9,2,0,0,0.0,0,1,0,1.3787834934861753,0.6085995635913649,0,0,0,4,7,0
52,22,22,4,1,2,0.038461538461538464,0,2,0,1.721928094887362,0.3535665525566158,1,0,0,4,6,1
245,15,49,2,0,100,0.40816326530612246,0,0,0,2.6069367321753214,1.6643650705297395,2,0,0,8,4,1
71,17,47,2,1,3,0.04225352112676056,0,1,0,1.4911148500551856,0.33962503998985166,2,0,0,7,5,1
117,19,90,3,3,6,0.05128205128205128,0,1,0,1.9477309221191608,0.5096318659272024,0,0,0,3,5,0
67,17,43,3,1,0,0.0,0,1,0,1.896240625180289,0.3364983115493545,0,0,0,6,4,1
74,21,46,2,2,4,0.05405405405405406,0,1,0,1.483831706844689,0.32151381588601446,0,0,0,9,6,1
75,24,44,2,6,0,0.0,0,1,0,1.7273966735744792,0.3248736370720581,0,0,0,5,6,0
37,21,8,2,0,0,0.0,0,1,0,1.4591479170272448,0.5170324738189719,0,0,0,3,6,0
62,20,35,3,2,1,0.016129032258064516,0,1,0,1.789929075309999,0.37778144884905346,0,0,0,5,7,0
26,17,1,2,0,0,0.0,0,1,0,1.4591479170272448,0.7677405382729119,0,0,0,3,3,0
152,28,28,5,3,20,0.13157894736842105,0,3,1,3.0507661742775687,1.333768743159409,0,0,0,3,7,1
147,22,1,3,0,73,0.4965986394557823,0,2,0,2.113283334294875,2.2026080969298976,0,0,0,3,8,1
77,16,54,3,0,1,0.012987012987012988,0,1,0,2.23345859334435,0.5170885628860518,0,0,0,6,4,0
50,19,24,3,0,0,0.0,0,1,0,1.3516441151533924,0.4996838683073915,1,0,0,5,5,1
26,17,1,2,0,0,0.0,0,1,0,1.4591479170272448,0.4622983693576173,0,0,0,3,4,0
62,24,31,3,3,0,0.0,0,1,0,1.8954618442383218,0.342346423746746,0,0,0,3,6,0
26,17,1,2,1,0,0.0,0,1,0,1.8423709931771084,0.554518639990202,0,0,0,3,3,0
92,10,46,6,2,0,0.0,0,0,1,2.320423374953668,0.5890836553702229,0,0,0,8,3,1
73,16,14,5,0,9,0.1232876712328767,0,1,0,1.9211796919474975,0.5198991067653717,0,0,0,7,3,1
34,16,11,4,0,0,0.0,0,2,0,1.4056390622295665,0.599841711961076,0,0,0,3,3,1
27,14,6,1,0,0,0.0,0,0,0,1.2516291673878228,0.6514556088097787,0,0,0,4,6,1
32,24,1,2,0,0,0.0,0,1,0,1.4591479170272448,0.5532393783041997,0,0,0,3,8,0
192,11,173,15,10,106,0.5520833333333334,0,1,0,1.9804229781315275,2.3433024057720795,0,0,0,4,3,1
24,15,1,2,1,0,0.0,0,1,0,1.8423709931771084,0.6841404201154951,0,0,0,3,2,0
26,17,1,2,0,0,0.0,0,1,0,1.4591479170272448,0.606048510664921,0,0,0,3,5,0
26,17,1,2,0,0,0.0,0,1,0,1.4591479170272448,0.5075208901271692,0,0,0,3,5,0
47,31,9,5,0,10,0.2127659574468085,0,3,0,1.3516441151533924,1.044261351992006,0,0,0,3,6,1
55,19,29,2,3,0,0.0,0,1,0,1.789929075309999,0.37301819287517285,0,0,0,5,3,0
55,13,35,3,0,0,0.0,0,1,0,1.2406705316766884,0.4811928292647332,0,0,0,7,5,1
58,24,27,3,3,0,0.0,0,1,0,1.8954618442383218,0.29466143440407805,0,0,0,3,6,0
34,25,1,2,1,0,0.0,0,1,0,1.8423709931771084,0.450380649216037,0,0,0,3,10,1
44,25,12,2,0,0,0.0,0,1,0,1.8423709931771084,0.5093189389637358,0,0,0,3,8,0
28,20,1,1,1,0,0.0,0,0,0,1.792481250360578,0.5556668019837457,1,0,0,3,7,1
50,23,20,4,0,0,0.0,0,3,0,1.3921472236645345,0.48333980630437773,0,0,0,4,5,1
53,12,33,2,1,0,0.0,0,1,0,1.5709505944546687,0.331460547301901,0,0,0,6,4,1
78,38,32,3,1,7,0.08974358974358974,0,1,0,2.1709505944546685,0.3866771239792864,0,0,0,3,10,1
55,14,34,1,0,21,0.38181818181818183,0,0,0,1.2516291673878228,1.5595518122786836,0,0,0,4,5,1
26,18,1,2,0,0,0.0,0,1,0,1.4591479170272448,0.854806658340091,0,0,0,3,5,0
81,27,47,2,0,21,0.25925925925925924,0,1,0,1.2987949406953985,0.9639617148369594,0,0,0,5,8,1
44,17,20,3,0,0,0.0,0,2,0,1.295461844238322,0.3852227752521411,0,0,0,6,2,1
33,25,1,2,0,4,0.12121212121212122,0,1,0,1.4591479170272448,0.8760831086853997,0,0,0,3,8,1
32,17,8,4,0,0,0.0,0,2,0,1.4056390622295665,0.5391806482971075,0,0,0,3,4,1
32,24,1,2,0,0,0.0,0,1,0,1.4591479170272448,0.823220165111377,0,0,0,3,10,1
27,19,1,2,0,0,0.0,0,1,0,1.4591479170272448,0.7966887305476535,0,0,0,3,8,0
30,22,1,2,0,0,0.0,0,1,0,1.4591479170272448,0.48883565698351383,0,0,0,3,6,0
31,6,4,1,0,8,0.25806451612903225,0,0,0,2.128085278891394,1.6090423676811494,0,0,0,3,0,1
91,18,65,2,6,0,0.0,0,1,0,1.7381493331928664,0.4355939410572499,0,0,0,4,5,0
57,13,37,3,1,2,0.03508771929824561,0,0,0,1.617189572592715,0.4596699794061427,0,0,0,6,4,1
64,11,46,3,0,2,0.03125,0,1,0,1.8250112108241772,0.7406698502641084,0,0,0,3,2,0
46,18,21,3,0,0,0.0,0,1,0,1.4056390622295665,0.3402824688736077,0,0,0,4,5,1
88,19,62,4,5,7,0.07954545454545454,0,2,0,1.8050365325772657,0.33364371220976285,0,0,0,6,5,0
183,37,138,2,17,41,0.22404371584699453,0,1,0,1.3971096255841837,0.7043784968823353,0,1,0,8,11,1
40,17,15,2,1,6,0.15,0,1,0,1.75,0.7024752279119855,0,0,0,4,5,0
43,19,17,3,0,0,0.0,0,1,0,1.4488156357251847,0.418066228833136,0,0,0,3,5,0
114,11,96,3,6,0,0.0,0,1,0,1.7107770844150676,0.4642035086828104,0,0,0,8,1,0
39,25,6,2,0,8,0.20512820512820512,0,1,0,1.4591479170272448,1.1918282295694707,0,0,0,3,6,1
38,29,1,2,2,0,0.0,0,1,0,1.9056390622295665,0.4493001514664874,0,0,0,3,9,0
67,18,42,2,3,16,0.23880597014925373,0,1,0,1.7295739585136223,0.7919893929328943,0,0,0,6,4,0
29,21,1,2,0,0,0.0,0,1,0,1.4591479170272448,0.6332737280595578,0,0,0,3,7,0
27,19,1,3,0,0,0.0,0,2,0,1.4488156357251847,1.035625742775213,0,0,0,3,3,1
84,24,14,3,6,0,0.0,0,1,0,2.2389205950315936,0.37728796781419444,0,0,0,3,9,0
25,16,1,1,0,0,0.0,0,0,0,1.3709505944546687,0.7995900180763501,0,0,0,3,9,0
100,21,61,3,1,0,0.0,0,1,0,1.9197367178034825,0.27985314372244796,0,0,0,9,7,1
28,13,7,2,0,0,0.0,0,1,0,1.75,0.5448395425834847,0,0,0,4,3,0
96,17,71,2,1,9,0.09375,0,1,0,1.5709505944546687,0.6821872231387065,0,0,0,6,5,1
61,20,1,3,1,1,0.01639344262295082,0,1,0,2.146465798504072,0.424399894817179,0,0,0,7,6,1
27,19,1,2,0,1,0.037037037037037035,0,1,0,1.4591479170272448,0.5508020231858222,0,0,0,3,6,0
41,22,12,2,0,3,0.07317073170731707,0,1,0,1.2987949406953985,0.4927449091153411,0,0,0,5,7,0
57,38,11,4,3,6,0.10526315789473684,0,3,0,1.867633890971212,0.5258707218172523,0,0,0,3,9,1
116,22,86,2,12,9,0.07758620689655173,0,1,0,1.5198391430437925,0.411098935272707,0,1,0,7,6,0
35,13,15,2,3,3,0.08571428571428572,0,0,0,1.8910611120726526,0.6846894238256068,0,0,0,3,4,1
40,24,8,2,1,0,0.0,0,1,0,1.657742726504889,0.42035199974354026,0,0,0,5,7,0
24,16,1,2,0,0,0.0,0,1,0,1.4591479170272448,0.8383779660007875,0,0,0,3,6,0
61,12,42,1,0,21,0.3442622950819672,0,0,0,1.061278124459133,1.7201197324470787,0,0,0,6,3,1
56,47,1,2,0,0,0.0,0,1,0,1.4591479170272448,0.4292470118481774,0,0,0,3,15,0
40,31,1,2,0,0,0.0,0,1,0,1.4591479170272448,0.4929497264845639,0,0,0,3,8,0
50,15,27,2,3,2,0.04,0,1,0,1.789929075309999,0.38591229426883955,0,0,0,5,3,0
145,9,33,2,2,14,0.09655172413793103,0,0,0,2.8161100220806197,1.2994664071030135,0,0,0,5,5,1
25,17,1,2,0,0,0.0,0,1,0,1.4591479170272448,0.7406242267291461,0,0,0,3,4,0
23,12,3,2,0,0,0.0,0,1,0,1.4591479170272448,0.622231635210557,0,0,0,3,3,0
44,37,0,2,0,4,0.09090909090909091,0,1,0,1.5219280948873621,0.5591159821778625,0,0,0,2,11,1
57,20,29,2,0,0,0.0,0,0,0,1.3787834934861753,0.4567731499563934,0,0,0,4,7,1
47,22,17,3,0,0,0.0,0,1,0,1.4056390622295665,0.47156826451392975,0,0,0,4,9,1
24,15,1,2,0,0,0.0,0,1,0,1.4591479170272448,0.5876848142825822,0,0,0,3,4,0
41,24,10,2,0,0,0.0,0,0,0,1.4591479170272448,0.48395487142792165,0,0,0,3,9,1
99,15,76,2,2,8,0.08080808080808081,0,1,0,1.9751060324573735,0.6239607862011382,0,0,0,7,5,1
40,21,12,2,0,0,0.0,0,1,0,1.3787834934861753,0.4973992561217223,0,0,0,4,5,0
23,14,1,2,0,0,0.0,0,1,0,1.4591479170272448,0.8479233685183087,0,0,0,3,2,0
53,21,25,2,0,2,0.03773584905660377,0,1,0,1.224394445405986,0.6352847970383085,0,0,0,6,8,1
79,71,1,2,2,0,0.0,0,1,0,1.9056390622295665,0.5959159119964987,0,0,0,3,26,1
36,28,1,1,0,0,0.0,0,0,0,1.3709505944546687,0.4684794775791232,0,0,0,3,10,1
59,22,29,1,2,2,0.03389830508474576,0,0,0,1.75,0.5017923702837273,0,0,0,4,7,0
32,24,1,1,0,0,0.0,0,0,0,1.3709505944546687,0.5000143913830978,0,0,0,3,8,0
77,16,54,3,3,8,0.1038961038961039,0,1,0,2.0758692966977272,0.40594991976277767,0,0,0,5,4,0
31,23,1,1,1,0,0.0,0,0,0,1.792481250360578,0.4687863704335234,0,0,0,3,8,1
34,25,1,2,0,0,0.0,0,1,0,1.4591479170272448,0.521979307063543,0,0,0,3,7,0
27,19,1,3,0,0,0.0,0,2,0,1.4488156357251847,0.77398741197572,0,0,0,3,6,0
103,15,81,1,1,16,0.1553398058252427,0,0,0,1.1451104143815827,0.6452881523010402,0,0,0,10,5,1
61,15,39,3,0,1,0.01639344262295082,0,1,0,1.789929075309999,0.4885588463773233,0,0,0,5,4,0
61,21,32,2,4,0,0.0,0,1,0,1.823067982273661,0.32943263277966417,1,0,0,4,7,0
68,17,44,3,1,0,0.0,0,0,0,1.617189572592715,0.35727525795034987,1,0,0,6,5,1
70,20,43,2,1,0,0.0,0,1,0,1.3520301017579528,0.362740257755779,0,0,0,9,6,1
50,15,16,2,0,0,0.0,0,1,0,1.9609640474436811,0.5571278212075101,0,0,0,5,4,1
76,50,19,4,1,5,0.06578947368421052,0,3,0,1.721928094887362,0.5195481526683657,2,2,0,4,17,1
123,46,19,5,0,16,0.13008130081300814,0,4,0,2.5941178916311856,0.8417763778559691,3,2,0,4,15,1
50,14,29,3,2,0,0.0,0,1,0,1.8464393446710154,0.48299782953265474,0,0,0,4,3,0
53,35,11,4,1,14,0.2641509433962264,0,3,0,1.7527152789797047,0.9682337210707114,0,0,0,3,6,1
43,31,5,2,1,0,0.0,0,1,0,1.75,0.3856156402193918,0,0,0,4,10,0
66,19,40,3,0,0,0.0,0,1,0,1.8464393446710154,0.4637222626710855,0,0,0,4,5,0
28,6,15,1,2,12,0.42857142857142855,0,0,0,1.8423709931771084,2.200434570845619,0,0,0,3,2,1
47,15,25,3,0,0,0.0,0,1,0,1.3516441151533924,0.3031201245797548,1,0,0,5,6,1
54,35,12,2,0,1,0.018518518518518517,0,1,0,1.8423709931771084,0.4852182993234838,0,0,0,3,13,0
45,29,9,2,0,1,0.022222222222222223,0,1,0,1.3787834934861753,0.4512654176428952,0,0,0,4,8,0
19,11,1,1,0,1,0.05263157894736842,0,0,0,1.3709505944546687,1.0341000129028834,0,0,0,3,2,0
132,13,91,1,2,5,0.03787878787878788,0,0,0,2.392277173072062,0.4799908587269506,1,0,0,12,4,1
89,20,3,3,0,7,0.07865168539325842,0,1,1,2.2998963911678914,1.0817968550835058,0,0,0,4,8,1
20,11,1,1,0,0,0.0,0,0,0,1.3709505944546687,1.2400169198665603,0,0,0,3,2,1
23,15,1,2,0,0,0.0,0,1,0,1.4591479170272448,0.6054340921220536,0,0,0,3,4,0
36,15,14,2,0,2,0.05555555555555555,0,0,0,1.3787834934861753,0.9308715221895211,0,0,0,4,5,1
69,20,42,2,1,0,0.0,0,0,0,1.5709505944546687,0.5967496273911124,3,0,0,6,6,1
69,18,44,2,5,4,0.057971014492753624,0,1,0,1.7841591278514217,0.3840484925614105,0,0,0,4,5,0
33,22,4,1,0,0,0.0,0,0,0,1.2516291673878228,0.5883404991008199,0,0,0,4,7,1
30,23,0,2,0,2,0.06666666666666667,0,1,0,1.5219280948873621,0.8178317879689859,0,0,0,2,6,1
65,33,24,3,0,0,0.0,0,2,0,1.7527152789797047,0.41661138232155287,0,0,0,4,12,1
89,15,66,2,6,12,0.1348314606741573,0,1,0,2.0550365325772657,0.6498918762044655,0,0,0,5,4,0
76,29,39,5,0,2,0.02631578947368421,0,1,0,1.3250112108241772,0.4955313017714387,2,0,0,6,11,1
132,16,24,3,0,5,0.03787878787878788,0,1,0,2.353533948577482,0.7800315392082591,0,0,0,4,5,1
36,29,0,2,0,1,0.027777777777777776,0,1,0,1.5219280948873621,0.6195543562868632,0,0,0,2,7,1
55,10,38,3,1,0,0.0,0,1,0,1.617189572592715,0.6391231255875851,1,1,0,6,3,1
123,14,41,2,0,0,0.0,0,0,0,2.7179717342678,0.6891364203903898,0,0,0,7,5,1
48,23,17,2,1,0,0.0,0,1,0,1.75,0.36136923131345533,0,0,0,4,6,0
62,17,38,3,1,0,0.0,0,1,0,1.617189572592715,0.26276092572436677,0,0,0,6,4,1
49,18,24,2,1,0,0.0,0,1,0,1.75,0.2927689998041059,0,0,0,4,5,0
28,19,1,2,0,0,0.0,0,1,0,1.4591479170272448,0.6627994462738579,0,0,0,3,5,1
30,21,1,1,0,0,0.0,0,0,0,1.3709505944546687,0.6782390253213265,0,0,0,3,10,0
28,19,1,2,0,0,0.0,0,1,0,1.4591479170272448,0.6093073836792127,0,0,0,3,4,0
42,18,16,2,2,0,0.0,0,1,0,1.9056390622295665,0.4839515907242602,0,0,0,3,6,0
45,24,14,3,1,0,0.0,0,1,0,1.811278124459133,0.37264127137445235,0,0,0,3,6,1
53,17,29,2,1,10,0.18867924528301888,0,1,0,2.0588138903312014,0.9541023931679026,0,0,0,4,4,1
33,25,1,3,0,9,0.2727272727272727,0,2,0,1.4488156357251847,1.3475733767964746,0,0,0,3,5,1
155,39,12,5,2,24,0.15483870967741936,0,3,0,2.5492553971685,0.7327211201396665,0,0,0,3,9,1
27,19,1,2,0,0,0.0,0,1,0,1.4591479170272448,0.7190250269690803,0,0,0,3,6,0
30,23,0,2,0,0,0.0,0,1,0,1.5219280948873621,0.5436299457405877,0,0,0,2,6,0
68,19,42,2,6,0,0.0,0,1,0,1.7273966735744792,0.43581432380676227,0,0,0,5,6,0
89,16,66,2,1,4,0.0449438202247191,0,1,0,1.7638421227824583,0.6269267577885929,3,0,0,14,6,1
108,23,55,3,1,13,0.12037037037037036,0,1,0,2.323219672335508,0.5733965317198774,1,0,0,10,8,1
43,34,1,2,0,0,0.0,0,1,0,1.4591479170272448,0.516647660907976,0,0,0,3,10,0
36,27,1,2,0,0,0.0,0,1,0,1.4591479170272448,0.5736322195654755,0,0,0,3,8,1
100,14,79,3,3,14,0.14,0,1,0,1.7244078178625923,0.3815907834099023,0,0,0,7,4,0
83,18,58,2,9,0,0.0,0,1,0,1.608700165519891,0.42202504740484326,0,0,0,5,4,0
110,38,64,3,2,20,0.18181818181818182,0,1,0,1.7295739585136223,0.6691226648153982,0,0,0,6,12,1
51,43,1,2,0,0,0.0,0,1,0,1.4591479170272448,2.767128202320448,0,0,0,3,8,1
40,32,1,2,1,0,0.0,0,1,0,1.8423709931771084,0.6235537435473674,0,0,0,3,12,1
17,10,0,1,0,1,0.058823529411764705,0,0,0,1.5,1.4947246022899148,0,0,0,2,2,0
42,17,17,3,1,0,0.0,0,1,0,1.811278124459133,0.40223808476871775,0,0,0,3,4,0
74,13,54,1,6,0,0.0,0,0,0,1.5916727785823275,0.463751027765289,0,0,0,6,4,0
87,27,53,3,2,14,0.16091954022988506,0,1,0,1.6691803368667308,0.675604317799429,0,0,0,7,6,1
34,26,1,2,1,0,0.0,0,1,0,1.8423709931771084,0.4463213111184753,0,0,0,3,8,0
102,15,80,1,3,25,0.24509803921568626,0,0,0,1.6854752972273344,0.9293280153888079,3,0,0,5,6,1
32,12,13,2,0,0,0.0,0,1,0,1.2987949406953985,0.697784191311584,0,0,0,5,5,1
250,47,48,6,3,11,0.044,0,3,0,2.0225797618424917,0.47031559704255577,0,0,0,4,19,1
88,26,55,2,1,0,0.0,0,0,0,1.4182958340544896,0.35597411787703565,0,0,0,8,9,0
79,13,59,7,0,0,0.0,0,0,0,1.2406705316766884,0.43517078616642496,2,1,0,3,5,1
63,15,40,2,2,2,0.031746031746031744,0,0,0,1.5465935642949384,0.24441978888951735,0,0,0,8,6,1
41,22,12,2,0,0,0.0,0,1,0,1.2987949406953985,0.49400960904591207,0,0,0,5,7,1
52,25,20,2,2,15,0.28846153846153844,0,1,0,1.6858157091530304,1.1602766838118765,0,0,0,6,5,1
36,27,1,2,2,0,0.0,0,1,0,1.9056390622295665,0.3572237827420013,0,0,0,3,9,1
18,4,7,1,0,1,0.05555555555555555,0,0,0,1.3709505944546687,1.492929830482233,0,0,0,3,2,1
49,21,14,1,1,0,0.0,0,0,0,2.2810361125534233,0.549097059746463,1,0,0,4,8,1
47,17,23,3,1,0,0.0,0,2,0,1.6854752972273344,0.48965622344561793,0,0,0,5,5,1
29,20,1,2,0,0,0.0,0,1,0,1.4591479170272448,0.722949591363352,0,0,0,3,5,0
31,13,10,2,0,0,0.0,0,1,0,1.4591479170272448,0.6161583092165681,0,0,0,3,1,0
29,21,1,2,1,0,0.0,0,1,0,1.8423709931771084,0.5040356223858433,0,0,0,3,6,0
28,21,0,2,0,0,0.0,0,1,0,1.5219280948873621,0.5676669678739382,0,0,0,2,7,0
88,22,58,4,1,14,0.1590909090909091,0,2,0,1.4237949406953985,0.6377569898118036,1,0,0,10,6,1
53,44,1,4,3,9,0.16981132075471697,0,3,0,1.867633890971212,0.8168255902488429,0,0,0,3,8,1
36,11,18,2,1,2,0.05555555555555555,0,1,0,1.8423709931771084,0.414909203807614,0,0,0,3,2,0
129,54,20,5,1,19,0.14728682170542637,0,4,0,2.723219672335508,0.8427438060923814,3,2,0,5,17,1
102,19,76,3,9,5,0.049019607843137254,0,2,0,1.6798229071556268,0.34833570031160926,0,0,0,6,5,0
29,20,1,2,1,0,0.0,0,1,0,1.8423709931771084,0.683940594990411,0,0,0,3,6,0
73,14,52,3,2,0,0.0,0,0,0,1.6691803368667308,0.265126493923621,0,0,0,7,4,1
166,11,148,2,1,24,0.14457831325301204,0,1,0,1.75,1.0720604479581148,0,0,0,4,2,1
32,23,1,3,1,0,0.0,0,2,0,1.811278124459133,0.6966382985110001,0,2,0,3,7,1
123,5,7,1,4,23,0.18699186991869918,0,0,0,2.9906015629507223,1.3108536061632907,0,0,0,3,0,1
36,28,1,2,1,0,0.0,0,1,0,1.8423709931771084,0.4599359581321151,0,0,0,3,10,1
68,42,19,4,0,15,0.22058823529411764,0,3,0,1.3921472236645345,0.9627921785437243,2,2,0,4,15,1
43,14,22,3,0,6,0.13953488372093023,0,1,0,1.3516441151533924,0.8107274939336477,0,0,0,5,6,0
44,26,11,2,0,0,0.0,0,1,0,1.75,0.6402761450257881,0,0,0,4,9,0
27,15,4,2,0,0,0.0,0,1,0,1.3787834934861753,0.6530813125205038,0,0,0,4,3,0
34,25,1,2,1,0,0.0,0,1,0,1.8423709931771084,0.43228129332965953,0,0,0,3,9,1
32,9,15,2,0,9,0.28125,0,0,0,1.3787834934861753,1.4323776196107072,0,0,0,4,3,0
35,27,1,2,0,4,0.11428571428571428,0,1,0,1.4591479170272448,0.789718314569175,0,0,0,3,7,1
71,35,29,2,1,10,0.14084507042253522,0,1,0,2.0588138903312014,0.7215758310760059,0,0,0,4,11,1
36,28,1,2,0,0,0.0,0,1,0,1.4591479170272448,0.530316402933797,0,0,0,3,10,0
72,23,41,2,5,0,0.0,0,1,0,1.760495029766198,0.26855449068579335,0,0,0,5,7,0
83,13,13,2,1,1,0.012048192771084338,0,0,0,2.7898980954642876,0.5817552150802113,0,0,0,4,4,1
20,11,1,2,0,0,0.0,0,1,0,1.4591479170272448,0.9318524992307025,0,0,0,3,2,0
89,43,39,2,1,0,0.0,0,0,0,1.5709505944546687,0.3944558172882934,0,0,0,6,17,1
33,17,9,1,0,0,0.0,0,0,0,1.2516291673878228,0.5405339754436993,0,0,0,4,6,0
48,11,30,3,0,2,0.041666666666666664,0,1,0,1.789929075309999,0.700913460310725,0,0,0,5,2,0
128,50,20,4,1,16,0.125,0,3,0,2.7550576199383077,0.8513526638035137,3,2,0,5,17,1
65,12,46,3,2,5,0.07692307692307693,0,1,0,1.7295739585136223,0.4147946714709125,0,0,0,6,2,1
55,17,31,2,2,0,0.0,0,1,0,1.6858157091530304,0.3369424828826132,0,0,0,6,3,0
22,13,1,2,0,0,0.0,0,1,0,1.4591479170272448,0.7672509751791329,0,0,0,3,3,0
21,13,1,1,0,0,0.0,0,0,0,1.3709505944546687,0.7526030592509615,0,0,0,3,4,1
25,17,1,1,0,0,0.0,0,0,0,1.3709505944546687,0.5198101635861091,0,0,0,3,6,0
98,12,79,1,2,5,0.05102040816326531,0,0,0,1.7382689280764647,0.42165331716612126,2,0,0,9,3,1
48,28,13,4,0,0,0.0,0,2,0,1.3921472236645345,0.5227227058664313,0,0,0,4,8,1
39,32,0,2,0,0,0.0,0,1,0,1.5219280948873621,0.5342384454316778,0,0,0,2,12,0
108,17,84,3,1,0,0.0,0,1,0,2.007856063692049,0.37516818047066575,0,0,0,5,4,0
62,26,29,3,0,2,0.03225806451612903,0,1,0,1.6854752972273344,0.5312771492354278,0,0,0,5,9,0
126,50,19,4,1,22,0.1746031746031746,0,3,0,2.794653473544342,0.8375884734580689,3,2,0,4,17,1
68,42,19,4,0,7,0.10294117647058823,0,3,0,1.3921472236645345,0.576787998921091,2,2,0,4,15,1
65,12,46,2,0,21,0.3230769230769231,0,0,0,1.2987949406953985,1.3365004461602048,0,0,0,5,3,1
33,16,10,2,0,0,0.0,0,1,0,1.3787834934861753,0.6956491032641862,0,0,0,4,7,1
137,13,24,5,0,25,0.18248175182481752,0,0,1,2.6039757266107144,1.2471743622463929,1,0,0,5,4,1
39,31,1,1,2,1,0.02564102564102564,0,0,0,1.8423709931771084,0.3632895854205135,0,0,0,3,10,1
80,16,57,2,9,0,0.0,0,1,0,1.5919171866886992,0.4257246372687665,0,0,0,4,4,0
40,18,15,2,0,0,0.0,0,1,0,1.3787834934861753,0.2772609364305456,0,0,0,4,5,0
55,11,37,2,3,0,0.0,0,1,0,1.8464393446710154,0.4639196904781657,0,0,0,4,2,0
29,20,1,2,0,0,0.0,0,1,0,1.4591479170272448,1.1621758335839338,0,0,0,3,3,1
64,16,40,2,3,9,0.140625,0,1,0,1.7295739585136223,0.5515037903291349,0,0,0,6,6,0
50,16,27,1,0,0,0.0,0,0,0,1.75,0.5188585610808079,0,0,0,4,6,0
38,30,1,3,3,1,0.02631578947368421,0,2,0,1.8954618442383218,0.6045913256064955,0,0,0,3,8,1
41,20,13,3,0,0,0.0,0,1,0,1.4488156357251847,0.5056539372849822,0,0,0,3,6,0
28,11,9,1,0,1,0.03571428571428571,0,0,0,1.3709505944546687,0.8154888849213827,0,0,0,3,3,1
36,28,1,2,0,0,0.0,0,1,0,1.4591479170272448,0.6291751918643942,0,0,0,3,12,1
19,10,1,2,0,0,0.0,0,1,0,1.4591479170272448,0.8833391522015646,0,0,0,3,3,0
49,21,20,2,0,0,0.0,0,1,0,1.75,0.4221120079508587,0,0,0,4,8,0
57,16,34,3,1,2,0.03508771929824561,0,1,0,1.6854752972273344,0.30635454571724924,0,0,0,5,5,0
103,15,81,1,9,6,0.05825242718446602,0,0,0,1.4969275461145894,0.4595375191174301,0,0,0,6,6,0
45,16,22,2,0,0,0.0,0,1,0,1.3787834934861753,0.5615819188382737,0,0,0,4,6,1
52,15,29,2,1,6,0.11538461538461539,0,1,0,1.657742726504889,0.685353574442224,0,0,0,5,3,0
27,19,1,2,0,0,0.0,0,1,0,1.4591479170272448,0.5593107914296394,0,0,0,3,5,0
85,18,60,4,0,31,0.36470588235294116,0,2,0,1.3921472236645345,1.4658076443699974,0,2,0,4,7,1
82,16,46,2,1,5,0.06097560975609756,0,1,0,2.1258145836939115,0.48137870464425764,0,0,0,6,6,1
40,16,16,2,0,0,0.0,0,1,0,1.4591479170272448,0.37852191786841993,0,0,0,3,5,0
51,13,31,5,0,10,0.19607843137254902,1,0,0,1.3250112108241772,1.0786882818988652,0,1,0,6,0,1
29,21,1,2,1,0,0.0,0,1,0,1.8423709931771084,0.6096107325319124,0,0,0,3,6,0
46,25,13,3,0,8,0.17391304347826086,0,1,0,1.4488156357251847,0.904559124769092,0,0,0,3,6,1
47,10,30,1,0,2,0.0425531914893617,0,0,0,0.9864267287308425,0.9070722552097444,0,0,0,7,2,1
24,17,0,2,0,0,0.0,0,1,0,1.5219280948873621,0.7917959485048413,0,0,0,2,7,1
58,17,5,2,0,1,0.017241379310344827,0,0,1,2.321928094887362,1.1312597468568502,0,0,0,4,6,1
30,23,0,2,0,1,0.03333333333333333,0,1,0,1.5219280948873621,0.764988160858289,0,0,0,2,7,1
69,18,43,2,3,4,0.057971014492753624,0,1,0,1.789929075309999,0.4721791121987384,0,0,0,5,6,0
36,18,10,2,0,1,0.027777777777777776,0,0,0,1.4591479170272448,0.6040001191269736,0,0,0,3,6,1
23,16,0,2,0,1,0.043478260869565216,0,1,0,1.5219280948873621,0.9936083671888923,0,0,0,2,4,0
37,22,8,2,0,0,0.0,0,1,0,1.3787834934861753,0.408936657438884,0,0,0,4,6,0
70,24,39,3,0,0,0.0,0,1,0,1.617189572592715,0.3754349123753243,0,0,0,6,9,0
279,16,33,3,8,65,0.23297491039426524,0,1,0,2.9547012441673464,0.9547011717934265,0,0,0,5,5,1
42,35,0,2,0,0,0.0,0,1,0,1.5219280948873621,0.5637546715316043,0,0,0,2,12,0
26,14,4,2,0,0,0.0,0,1,0,1.3787834934861753,0.8986708237362782,0,0,0,4,3,0
30,21,1,2,0,0,0.0,0,1,0,1.4591479170272448,0.38447534271188194,0,0,0,3,5,0
40,25,8,2,0,0,0.0,0,1,0,1.4591479170272448,0.44288717576401926,0,0,0,3,8,0
56,16,6,1,1,6,0.10714285714285714,0,0,0,2.5219280948873624,0.692713238721787,0,0,0,4,6,1
30,21,1,2,0,0,0.0,0,1,0,1.4591479170272448,0.7867229980729951,1,0,0,3,6,0
24,16,1,2,0,0,0.0,0,1,0,1.4591479170272448,0.8371033082503246,0,0,0,3,5,0
131,16,107,7,0,57,0.4351145038167939,0,0,0,1.2957378005380122,1.5572922679677919,0,0,0,5,5,1
101,22,7,2,0,0,0.0,0,1,0,2.146465798504072,0.7627460580371836,0,0,0,3,5,0
146,6,9,6,4,27,0.18493150684931506,0,0,0,2.7240924804297175,0.9517921296986295,0,0,0,3,1,1
94,21,66,3,4,0,0.0,0,1,0,1.746465798504072,0.18843912021997528,0,0,0,7,4,1
27,19,1,2,0,0,0.0,0,1,0,1.4591479170272448,0.9157929400802944,0,0,0,3,6,1
104,23,74,2,10,0,0.0,0,1,0,1.5683182557028439,0.3802740079014968,0,0,0,5,6,0
26,18,1,2,0,0,0.0,0,1,0,1.4591479170272448,0.6594505161791713,0,0,0,3,5,0
57,21,29,2,0,0,0.0,0,1,0,1.1567796494470395,0.392239107072246,1,0,0,7,4,1
25,17,1,2,0,0,0.0,0,1,0,1.4591479170272448,0.8926608597719164,0,0,0,3,4,0
161,16,27,3,0,0,0.0,0,1,0,2.5336220039769097,0.7727372224835654,0,0,0,4,4,0
66,20,39,3,0,0,0.0,0,1,0,1.867633890971212,0.5130926186539916,0,0,0,4,4,0
61,20,34,3,1,8,0.13114754098360656,0,2,0,1.4885252948977485,0.5480193271907238,0,0,0,8,3,1
79,31,41,3,0,2,0.02531645569620253,0,1,0,1.867633890971212,0.39020323231605136,0,0,0,4,11,0
32,23,1,2,0,0,0.0,0,1,0,1.4591479170272448,0.5608179823503241,0,0,0,3,6,0
64,11,46,2,1,0,0.0,0,0,0,1.3520301017579528,0.2276765221740074,0,0,0,9,4,1
52,25,20,2,0,0,0.0,0,1,0,1.224394445405986,0.6937837141562443,0,0,0,6,8,1
33,25,1,3,0,9,0.2727272727272727,0,2,0,1.4488156357251847,1.1429966382416439,0,0,0,3,5,1
53,45,1,2,4,0,0.0,0,1,0,1.8464393446710154,0.46595383808662133,0,0,0,3,13,0
33,11,4,2,0,0,0.0,0,0,0,1.75,0.7998886386412738,0,0,0,4,3,1
35,27,1,2,0,11,0.3142857142857143,0,1,0,1.4591479170272448,1.8446688250818657,0,0,0,3,4,1
69,42,19,4,0,10,0.14492753623188406,0,3,0,1.3921472236645345,0.6292921215480859,2,2,0,4,15,1
109,45,18,8,2,17,0.1559633027522936,0,3,1,2.2810361125534233,0.9101950865487224,0,0,0,4,6,1
21,13,1,1,0,0,0.0,0,0,0,1.3709505944546687,0.8521169127280503,0,0,0,3,5,0
70,22,41,2,2,0,0.0,0,0,0,1.8365916681089791,0.30104079857323013,0,0,0,4,7,0
110,23,80,3,0,17,0.15454545454545454,0,1,0,1.188721875540867,0.5274587798747592,0,0,0,8,7,1
31,22,1,2,0,0,0.0,0,1,0,1.4591479170272448,0.4463048538848013,0,0,0,3,8,0
56,15,34,3,0,0,0.0,0,1,0,1.3516441151533924,0.43541663271067055,0,0,0,5,4,0
29,21,1,2,1,0,0.0,0,1,0,1.8423709931771084,0.5672533011969879,0,0,0,3,5,0
45,12,26,1,0,0,0.0,0,0,0,1.061278124459133,0.47554918760102505,0,0,0,6,2,0
31,22,1,2,0,0,0.0,0,1,0,1.4591479170272448,0.532958623346004,0,0,0,3,6,0
64,35,21,5,0,14,0.21875,0,3,0,1.3516441151533924,0.8186163831134802,0,0,0,3,6,1
33,24,1,2,0,0,0.0,0,1,0,1.4591479170272448,0.6460621929274621,0,0,0,3,8,0
106,20,78,3,0,5,0.04716981132075472,0,1,0,1.188721875540867,0.5063191787434943,0,0,0,8,6,1
73,13,52,2,6,0,0.0,0,1,0,1.7295739585136223,0.4487348026881816,0,0,0,3,4,0
53,15,30,3,0,0,0.0,0,0,0,1.295461844238322,0.574351509916232,0,0,0,6,5,1
17,10,0,1,1,0,0.0,0,0,0,1.9219280948873623,1.2823179606066881,0,0,0,2,2,0
40,32,1,2,1,2,0.05,0,1,0,1.8423709931771084,0.5191747000337867,0,0,0,3,12,1
69,21,41,1,1,4,0.057971014492753624,0,0,0,1.6729330318733675,0.4535033235850508,0,0,0,7,9,1
47,32,8,3,2,0,0.0,0,2,0,1.8910611120726526,0.38053464499039424,0,0,0,3,11,0
30,10,13,2,1,0,0.0,0,1,0,1.75,0.6637274034716835,0,0,0,4,1,1
85,22,33,3,1,24,0.2823529411764706,0,2,0,2.5949066182439395,1.0339490730667027,0,0,0,3,6,1
83,16,59,3,4,12,0.14457831325301204,0,1,0,1.8262452584026092,0.6114734427749975,0,0,0,5,3,0
26,17,1,2,0,0,0.0,0,1,0,1.4591479170272448,0.5663064172365175,0,0,0,3,4,0
33,24,1,2,0,0,0.0,0,1,0,1.4591479170272448,0.35745471831415343,0,0,0,3,7,0
56,12,37,2,0,5,0.08928571428571429,0,0,0,1.224394445405986,0.5299006674980719,0,0,0,6,4,1
44,26,11,3,0,5,0.11363636363636363,0,1,0,1.4488156357251847,0.7706443966669337,1,0,0,3,6,1
66,10,49,1,6,10,0.15151515151515152,0,0,0,1.617189572592715,0.6743166841090253,0,0,0,3,4,0
38,19,12,3,0,0,0.0,0,2,0,1.4488156357251847,0.4786846316150678,0,0,0,3,5,0
27,18,1,2,0,0,0.0,0,1,0,1.4591479170272448,0.5946450593618935,0,0,0,3,4,0
29,20,1,2,0,0,0.0,0,1,0,1.4591479170272448,0.5183936944759401,0,0,0,3,7,0
97,10,26,2,1,34,0.35051546391752575,0,1,0,2.41379956460568,1.316791241429767,1,0,0,6,2,1
31,22,1,3,0,0,0.0,0,2,0,1.4488156357251847,0.5746907234950629,0,0,0,3,6,0
22,14,1,2,0,0,0.0,0,1,0,1.4591479170272448,1.219876092716525,0,0,0,3,1,1
37,29,1,2,0,0,0.0,0,1,0,1.4591479170272448,0.4838424259664703,0,2,0,3,12,1
74,28,38,4,3,9,0.12162162162162163,0,2,0,1.8262452584026092,0.4121407142428475,0,0,0,5,9,0
74,12,55,2,2,0,0.0,0,1,0,1.9591479170272446,0.26088484976191534,0,0,0,6,2,0
172,39,101,2,2,18,0.10465116279069768,0,1,0,2.8207948949381363,0.6006270772358504,0,0,0,7,12,1
32,25,0,2,0,0,0.0,0,1,0,1.5219280948873621,0.7988287573739881,0,0,0,2,8,0
50,10,8,2,0,2,0.04,0,0,1,2.4193819456463714,1.2655442067211513,0,0,0,3,2,1
34,25,1,2,0,0,0.0,0,1,0,1.4591479170272448,0.32284331821442186,0,0,0,3,7,0
74,16,14,3,2,0,0.0,0,1,0,2.2892464285091583,0.24509069596669758,0,0,0,6,3,1
22,13,1,2,0,0,0.0,0,1,0,1.4591479170272448,1.09041680994256,0,0,0,3,2,0
68,17,44,1,3,0,0.0,0,0,0,1.5510981710072647,0.4392238563245259,0,0,0,7,5,0
32,25,0,2,0,1,0.03125,0,1,0,1.5219280948873621,0.6673223654235841,0,0,0,2,7,1
42,18,17,2,0,0,0.0,0,1,0,1.3787834934861753,0.37242147343586296,0,0,0,4,5,0
71,20,44,2,1,3,0.04225352112676056,0,1,0,1.4911148500551856,0.34514059247645734,0,0,0,7,5,0
57,12,38,3,0,0,0.0,0,1,0,1.295461844238322,0.3456254944370224,0,0,0,6,2,0
26,18,1,2,0,2,0.07692307692307693,0,1,0,1.4591479170272448,0.6962165393511481,0,0,0,3,5,1
38,14,1,2,0,10,0.2631578947368421,0,1,0,2.1556390622295662,1.4969798466991868,0,0,0,3,1,1
61,19,34,3,3,0,0.0,0,1,0,1.8954618442383218,0.3789367968479616,0,1,0,3,6,0
40,18,15,2,0,0,0.0,0,1,0,1.3787834934861753,0.3803002495521599,0,0,0,4,5,0
64,28,29,2,2,7,0.109375,0,1,0,1.7609640474436812,0.3854423729489037,0,0,0,5,5,1
35,27,0,2,0,4,0.11428571428571428,0,1,0,1.5219280948873621,0.9330912159827404,0,0,0,2,7,1
61,20,34,2,1,0,0.0,0,0,0,1.4911148500551856,0.3213532826564798,0,0,0,7,7,1
38,13,10,3,0,0,0.0,0,1,0,2.113283334294875,0.7517393118954006,0,0,0,3,3,0
85,18,60,2,6,3,0.03529411764705882,0,1,0,1.7381493331928664,0.32606547388809426,0,0,0,4,5,0
35,11,16,2,0,0,0.0,0,1,0,1.3787834934861753,0.4590014181021287,0,0,0,4,2,0
43,12,24,3,0,2,0.046511627906976744,0,1,0,1.3516441151533924,0.5803284815824801,0,0,0,5,4,0
44,25,11,2,0,0,0.0,0,1,0,1.3787834934861753,0.3456747281624811,0,0,0,4,7,0
48,11,30,3,1,4,0.08333333333333333,0,1,0,1.617189572592715,0.5687694530392674,0,0,0,6,1,0
43,13,22,4,0,0,0.0,0,2,0,1.3921472236645345,0.49034066938165904,0,0,0,4,3,1
66,23,36,3,4,5,0.07575757575757576,0,1,0,1.867633890971212,0.4477583410611899,0,0,0,3,6,0
41,32,1,2,0,3,0.07317073170731707,0,1,0,1.4591479170272448,0.5257985852693327,0,0,0,3,10,1
20,11,1,2,1,1,0.05,0,1,0,1.8423709931771084,1.19551884916268,0,0,0,3,1,0
24,16,1,2,0,0,0.0,0,1,0,1.4591479170272448,0.8153941822745332,0,0,0,3,4,0
57,26,24,4,0,4,0.07017543859649122,0,3,0,1.4591479170272448,0.5458761622203064,0,0,0,6,7,1
35,13,14,2,0,0,0.0,0,0,0,1.3787834934861753,0.5843492152008697,0,0,0,4,4,1
43,24,12,3,0,1,0.023255813953488372,0,1,0,1.4488156357251847,0.48915603126158674,0,0,0,3,8,0
118,21,89,3,5,0,0.0,0,2,0,1.7489992230622806,0.27363292749148815,0,0,0,7,5,0
23,14,1,2,0,0,0.0,0,1,0,1.4591479170272448,0.8089584113819253,0,0,0,3,4,0
54,36,1,2,3,0,0.0,0,1,0,2.1709505944546685,0.42727826321777795,0,2,0,3,9,1
54,21,25,3,1,0,0.0,0,1,0,1.7527152789797047,0.3676644959588053,0,0,0,4,5,0
127,19,101,1,2,5,0.03937007874015748,0,0,0,1.3862740938959681,0.27161200969551025,3,0,0,13,7,1
46,24,15,2,0,0,0.0,0,1,0,1.2987949406953985,0.4871307103974621,1,0,0,5,4,1
104,6,9,4,1,15,0.14423076923076922,0,0,0,3.1535717384775808,1.167340283484534,0,0,0,3,1,1
31,22,1,2,0,0,0.0,0,1,0,1.4591479170272448,0.6065938547608544,0,0,0,3,6,0
20,13,0,2,0,0,0.0,0,1,0,1.5219280948873621,0.746169054022998,0,0,0,2,6,0
32,23,1,2,3,1,0.03125,0,1,0,1.8910611120726526,0.7296756791547807,0,0,0,3,4,0
64,21,36,2,2,0,0.0,0,1,0,1.6858157091530304,0.34526472028767186,0,0,0,6,6,0
76,17,52,1,9,8,0.10526315789473684,0,0,0,1.4969275461145894,0.6118185768010387,0,0,0,6,6,0
67,16,43,2,2,0,0.0,0,1,0,1.6858157091530304,0.35488610152202754,0,0,0,6,3,0
23,14,1,2,0,0,0.0,0,1,0,1.4591479170272448,0.660685491897084,0,0,0,3,3,0
29,21,1,2,0,0,0.0,0,1,0,1.4591479170272448,0.5054213584045675,0,0,0,3,6,0
24,16,1,2,0,0,0.0,0,1,0,1.4591479170272448,1.4044052981836754,0,0,0,3,3,0
41,33,1,2,0,0,0.0,0,1,0,1.4591479170272448,0.663198118597432,0,0,0,3,11,1
33,25,1,2,0,0,0.0,0,1,0,1.4591479170272448,0.9909240347961867,0,0,0,3,8,1
1386,15,36,13,11,269,0.19408369408369408,0,1,0,3.0403262879605535,0.8457037265917338,6,1,0,7,4,1
66,26,33,3,1,0,0.0,0,1,0,1.7527152789797047,0.2765121291205367,0,0,0,4,8,0
34,17,10,2,1,4,0.11764705882352941,0,0,0,1.8423709931771084,0.7856520498526055,0,0,0,3,7,0
43,10,26,1,0,0,0.0,0,0,0,1.4466166676282082,0.6890184284862951,1,0,0,6,4,1
49,17,24,3,0,1,0.02040816326530612,0,1,0,1.7527152789797047,0.7258078624359278,0,0,0,4,3,0
33,26,0,1,0,0,0.0,0,0,0,1.5,0.7581823413580498,0,0,0,2,9,0
415,16,392,2,1,52,0.12530120481927712,0,1,0,1.75,1.344636836392317,0,0,0,4,4,1
49,26,16,3,0,1,0.02040816326530612,0,1,0,1.4488156357251847,0.5053688160208953,0,0,0,3,7,0
28,20,1,2,0,0,0.0,0,1,0,1.4591479170272448,0.6130394085919836,0,0,0,3,4,1
293,14,74,4,2,146,0.49829351535836175,0,1,0,2.411509198419911,1.972958400288619,0,0,0,7,3,1
49,13,19,3,0,1,0.02040816326530612,0,1,0,2.3709505944546687,0.6418745979511319,0,0,0,3,3,1
97,26,64,2,2,25,0.25773195876288657,0,1,0,1.5465935642949384,0.703013708718753,0,0,0,8,9,1
39,18,13,3,0,0,0.0,0,1,0,1.4488156357251847,0.4829381210583956,0,0,0,3,5,0
25,17,1,3,0,0,0.0,0,2,0,1.4488156357251847,0.6648630578231581,0,0,0,3,4,0
77,16,54,1,1,0,0.0,0,0,0,1.1451104143815827,0.3940330437567734,0,0,0,10,6,1
188,13,10,4,0,94,0.5,1,0,0,2.6062389286533896,2.111843990849082,2,0,0,3,0,1
30,22,1,2,0,3,0.1,0,1,0,1.4591479170272448,0.9671214766071852,0,0,0,3,5,0
69,16,46,3,2,6,0.08695652173913043,0,1,0,1.7295739585136223,0.4095109407634277,0,0,0,6,3,0
24,15,1,2,0,0,0.0,0,1,0,1.4591479170272448,0.63664016712681,0,0,0,3,3,0
33,12,13,3,0,0,0.0,0,1,0,1.4056390622295665,0.7809214927512549,0,0,0,4,2,0
47,7,33,2,0,0,0.0,0,0,0,1.1567796494470395,0.5593549443217735,0,0,0,7,2,1
32,25,0,2,0,2,0.0625,0,1,0,1.5219280948873621,0.6257763573411232,0,0,0,2,8,1
44,24,12,3,0,0,0.0,0,1,0,1.4488156357251847,0.5474039133355322,0,0,0,3,8,1
25,16,1,2,0,0,0.0,0,1,0,1.4591479170272448,0.7048107360039655,0,0,0,3,5,0
138,27,95,2,2,5,0.036231884057971016,0,1,0,2.4806821149663847,0.45511180884213237,1,0,0,7,7,1
26,18,1,3,0,0,0.0,0,2,0,1.4488156357251847,0.8170940180722424,0,0,0,3,5,0
54,14,33,2,0,13,0.24074074074074073,0,1,0,1.4591479170272448,1.1174030358011335,0,0,0,3,3,1
159,13,138,4,0,20,0.12578616352201258,0,1,0,1.53264458213405,1.2922898266854668,0,0,0,8,5,0
33,19,7,2,0,1,0.030303030303030304,0,1,0,1.4591479170272448,0.7380576151481449,1,0,0,3,5,1
73,14,51,2,5,8,0.1095890410958904,0,1,0,1.6894822670191825,0.3711870732205822,0,0,0,7,2,0
60,31,21,5,0,10,0.16666666666666666,0,3,0,1.3516441151533924,0.7250516569909851,0,0,0,3,6,1
44,16,21,2,3,12,0.2727272727272727,0,1,0,1.8910611120726526,1.0435764227992168,0,0,0,3,3,0
22,13,1,3,0,0,0.0,0,2,0,1.4488156357251847,0.9972188899501143,0,0,0,3,3,0
63,55,1,3,4,0,0.0,0,2,0,1.867633890971212,0.3863484529532229,0,0,0,3,21,1
83,16,46,2,0,2,0.024096385542168676,0,1,0,1.780672129520887,0.6950562646530006,0,0,0,7,6,1
62,17,38,2,4,0,0.0,0,1,0,1.823067982273661,0.41484627284685655,0,0,0,4,4,0
61,21,15,2,0,9,0.14754098360655737,0,1,0,2.3685225277282065,0.8492057429569349,0,0,0,4,7,0
120,42,20,4,0,24,0.2,0,3,0,2.5941178916311856,0.8756316527823772,3,2,0,5,15,1
26,17,1,2,0,0,0.0,0,1,0,1.4591479170272448,0.6277022897871765,0,0,0,3,4,0
127,50,20,4,1,16,0.12598425196850394,0,3,0,2.7550576199383077,0.728602601428206,3,2,0,5,17,1
20,11,1,1,0,0,0.0,0,0,0,1.3709505944546687,0.7187163402869172,0,0,0,3,4,1
55,15,32,2,0,1,0.01818181818181818,0,1,0,1.1567796494470395,0.5266958394152984,0,0,0,7,4,1
39,27,5,2,0,0,0.0,0,1,0,1.3787834934861753,0.42420317831648424,0,0,0,4,9,1
17,10,0,2,0,0,0.0,0,1,0,1.5219280948873621,1.2329130298541897,0,0,0,2,1,0
24,16,1,2,0,0,0.0,0,1,0,1.4591479170272448,0.7925691941623254,0,0,0,3,4,0
72,25,20,2,0,2,0.027777777777777776,0,0,0,1.9609640474436811,0.6002645373082416,0,0,0,5,7,1
38,16,14,2,0,0,0.0,0,1,0,1.3787834934861753,0.4497768715821808,0,0,0,4,7,0
18,11,0,2,0,0,0.0,0,1,0,1.5219280948873621,1.0299288807594225,0,0,0,2,4,0
30,21,1,2,2,0,0.0,0,1,0,1.9056390622295665,0.5193588307243887,0,0,0,3,6,0
41,33,1,2,1,3,0.07317073170731707,0,1,0,1.8423709931771084,0.5361086423111524,0,0,0,3,11,1
49,28,14,2,1,0,0.0,0,1,0,1.657742726504889,0.45545476926192424,0,0,0,5,9,1
128,50,20,4,1,22,0.171875,0,3,0,2.7550576199383077,0.8684749901677842,3,2,0,5,17,1
59,13,39,2,3,11,0.1864406779661017,0,1,0,1.6691803368667308,0.7165217850973843,0,0,0,7,1,0
46,15,23,2,0,0,0.0,0,1,0,1.3787834934861753,0.37519912333578825,0,0,0,4,5,0
28,19,1,2,1,0,0.0,0,1,0,1.8423709931771084,0.7686343636951142,0,0,0,3,6,0
39,16,16,3,0,0,0.0,0,1,0,1.3516441151533924,0.5817235689575415,0,0,0,5,6,1
37,10,20,2,1,0,0.0,0,1,0,1.657742726504889,0.5335413513142753,1,0,0,5,1,1
42,19,15,2,0,1,0.023809523809523808,0,1,0,1.3787834934861753,0.3990056731740681,0,0,0,4,6,0
30,15,7,1,1,1,0.03333333333333333,0,0,0,1.6644977792004612,0.6040014054384258,1,0,0,4,4,1
63,29,26,5,0,1,0.015873015873015872,0,3,1,1.6854752972273344,1.0264556857093847,0,0,0,3,8,1
33,14,11,1,0,0,0.0,0,0,0,1.2516291673878228,0.7329679800600312,0,0,0,4,3,0
22,13,1,2,0,0,0.0,0,1,0,1.4591479170272448,0.7633303020361824,0,0,0,3,3,0
28,21,0,2,0,0,0.0,0,1,0,1.5219280948873621,0.8602576803349209,0,0,0,2,6,1
55,16,31,2,4,1,0.01818181818181818,0,1,0,1.7841591278514217,0.4426120058476926,0,0,0,5,2,0
19,6,6,1,0,0,0.0,0,0,0,1.3709505944546687,1.1988130843822677,0,0,0,3,2,1
46,13,26,3,1,0,0.0,0,2,0,1.5510981710072647,0.310076770824882,0,0,0,7,3,0
100,38,55,2,7,0,0.0,0,1,0,1.6893917467430877,0.4455093144998282,4,0,0,4,12,1
72,31,34,2,2,0,0.0,0,1,0,1.8365916681089791,0.40010382818826135,0,0,0,4,9,0
50,19,13,3,0,6,0.12,0,1,0,2.3709505944546687,0.742645393423702,0,0,0,3,6,0
46,20,18,2,0,0,0.0,0,1,0,1.75,0.485742889473139,0,0,0,4,8,0
28,15,1,1,0,3,0.10714285714285714,0,0,0,1.4591479170272448,0.9820154743555731,0,0,0,3,4,0
21,14,0,2,0,0,0.0,0,1,0,1.5219280948873621,0.8448818272915692,0,0,0,2,5,1
99,16,75,2,6,0,0.0,0,0,0,1.7055872616982601,0.3596583590442844,2,0,0,6,5,1
67,9,51,1,0,0,0.0,0,0,0,1.617189572592715,0.53276204467632,0,0,0,6,3,0
43,16,20,3,2,0,0.0,0,1,0,1.8910611120726526,0.4296922840720866,0,0,0,3,6,1
70,21,41,2,3,0,0.0,0,0,0,1.789929075309999,0.381648563242922,1,0,0,5,7,1
48,16,25,2,1,0,0.0,0,1,0,1.75,0.35641658433714085,0,0,0,4,5,0
76,21,47,5,4,4,0.05263157894736842,0,1,0,1.8262452584026092,0.2606297512472331,0,0,0,3,6,0
87,18,61,2,4,2,0.022988505747126436,0,1,0,1.823067982273661,0.42950483053838073,0,0,0,4,5,0
36,20,9,2,0,0,0.0,0,1,0,1.3787834934861753,0.5218892019395059,0,0,0,4,7,1
78,13,58,3,1,0,0.0,0,1,0,1.4885252948977485,0.3896587770321273,1,0,0,8,5,1
38,18,13,2,3,2,0.05263157894736842,0,0,0,2.1709505944546685,0.867224148548489,0,0,0,3,4,1
59,15,37,2,0,0,0.0,0,1,0,1.823067982273661,0.4792417659534512,0,0,0,4,3,0
46,22,17,2,0,0,0.0,0,1,0,1.2987949406953985,0.3535001280997223,0,0,0,5,5,1
42,16,18,2,0,0,0.0,0,1,0,1.2987949406953985,0.5394964067879029,0,0,0,5,6,1
24,15,1,2,0,0,0.0,0,1,0,1.4591479170272448,0.950000540958957,0,0,0,3,3,0
22,14,1,2,0,0,0.0,0,1,0,1.4591479170272448,0.8191478135867032,0,0,0,3,3,0
26,19,0,2,0,0,0.0,0,1,0,1.5219280948873621,0.6374765795958586,0,0,0,2,7,0
27,18,1,3,0,0,0.0,0,2,0,1.4488156357251847,0.7523085579662578,0,0,0,3,4,0
89,11,71,2,8,0,0.0,0,0,0,1.610577243331642,0.3867498715745544,0,0,0,3,3,0
70,16,46,2,1,5,0.07142857142857142,0,1,0,1.8676338909712122,0.7413704913426209,0,0,0,6,6,1
89,16,66,2,1,0,0.0,0,1,0,1.2366407419411674,0.2781046210149883,3,0,0,11,4,1
39,30,1,2,2,0,0.0,0,1,0,1.9056390622295665,0.2639765068955478,0,0,0,3,9,0
25,17,1,2,0,0,0.0,0,1,0,1.4591479170272448,0.7043684991130591,0,0,0,3,5,0
33,14,11,2,0,7,0.21212121212121213,0,1,0,1.4591479170272448,1.3673901641182553,0,0,0,3,2,1
29,7,14,1,0,5,0.1724137931034483,0,0,0,1.3709505944546687,1.0094895653090348,0,0,0,3,3,1
361,20,20,3,0,23,0.06371191135734072,0,1,0,2.3553885422075336,1.2567009064471266,0,0,0,4,5,1
102,20,75,2,0,2,0.0196078431372549,0,0,0,0.8683927290103626,0.38746258260912086,0,0,0,13,8,1
31,23,1,2,1,0,0.0,0,1,0,1.8423709931771084,0.8041031441053076,1,2,0,3,6,1
123,17,99,3,12,20,0.16260162601626016,0,1,0,1.5828765043125572,0.5408910261383605,0,0,0,6,5,0
27,18,1,2,0,0,0.0,0,1,0,1.4591479170272448,0.6916986449456201,0,0,0,3,5,0
45,16,21,2,0,0,0.0,0,1,0,1.75,0.4014003003887721,0,0,0,4,7,0
278,21,49,3,0,59,0.21223021582733814,0,2,0,2.623301849362876,1.2012039558872447,0,0,0,7,7,1
25,16,1,2,0,0,0.0,0,1,0,1.4591479170272448,0.6114134777981948,0,0,0,3,4,0
53,15,31,3,4,0,0.0,0,1,0,1.867633890971212,0.47218087648612717,0,0,0,3,3,0
86,20,58,2,0,7,0.08139534883720931,0,1,0,1.6893917467430877,0.516104050312672,0,0,0,4,6,0
79,16,20,3,0,7,0.08860759493670886,0,2,0,2.5550365325772657,0.7037138116225073,0,0,0,5,5,0
54,15,31,2,2,3,0.05555555555555555,0,1,0,1.8365916681089791,0.3513552028058634,0,0,0,4,3,0
36,27,1,2,2,0,0.0,0,1,0,1.9056390622295665,0.6731425186364346,0,0,0,3,9,1
93,14,72,2,0,20,0.21505376344086022,0,1,0,1.1567796494470395,0.8808247203814816,0,0,0,7,3,1
55,16,31,2,0,0,0.0,0,1,0,1.8365916681089791,0.4244205786128614,0,0,0,4,7,0
29,21,1,2,0,0,0.0,0,1,0,1.4591479170272448,0.38227922275893156,0,0,0,3,6,0
78,69,1,4,2,9,0.11538461538461539,0,3,0,1.8464393446710154,0.8072077513699378,0,0,0,3,11,1
32,15,10,2,0,0,0.0,0,1,0,1.3787834934861753,0.7033807489339916,0,0,0,4,4,0
113,15,76,2,1,7,0.061946902654867256,0,1,0,2.260820318171659,0.6457522941984262,0,0,0,7,5,1
23,15,1,2,0,0,0.0,0,1,0,1.4591479170272448,0.7568340487502141,0,0,0,3,4,0
43,15,6,2,0,2,0.046511627906976744,0,1,0,2.1556390622295662,0.9058278986197332,0,0,0,3,5,0
43,34,1,2,2,5,0.11627906976744186,0,1,0,1.9056390622295665,0.882717862673888,0,0,0,3,9,1
34,27,0,2,0,0,0.0,0,1,0,1.5219280948873621,0.5962784535010841,0,0,0,2,8,0
120,39,44,7,2,21,0.175,0,5,0,2.5820599105802575,0.8474476709163757,3,2,0,4,12,1
93,34,52,3,1,3,0.03225806451612903,0,1,0,1.6879430945989,0.3763974191379473,1,0,0,9,11,1
66,16,43,2,2,0,0.0,0,1,0,2.186704345910025,0.5053659896205676,0,0,0,4,4,0
25,13,1,1,1,0,0.0,0,0,0,2.4056390622295662,0.7896517978674872,0,0,0,3,5,1
51,23,7,3,0,1,0.0196078431372549,0,2,0,2.0464393446710156,0.4526097032577049,0,0,0,4,7,1
21,14,0,1,1,1,0.047619047619047616,0,0,0,1.9219280948873623,0.9558901373907023,0,0,0,2,4,1
174,39,101,2,2,19,0.10919540229885058,0,1,0,2.959627220878014,0.610641444517639,0,0,0,7,12,1
32,16,8,1,0,0,0.0,0,0,0,1.2516291673878228,0.571085928065671,0,0,0,4,6,1
74,23,44,3,2,0,0.0,0,1,0,1.8464393446710154,0.25072660666253527,0,0,0,4,7,0
24,16,1,2,0,0,0.0,0,1,0,1.4591479170272448,0.6317154011319737,0,0,0,3,5,0
59,20,32,3,1,0,0.0,0,1,0,1.896240625180289,0.4718568901660532,0,0,0,6,6,0
111,17,87,3,8,7,0.06306306306306306,0,2,0,1.7107770844150676,0.3527477577695671,0,1,0,6,4,0
71,20,44,1,4,0,0.0,0,0,0,1.6767370300521325,0.3585992649345817,0,0,0,5,8,0
35,27,0,2,0,4,0.11428571428571428,0,1,0,1.5219280948873621,0.8043739106675188,0,0,0,2,8,1
26,17,1,2,1,0,0.0,0,1,0,1.8423709931771084,0.681892499901382,0,0,0,3,6,1
68,10,51,2,1,3,0.04411764705882353,0,0,0,1.4182958340544896,0.47698201382309646,0,0,0,8,0,1
248,14,58,2,0,59,0.23790322580645162,0,0,0,2.045044819742847,2.1585148023643055,2,0,0,6,5,1
98,13,55,3,1,10,0.10204081632653061,0,1,0,2.323219672335508,0.6282127403347922,1,0,0,10,2,1
24,15,1,2,0,0,0.0,0,1,0,1.4591479170272448,0.8060597154077198,0,0,0,3,2,0
36,14,15,1,0,0,0.0,0,0,0,1.2516291673878228,0.5956574599780223,0,0,0,4,5,1
82,16,46,2,0,5,0.06097560975609756,0,1,0,2.199687794731328,0.6011694738245305,0,0,0,6,6,1
62,31,24,2,2,0,0.0,0,1,0,1.8365916681089791,0.3722029290284631,0,0,0,4,9,0
108,16,84,2,4,44,0.4074074074074074,0,1,0,1.6893917467430877,1.4797661930428767,0,0,0,7,5,1
62,27,14,2,0,1,0.016129032258064516,0,1,0,2.321928094887362,0.45583194669702387,2,0,0,4,11,0
69,23,38,4,2,1,0.014492753623188406,0,1,0,1.93012496531497,0.4748916153156135,0,0,0,7,6,0
26,19,0,2,1,1,0.038461538461538464,0,1,0,1.9182958340544896,0.8723653628042295,1,0,0,2,5,1
56,17,32,3,1,6,0.10714285714285714,0,1,0,1.7527152789797047,0.3828216976823842,0,0,0,4,4,0
59,21,30,2,1,0,0.0,0,1,0,1.4911148500551856,0.30455713182359273,0,0,0,7,8,0
18,11,0,2,0,1,0.05555555555555555,0,1,0,1.5219280948873621,1.165332677343874,0,0,0,2,3,0
43,18,17,3,1,0,0.0,0,2,0,1.7527152789797047,0.35117923110802296,0,0,0,4,7,0
86,16,33,2,1,12,0.13953488372093023,0,0,0,2.739572261986723,0.7583771641213833,0,0,0,6,6,1
31,23,1,2,1,0,0.0,0,1,0,1.8423709931771084,0.6309398949577487,0,0,0,3,8,1
127,50,19,4,1,18,0.14173228346456693,0,3,0,2.794653473544342,0.7282258851924562,3,2,0,4,17,1
18,10,1,1,0,0,0.0,0,0,0,1.3709505944546687,0.8035458414624432,0,0,0,3,4,0
64,20,37,3,1,0,0.0,0,1,0,1.5510981710072647,0.33395888447066335,0,0,0,7,6,1
105,29,59,2,1,10,0.09523809523809523,0,1,0,2.217021885879718,0.6497543158850014,0,0,0,6,9,1
26,17,1,2,0,0,0.0,0,1,0,1.4591479170272448,0.44221164629994125,0,0,0,3,3,0
27,19,1,2,1,0,0.0,0,1,0,1.8423709931771084,0.5576338324288416,0,0,0,3,5,0
59,18,34,2,0,1,0.01694915254237288,0,0,0,1.224394445405986,0.4631358993783616,1,0,0,6,7,1
27,14,1,1,0,3,0.1111111111111111,0,0,0,1.4591479170272448,1.0808930891324862,0,0,0,3,6,0
46,16,22,2,0,0,0.0,0,1,0,1.75,0.5919602873654628,0,0,0,4,7,0
127,50,19,4,1,23,0.18110236220472442,0,3,0,2.794653473544342,0.8937890822507367,3,2,0,4,17,1
40,23,10,3,1,0,0.0,0,1,0,1.7527152789797047,0.3622728485674998,0,0,0,4,7,1
99,15,76,2,1,9,0.09090909090909091,0,1,0,1.8810947601100747,0.642225415469107,0,0,0,7,5,1
27,18,1,2,0,0,0.0,0,1,0,1.4591479170272448,0.5579148405210337,0,0,0,3,5,0
58,18,7,1,0,6,0.10344827586206896,0,0,0,2.1609640474436813,0.8611938337778554,0,0,0,5,4,1
41,18,15,2,0,0,0.0,0,1,0,1.75,0.5593907439494032,0,0,0,4,7,0
84,21,55,2,6,0,0.0,0,1,0,1.7273966735744792,0.2942984640897112,0,0,0,5,6,0
33,18,8,3,1,0,0.0,0,1,0,1.811278124459133,0.8457005648734939,0,0,0,3,3,1
33,25,1,2,0,0,0.0,0,1,0,1.4591479170272448,0.3963711062392422,0,0,0,3,8,1
30,22,1,2,0,0,0.0,0,1,0,1.4591479170272448,0.6625938109794651,0,0,0,3,6,0
32,20,4,2,0,3,0.09375,0,1,0,1.3787834934861753,0.7273403330915336,0,0,0,4,4,1
128,50,20,4,1,26,0.203125,0,3,0,2.7550576199383077,0.9065306912040796,3,2,0,5,17,1
56,14,18,4,0,5,0.08928571428571429,0,2,0,2.3553885422075336,0.6937859174810607,0,0,0,3,3,0
36,27,1,2,0,0,0.0,0,1,0,1.4591479170272448,0.529334513075802,0,0,0,3,8,0
46,20,18,3,0,0,0.0,0,1,0,1.3516441151533924,0.5225194712962357,0,0,0,5,6,0
34,26,1,4,0,2,0.058823529411764705,0,3,0,1.4056390622295665,0.742189810482128,0,0,0,3,5,1
22,14,1,2,0,0,0.0,0,1,0,1.4591479170272448,0.8642859093041932,0,0,0,3,3,0
22,13,1,2,0,0,0.0,0,1,0,1.4591479170272448,0.8604034741344724,0,0,0,3,1,0
38,29,1,2,0,0,0.0,0,1,0,1.4591479170272448,0.7656294422559142,0,0,0,3,6,1
28,15,5,2,0,1,0.03571428571428571,0,1,0,1.8423709931771084,1.0217731660004319,0,0,0,3,5,0
38,17,14,2,0,0,0.0,0,1,0,1.3787834934861753,0.42239028258895184,0,0,0,4,5,0
78,25,18,3,0,3,0.038461538461538464,0,1,0,2.287783719941071,0.5863398607775778,0,1,0,5,10,1
86,28,51,3,3,8,0.09302325581395349,0,1,0,2.155968102145908,0.524970540561841,0,0,0,5,10,1
41,18,16,3,0,0,0.0,0,1,0,1.4488156357251847,0.3764171044765268,0,0,0,3,3,0
29,11,10,1,0,0,0.0,0,0,0,1.3709505944546687,0.37329632544166846,0,0,0,3,3,0
33,24,1,2,0,0,0.0,0,1,0,1.4591479170272448,0.3976757159491052,0,0,0,3,7,0
59,20,32,3,1,4,0.06779661016949153,0,1,0,2.0464393446710156,0.529608253372104,0,0,0,4,5,0
62,18,37,2,4,0,0.0,0,1,0,1.823067982273661,0.42811727452869636,0,0,0,4,3,0
37,12,17,2,0,0,0.0,0,1,0,1.2987949406953985,0.4865180297488676,0,0,0,5,3,0
46,21,18,2,1,0,0.0,0,1,0,1.657742726504889,0.32804704349007413,0,0,0,5,5,0
28,19,1,2,0,0,0.0,0,1,0,1.4591479170272448,0.5866590531638,0,0,0,3,5,0
25,14,4,2,0,0,0.0,0,1,0,1.3787834934861753,0.8888275792716304,0,0,0,4,3,1
99,15,76,2,0,11,0.1111111111111111,0,1,0,1.1567796494470395,0.7670350837035741,0,0,0,7,5,1
60,26,27,3,0,0,0.0,0,1,0,1.4056390622295665,0.3081458640074217,0,0,0,4,8,0
97,50,40,5,1,23,0.23711340206185566,0,4,0,1.650022421648354,0.8154788558546571,1,0,0,5,17,1
51,21,23,2,0,3,0.058823529411764705,0,1,0,1.224394445405986,0.5736281042303699,0,0,0,6,9,1
40,19,14,3,0,0,0.0,0,1,0,1.4056390622295665,0.41639346067126465,1,0,0,4,7,1
85,14,64,1,10,8,0.09411764705882353,0,0,0,1.3752793655393791,0.577444693820879,0,0,0,3,5,0
50,28,15,2,0,0,0.0,0,1,0,1.3787834934861753,0.4695891083413484,0,0,0,4,8,0
30,21,1,2,0,0,0.0,0,1,0,1.4591479170272448,0.45083705302496846,0,0,0,3,6,0
36,27,1,2,0,0,0.0,0,1,0,1.4591479170272448,0.43187019953627465,0,0,0,3,8,0
187,20,35,6,2,38,0.20320855614973263,0,0,0,2.7295739585136225,0.6885754213966664,1,0,0,6,8,1
58,16,34,2,4,7,0.1206896551724138,0,1,0,1.8464393446710154,0.6141307751428353,0,0,0,3,5,0
46,25,14,2,0,0,0.0,0,1,0,1.8423709931771084,0.41704043463270873,0,0,0,3,8,0
67,15,45,2,2,4,0.05970149253731343,0,0,0,1.6140054628542204,0.3851060269782217,0,0,0,7,4,1
28,19,1,2,0,0,0.0,0,1,0,1.4591479170272448,0.7869691633421734,0,0,0,3,4,0
64,16,40,3,0,2,0.03125,0,1,0,1.2406705316766884,0.3497540612613006,0,0,0,7,4,1
28,19,1,2,0,0,0.0,0,1,0,1.4591479170272448,0.5979021465425616,0,0,0,3,4,0
59,31,21,2,0,0,0.0,0,1,0,1.3787834934861753,0.35335961234366947,0,0,0,4,9,0
29,21,1,3,0,0,0.0,0,2,0,1.4488156357251847,0.785013238330336,0,0,0,3,7,0
58,28,23,3,1,0,0.0,0,1,0,1.617189572592715,0.365959587067321,0,0,0,6,9,1
72,16,49,2,6,7,0.09722222222222222,0,1,0,1.7273966735744792,0.48070802084197034,0,0,0,5,4,0
43,23,13,3,0,2,0.046511627906976744,0,1,0,1.4488156357251847,0.5545197817516457,0,0,0,3,7,1
39,14,18,3,0,0,0.0,0,1,0,1.4488156357251847,0.6515953622871219,0,0,0,3,3,0
48,19,21,4,0,0,0.0,0,3,0,1.360964047443681,0.5566805863429601,0,0,0,5,4,0
52,16,29,3,0,0,0.0,0,1,0,1.3516441151533924,0.603687435132936,0,0,0,5,5,0
30,22,1,3,0,2,0.06666666666666667,0,2,0,1.4488156357251847,0.8523982816294537,0,0,0,3,5,1
106,18,81,1,9,11,0.10377358490566038,0,0,0,1.4716022614097979,0.49446552645982733,1,0,0,4,6,0
95,23,64,3,1,4,0.042105263157894736,0,1,0,1.856564762130954,0.43730106079891057,0,0,0,8,5,1
81,47,26,5,0,2,0.024691358024691357,0,3,1,1.9717472571281809,0.7711032066177704,1,2,0,3,14,1
31,18,6,2,0,0,0.0,0,1,0,1.4591479170272448,0.8132126019739611,0,0,0,3,5,1
54,12,35,1,4,0,0.0,0,0,0,1.721928094887362,0.5298066458460154,0,0,0,4,4,0
218,12,33,3,1,69,0.3165137614678899,0,1,0,2.8709505944546687,1.5820351425488572,2,0,0,6,3,1
77,23,47,1,0,20,0.2597402597402597,0,0,0,1.1488348542809166,0.9505613895215715,0,0,0,5,8,1
92,15,70,2,8,0,0.0,0,1,0,1.6457113704075783,0.2840922104832293,0,0,0,6,4,0
183,12,137,4,12,0,0.0,0,1,1,2.1149163392091346,0.4738272750552216,1,0,0,9,2,1
76,49,20,4,5,2,0.02631578947368421,0,2,0,1.8352377453121176,0.3167030285165605,0,0,0,4,16,1
46,18,21,1,1,0,0.0,0,0,0,1.6644977792004612,0.3447803403795917,0,0,0,4,5,0
56,11,38,1,4,1,0.017857142857142856,0,0,0,1.721928094887362,0.42874724239987994,0,0,0,4,4,0
41,32,1,2,0,0,0.0,0,1,0,1.4591479170272448,0.5348979719461299,0,0,0,3,9,1
23,14,1,2,0,0,0.0,0,1,0,1.4591479170272448,0.7476900942586149,0,0,0,3,2,0
58,49,1,2,0,0,0.0,0,1,0,1.4591479170272448,1.4385971397678827,0,0,0,3,15,1
35,27,1,2,1,0,0.0,0,1,0,1.8423709931771084,0.532845274730433,0,0,0,3,9,1
24,17,0,1,0,1,0.041666666666666664,0,0,0,1.5,0.8674350134894434,0,0,0,2,8,0
23,16,0,2,0,0,0.0,0,1,0,1.5219280948873621,0.925363392442069,0,0,0,2,3,0
36,18,11,2,0,0,0.0,0,1,0,1.3787834934861753,0.3254295932113512,0,0,0,4,5,0
55,26,22,2,0,0,0.0,0,1,0,1.75,0.5223608346635286,0,0,0,4,9,0
57,21,29,3,0,0,0.0,0,1,0,1.295461844238322,0.33360050527852725,0,0,0,6,8,1
59,21,30,3,3,0,0.0,0,1,0,1.867633890971212,0.28396712343853947,0,0,0,4,5,0
24,15,1,2,0,1,0.041666666666666664,0,1,0,1.4591479170272448,0.7632413568372269,0,0,0,3,4,0
38,20,11,3,1,0,0.0,0,1,0,1.811278124459133,0.5510524322939419,0,0,0,3,6,1
342,19,315,5,6,142,0.4152046783625731,0,2,1,2.9300291378549668,1.6799721923376802,0,0,0,5,5,1
47,15,25,1,3,0,0.0,0,0,0,1.7527152789797047,0.4308819512413016,0,0,0,4,6,0
24,15,1,2,0,0,0.0,0,1,0,1.4591479170272448,0.7293308310676124,0,0,0,3,5,0
67,15,45,2,2,5,0.07462686567164178,0,1,0,2.2312702546075758,0.572801385867888,0,0,0,3,4,0
52,17,28,1,3,4,0.07692307692307693,0,0,0,1.6854752972273344,0.530626209202208,0,0,0,5,8,0
27,8,11,1,0,3,0.1111111111111111,0,0,0,1.2516291673878228,1.2656401566932476,0,0,0,4,2,1
31,16,7,1,0,1,0.03225806451612903,0,0,0,1.792481250360578,0.8169913147220226,0,0,0,3,5,1
155,22,126,3,2,0,0.0,0,1,0,1.5546097612655667,0.2821204948529863,0,0,0,9,7,0
26,14,5,2,0,0,0.0,0,1,0,1.4591479170272448,1.0437291299584113,0,0,0,3,4,1
65,17,41,2,0,2,0.03076923076923077,0,1,0,1.0957952550009336,0.5264961178103642,0,0,0,8,3,1
83,10,66,2,9,8,0.0963855421686747,0,1,0,1.608700165519891,0.4589197750824066,0,0,0,5,1,0
81,20,53,2,7,8,0.09876543209876543,0,1,0,1.6578764348499595,0.45705177674336755,0,0,0,7,4,0
31,23,1,2,0,0,0.0,0,1,0,1.4591479170272448,0.4865183051099534,0,0,0,3,6,0
22,12,1,2,0,0,0.0,0,1,0,1.8423709931771084,0.9900305739715685,0,0,0,3,2,0
127,50,20,4,1,18,0.14173228346456693,0,3,0,2.7550576199383077,0.7913909999082579,3,2,0,5,17,1
78,15,56,2,6,0,0.0,0,1,0,1.7055872616982601,0.2958964966363758,0,0,0,6,4,0
26,18,1,1,0,0,0.0,0,0,0,1.3709505944546687,0.6654105640097318,0,0,0,3,7,1
33,25,1,2,0,0,0.0,0,1,0,1.4591479170272448,0.38280985878316914,0,0,0,3,7,0
71,19,33,2,1,0,0.0,0,0,0,2.222191575506678,0.3185846120280108,0,0,0,5,8,1
36,16,1,3,0,0,0.0,0,2,0,2.3709505944546687,0.9649804261117658,0,2,0,3,5,0
39,30,1,2,0,0,0.0,0,1,0,1.4591479170272448,0.3466442293312911,0,0,0,3,9,0
98,20,3,4,0,7,0.07142857142857142,0,1,1,2.251629167387823,1.035237734842939,0,0,0,4,8,1
34,26,1,2,0,0,0.0,0,1,0,1.4591479170272448,0.7530844821533885,0,0,0,3,8,1
66,21,38,3,3,0,0.0,0,1,0,1.8954618442383218,0.3748322466463729,0,0,0,3,7,0
56,21,28,2,1,0,0.0,0,1,0,1.5709505944546687,0.2531047341063396,0,0,0,6,6,1
82,18,57,3,5,8,0.0975609756097561,0,2,0,1.781937063546704,0.4348460461152622,0,0,0,6,4,0
45,15,23,2,1,0,0.0,0,1,0,1.5709505944546687,0.42371526464089987,0,0,0,6,2,0
48,23,7,3,0,10,0.20833333333333334,0,2,0,1.9717472571281809,1.2761940774796743,0,0,0,5,6,1
69,29,33,4,0,5,0.07246376811594203,0,3,0,1.3921472236645345,0.7064724050478569,0,0,0,4,8,1
37,29,1,2,0,6,0.16216216216216217,0,1,0,1.4591479170272448,1.0620903108974125,0,0,0,3,6,1
55,29,19,5,1,1,0.01818181818181818,0,3,0,1.6767370300521325,0.36438265533472997,0,0,0,4,8,1
61,27,26,3,1,8,0.13114754098360656,0,1,0,1.9717472571281809,0.5612043414173294,0,0,0,5,9,1
23,15,1,2,0,0,0.0,0,1,0,1.4591479170272448,0.6247179378720379,0,0,0,3,4,0
23,16,0,2,0,0,0.0,0,1,0,1.5219280948873621,0.7860881514364182,0,0,0,2,5,0
32,24,1,2,0,0,0.0,0,1,0,1.4591479170272448,0.5772812747383241,0,0,0,3,9,1
31,24,0,2,0,0,0.0,0,1,0,1.5219280948873621,0.8151140058691366,0,0,0,2,9,1
29,20,1,1,0,0,0.0,0,0,0,1.3709505944546687,0.4078287234438545,0,0,0,3,9,0
56,47,1,4,0,7,0.125,0,3,0,1.4056390622295665,0.7001208878975451,0,0,0,3,9,1
84,10,20,2,4,5,0.05952380952380952,0,0,0,1.93012496531497,0.5916821609763199,0,0,0,7,4,0
57,20,30,2,4,0,0.0,0,1,0,1.823067982273661,0.4917727003503267,0,0,0,4,5,0
28,19,1,2,1,0,0.0,0,1,0,1.8423709931771084,0.6108949313934937,0,0,0,3,7,1
30,21,1,2,1,0,0.0,0,1,0,1.8423709931771084,0.5614222407142351,0,0,0,3,6,0
34,21,1,2,0,0,0.0,0,1,0,2.4464393446710155,1.062629633505055,0,0,0,3,6,0
41,11,22,3,0,0,0.0,0,1,0,1.3516441151533924,0.3848329707613423,0,0,0,5,1,0
32,23,1,2,0,0,0.0,0,1,0,1.4591479170272448,0.5179923952927692,0,0,0,3,6,0
43,34,1,2,0,0,0.0,0,1,0,1.4591479170272448,0.3858063212487878,1,0,0,3,13,1
199,13,44,5,11,39,0.19597989949748743,0,1,0,2.618037748570157,1.571206640616207,0,1,0,7,1,1
71,20,25,3,0,2,0.028169014084507043,0,1,0,2.5492553971685,2.6458143087215786,0,0,0,5,9,1
70,43,1,5,2,5,0.07142857142857142,0,4,0,2.287783719941071,0.5148589376542027,1,2,0,3,13,1
33,15,11,1,0,0,0.0,0,0,0,1.2516291673878228,0.8398664371401778,0,0,0,4,5,1
68,19,42,2,5,0,0.0,0,1,0,1.7841591278514217,0.3564206166893574,0,0,0,4,7,0
117,42,20,4,0,19,0.1623931623931624,0,3,0,2.5941178916311856,0.8540111729914829,3,2,0,5,15,1
21,12,1,1,0,0,0.0,0,0,0,1.3709505944546687,1.2131008009032254,0,0,0,3,2,1
241,63,171,5,0,48,0.1991701244813278,0,4,0,2.5788203928743796,1.026395839518689,0,2,0,6,8,1
242,17,217,2,3,26,0.10743801652892562,0,1,0,1.0374012540422353,0.41646350943906385,4,0,0,23,6,1
27,19,1,2,1,0,0.0,0,1,0,1.8423709931771084,0.6192653697228855,0,0,0,3,7,0
30,23,0,2,0,0,0.0,0,1,0,1.5219280948873621,0.6828998694605741,0,0,0,2,8,0
71,21,43,2,4,4,0.056338028169014086,0,1,0,1.7841591278514217,0.32852894603146443,0,1,0,5,6,0
36,15,14,3,0,0,0.0,0,1,0,1.4056390622295665,0.5733857509449534,0,0,0,4,6,1
76,29,39,3,0,13,0.17105263157894737,0,1,0,2.3523479118118216,1.768325747893457,1,0,0,5,10,1
36,16,12,2,0,0,0.0,0,1,0,1.4591479170272448,0.5599504966573813,0,0,0,3,5,0
34,22,5,2,0,0,0.0,0,1,0,1.4591479170272448,0.5706044823631506,0,0,0,3,7,0
24,15,1,2,0,0,0.0,0,1,0,1.4591479170272448,0.6462697191771545,0,0,0,3,4,0
115,42,19,4,0,22,0.19130434782608696,0,3,0,2.577819531114783,1.0152454856792952,3,2,0,4,15,1
33,16,9,2,0,0,0.0,0,1,0,1.4591479170272448,0.6915742975422755,0,0,0,3,5,0
103,14,50,3,0,1,0.009708737864077669,0,0,1,2.349601752714581,0.7239330956367998,0,0,0,7,6,1
27,16,4,2,0,0,0.0,0,1,0,1.3787834934861753,0.6387626041210204,0,0,0,4,3,1
50,28,15,2,0,0,0.0,0,1,0,1.8423709931771084,0.34302647985592416,0,0,0,3,10,0
30,19,4,2,0,0,0.0,0,1,0,1.3787834934861753,0.521550942359356,0,0,0,4,5,1
64,16,41,3,2,0,0.0,0,1,0,1.789929075309999,0.21750941948869623,0,0,0,5,3,1
78,29,42,2,0,2,0.02564102564102564,0,0,0,1.5709505944546687,0.3775352206467442,0,0,0,6,12,1
62,23,31,3,0,0,0.0,0,1,0,1.7527152789797047,0.4027575271968933,0,0,0,4,7,0
33,24,1,2,0,8,0.24242424242424243,0,1,0,1.4591479170272448,1.4583870376158425,0,0,0,3,4,1
57,22,28,3,0,0,0.0,0,1,0,1.6854752972273344,0.45755259259429565,0,0,0,5,8,0
267,213,47,14,0,39,0.14606741573033707,0,11,1,1.3315796225857792,0.9259925183347298,0,0,1,6,32,1
114,37,44,7,2,23,0.20175438596491227,0,5,0,2.411509198419911,0.8944731191974568,1,2,0,4,9,1
142,16,119,3,0,8,0.056338028169014086,0,1,0,1.4805774296980354,0.601922772983425,0,0,0,7,5,0
21,12,1,2,0,0,0.0,0,1,0,1.4591479170272448,0.8491492328535364,0,0,0,3,1,0
44,13,24,2,1,0,0.0,0,1,0,1.75,0.36077568498668944,0,0,0,4,2,0
49,18,24,2,1,0,0.0,0,1,0,1.75,0.2888527495364276,0,0,0,4,5,0
24,5,12,1,0,3,0.125,0,0,0,1.3709505944546687,1.9886044723352319,0,0,0,3,0,1
69,42,19,4,0,8,0.11594202898550725,0,3,0,1.3921472236645345,0.6711586908408854,2,2,0,4,15,1
38,31,0,2,0,0,0.0,0,1,0,1.5219280948873621,0.4941964310519397,0,0,0,2,11,1
27,18,1,3,0,0,0.0,0,2,0,1.4488156357251847,0.5658035482004489,0,0,0,3,5,0
48,14,27,3,2,4,0.08333333333333333,0,1,0,1.8910611120726526,0.4942244684017649,0,0,0,3,3,0
26,18,1,2,1,0,0.0,0,1,0,1.8423709931771084,0.6332122933425149,0,0,0,3,5,0
26,17,1,2,0,0,0.0,0,1,0,1.4591479170272448,0.8161092267370151,0,0,0,3,3,0
77,20,50,2,5,0,0.0,0,1,0,1.7841591278514217,0.23506423809415333,0,0,0,4,5,0
57,48,1,4,3,9,0.15789473684210525,0,3,0,1.867633890971212,0.6956526213917416,0,0,0,3,9,1
51,17,26,3,0,0,0.0,0,1,0,1.4056390622295665,0.34024811064438487,0,0,0,4,5,0
68,37,23,5,3,6,0.08823529411764706,0,3,0,1.8262452584026092,0.4454956877941549,0,0,0,4,8,1
57,17,32,2,0,0,0.0,0,1,0,1.823067982273661,0.5657076506058913,0,0,0,4,4,0
99,30,61,4,7,10,0.10101010101010101,0,2,0,1.7779849042597489,0.4643443035553762,0,0,0,5,9,0
42,13,22,3,1,0,0.0,0,1,0,1.617189572592715,0.3050462438511581,0,0,0,6,4,1
34,11,15,1,0,0,0.0,0,0,0,1.3709505944546687,0.5289828759599693,0,0,0,3,3,0
34,16,10,2,0,0,0.0,0,1,0,1.4591479170272448,0.6566951968745117,0,0,0,3,5,0
54,11,36,2,0,2,0.037037037037037035,0,0,0,1.657742726504889,0.5950751313948958,1,0,0,5,4,1
25,16,1,2,0,0,0.0,0,1,0,1.4591479170272448,0.8988502640308981,0,0,0,3,2,0
20,12,1,2,0,0,0.0,0,1,0,1.4591479170272448,0.9919744096079799,0,0,0,3,3,1
76,20,49,3,1,0,0.0,0,1,0,1.4885252948977485,0.25237333868350376,0,0,0,8,9,1
80,29,43,2,0,20,0.25,0,1,0,1.657742726504889,0.9588326260752945,0,0,0,5,11,1
45,16,21,2,0,0,0.0,0,1,0,1.75,0.509442437641207,0,0,0,4,7,0
476,13,10,24,0,40,0.08403361344537816,1,0,1,2.7634207607712957,1.0503354221717096,3,1,0,4,0,1
150,34,99,2,2,5,0.03333333333333333,0,1,0,2.502598068247261,0.44370226774222404,0,1,0,7,10,1
59,16,35,2,0,0,0.0,0,1,0,1.8464393446710154,0.45299840360408117,0,0,0,4,7,0
35,26,1,2,1,0,0.0,0,1,0,1.8423709931771084,0.6114164086173421,0,0,0,3,10,1
29,16,5,1,0,0,0.0,0,0,0,1.3709505944546687,0.5336772340999597,0,0,0,3,4,1
42,10,25,3,3,3,0.07142857142857142,0,1,0,1.8954618442383218,0.5960015378371294,0,0,0,3,2,0
57,16,33,2,1,0,0.0,0,1,0,2.0588138903312014,0.6295691655995215,0,0,0,4,7,0
31,23,1,2,0,0,0.0,0,1,0,1.4591479170272448,0.5795339818221156,0,0,0,3,6,0
42,33,1,2,0,0,0.0,0,1,0,1.4591479170272448,0.5667939866104456,0,0,0,3,11,1
56,30,19,2,2,2,0.03571428571428571,0,1,0,1.8365916681089791,0.453271134212383,0,0,0,4,8,1
96,16,73,2,4,0,0.0,0,1,0,1.875,0.3351532849572858,0,0,0,8,3,1
66,44,15,2,0,9,0.13636363636363635,0,1,0,1.3787834934861753,0.6347110866168555,0,0,0,4,11,1
75,19,48,3,6,4,0.05333333333333334,0,1,0,2.1055872616982603,0.5102529148418955,0,0,0,3,7,0
30,16,6,1,0,2,0.06666666666666667,0,0,0,2.0,1.7567434200726035,0,0,0,4,5,1
31,17,7,2,0,0,0.0,0,1,0,1.4591479170272448,0.5845771657011205,0,0,0,3,3,0
41,14,10,4,0,11,0.2682926829268293,1,0,1,2.251629167387823,2.1722603533010694,1,0,0,4,0,1
35,27,1,2,1,1,0.02857142857142857,0,1,0,1.8423709931771084,0.5328786912829799,0,0,0,3,8,1
37,28,1,2,0,4,0.10810810810810811,0,1,0,1.4591479170272448,0.7399752579936327,0,0,0,3,8,1
31,22,1,3,0,0,0.0,0,2,0,1.4488156357251847,0.41164573243947616,0,0,0,3,7,0
52,16,28,2,0,0,0.0,0,1,0,2.3685225277282065,0.7357222024791297,0,0,0,4,7,0
24,15,1,2,0,0,0.0,0,1,0,1.4591479170272448,0.7467307777420616,0,0,0,3,3,0
59,21,31,4,0,4,0.06779661016949153,0,2,0,1.6767370300521325,0.49190599859904405,0,0,0,5,7,0
43,26,10,2,0,1,0.023255813953488372,0,1,0,1.75,0.6782324165391933,0,0,0,4,9,0
26,15,3,3,0,0,0.0,0,2,0,1.4488156357251847,0.9223005692380651,0,0,0,3,2,0
65,10,48,2,1,3,0.046153846153846156,0,0,0,1.4182958340544896,0.46349015510924757,0,0,0,8,0,1
63,17,39,2,4,0,0.0,0,1,0,1.7841591278514217,0.30969598414453625,0,0,0,5,6,0
22,13,1,2,0,0,0.0,0,1,0,1.4591479170272448,0.7684045779165759,0,0,0,3,6,0
177,21,23,7,1,43,0.24293785310734464,0,1,0,2.6639576111367096,0.8872873563953128,1,0,0,5,5,1
62,17,38,2,5,1,0.016129032258064516,0,1,0,1.760495029766198,0.3657642116777146,0,0,0,5,6,0
32,20,5,2,0,1,0.03125,0,1,0,1.3787834934861753,0.5143824720360669,0,0,0,4,6,1
19,11,1,2,0,0,0.0,0,1,0,1.4591479170272448,0.9299077964783559,0,0,0,3,2,0
63,23,1,2,0,9,0.14285714285714285,0,1,0,2.1556390622295662,0.5583108124453634,0,0,0,3,5,0
62,11,43,3,3,0,0.0,0,1,0,1.867633890971212,0.2972015209449206,0,0,0,4,2,0
65,22,36,3,2,0,0.0,0,1,0,2.054585169337799,0.3842110033573351,0,0,0,5,6,0
29,20,1,2,0,0,0.0,0,1,0,1.4591479170272448,0.6955985505351349,0,0,0,3,3,0
75,27,41,3,0,19,0.25333333333333335,0,1,0,1.4056390622295665,0.9636273891238125,0,0,0,4,9,1
162,23,117,1,12,37,0.22839506172839505,0,0,0,1.9312270963291167,0.8659496029407878,0,0,0,10,7,1
40,15,18,2,2,0,0.0,0,1,0,1.8365916681089791,0.4885372182823475,0,0,0,4,2,0
68,18,43,1,0,7,0.10294117647058823,0,0,0,1.573402452417767,0.629303312052418,0,1,0,7,8,1
77,16,54,3,0,0,0.0,0,1,0,1.0949143184120975,0.6303896077446614,0,0,0,10,4,1
120,17,96,2,1,7,0.058333333333333334,0,1,0,1.8751310486364092,0.5934216258291077,0,0,0,5,4,0
48,34,7,3,2,9,0.1875,0,2,0,1.8910611120726526,0.8134960665063169,0,0,0,3,6,1
94,20,67,4,10,7,0.07446808510638298,0,1,0,1.6158045319402516,0.4447237874908561,0,0,0,3,5,0
67,14,34,2,0,13,0.19402985074626866,0,1,0,2.0588138903312014,1.0650258351113924,0,0,0,4,3,1
66,20,39,2,0,0,0.0,0,0,0,1.224394445405986,0.3798265225153725,0,0,0,6,5,1
32,25,0,2,0,0,0.0,0,1,0,1.5219280948873621,0.7102447858360306,0,0,0,2,7,0
70,20,43,3,0,0,0.0,0,1,0,1.6854752972273344,0.4039777805781526,0,0,0,5,9,1
42,16,18,2,0,0,0.0,0,1,0,1.75,0.5700663964725916,0,0,0,4,7,0
109,20,82,3,1,21,0.1926605504587156,0,1,0,1.4299111709758698,0.6001123508683854,1,1,0,9,5,1
54,11,35,2,0,11,0.2037037037037037,0,1,0,1.3787834934861753,1.1671221335956616,0,0,0,4,3,1
27,9,11,2,0,8,0.2962962962962963,0,1,0,1.4591479170272448,2.1845342038966247,0,0,0,3,2,1
31,22,1,2,1,0,0.0,0,1,0,1.8423709931771084,0.49943326791481174,0,0,0,3,7,0
34,25,1,2,1,0,0.0,0,1,0,1.8423709931771084,0.6964294495566866,0,0,0,3,7,1
113,15,76,2,1,10,0.08849557522123894,0,1,0,2.260820318171659,0.47413041250542076,0,0,0,7,5,1
32,19,6,2,0,0,0.0,0,1,0,1.3787834934861753,0.5383023498852247,0,0,0,4,6,0
52,17,28,2,1,0,0.0,0,1,0,1.657742726504889,0.41697203270699573,0,0,0,5,5,0
49,31,10,4,0,10,0.20408163265306123,0,3,0,1.4056390622295665,1.1244040312604182,0,0,0,3,6,1
41,34,0,2,0,0,0.0,0,1,0,1.5219280948873621,0.5432723173747529,0,0,0,2,12,1
45,19,19,2,0,0,0.0,0,1,0,1.3787834934861753,0.7674533331698481,0,0,0,4,6,0
43,24,12,3,0,4,0.09302325581395349,0,1,0,1.4488156357251847,0.8244656542616982,0,0,0,3,6,1
40,23,10,3,1,3,0.075,0,1,0,1.811278124459133,0.631361699550137,1,0,0,3,5,1
37,25,4,2,0,8,0.21621621621621623,0,1,0,1.4591479170272448,1.31026091012012,0,0,0,3,6,1
47,15,25,2,3,2,0.0425531914893617,0,1,0,1.8464393446710154,0.549752222125176,0,0,0,4,3,0
34,17,10,2,1,0,0.0,0,1,0,1.75,0.8540470844719257,0,0,0,4,5,0
115,29,79,2,2,11,0.09565217391304348,0,1,0,1.6737949406953985,0.3655553517208538,2,0,0,10,8,1
64,26,1,3,0,0,0.0,0,1,1,2.3709505944546687,1.0887892690255663,0,0,0,3,9,1
54,26,21,5,0,2,0.037037037037037035,0,3,0,1.3516441151533924,0.5073214221037963,0,0,0,3,3,1
23,16,0,2,0,0,0.0,0,1,0,1.5219280948873621,0.9762328922143214,0,0,0,2,3,1
36,11,18,2,1,7,0.19444444444444445,0,1,0,1.657742726504889,0.7929451980860498,0,0,0,5,2,1
52,35,10,3,3,5,0.09615384615384616,0,1,0,1.8954618442383218,0.4853415626563065,1,0,0,3,9,1
23,16,0,2,0,0,0.0,0,1,0,1.5219280948873621,0.8483996833978606,0,0,0,2,4,1
56,22,27,3,0,0,0.0,0,1,0,1.3516441151533924,0.42924064442154297,0,0,0,5,7,0
73,39,27,5,2,4,0.0547945205479452,0,3,1,2.038159681645953,0.8643001122148566,0,0,0,4,9,1
30,15,8,2,0,1,0.03333333333333333,0,0,0,1.4591479170272448,0.5707021407863526,0,0,0,3,5,1
44,15,22,3,0,0,0.0,0,1,0,1.7527152789797047,0.49669419835196404,0,0,0,4,5,1
48,17,24,3,0,0,0.0,0,1,0,1.6854752972273344,0.44092660578606774,0,0,0,5,6,0
33,19,7,2,0,0,0.0,0,0,0,1.4591479170272448,0.643969198261331,0,0,0,3,8,1
81,27,47,2,0,20,0.24691358024691357,0,1,0,1.2987949406953985,0.9265553674285749,0,0,0,5,8,1
33,16,10,2,0,0,0.0,0,1,0,1.3787834934861753,0.5256774973595427,0,0,0,4,5,1
42,18,16,4,0,0,0.0,0,2,0,1.4056390622295665,0.5054072236109877,0,0,0,3,5,0
57,20,30,3,2,0,0.0,0,1,0,1.8464393446710154,0.3690470634203477,0,1,0,4,8,1
23,14,1,1,1,0,0.0,0,0,0,1.792481250360578,0.9222865087627022,0,0,0,3,4,1
37,6,6,1,0,1,0.02702702702702703,0,0,0,2.128085278891394,1.087343633123144,0,0,0,3,1,1
45,22,15,1,1,1,0.022222222222222223,0,0,0,1.6644977792004612,0.4690512350919404,0,0,0,4,6,1
39,14,17,2,2,0,0.0,0,1,0,1.9056390622295665,0.5307451898006584,0,0,0,3,5,0
130,29,84,2,1,3,0.023076923076923078,0,1,0,2.4387439204017474,0.5100640325218778,0,0,0,7,9,1
96,20,69,2,8,45,0.46875,0,1,0,1.6493974703476992,1.8839111416659042,0,0,0,5,6,1
17,8,1,1,0,0,0.0,0,0,0,1.3709505944546687,1.1998126818088275,0,0,0,3,2,0
75,66,1,4,2,41,0.5466666666666666,0,3,0,1.8464393446710154,2.2618290828477776,0,0,0,3,5,1
41,32,1,2,1,0,0.0,0,1,0,1.8423709931771084,0.45347016854073935,0,0,0,3,13,1
17,10,0,1,0,0,0.0,0,0,0,1.5,1.1465188289541663,0,0,0,2,3,0
52,15,30,4,1,1,0.019230769230769232,0,2,0,1.6767370300521325,0.4669734138198083,0,0,0,5,4,1
38,13,18,2,0,0,0.0,0,1,0,1.3787834934861753,0.4946496517784569,0,0,0,4,4,0
46,19,20,3,0,0,0.0,0,1,0,1.4488156357251847,0.33204397512264533,0,0,0,3,5,0
70,37,26,3,1,0,0.0,0,1,0,1.6854752972273344,0.35880258702230794,4,0,0,5,12,1
106,24,74,2,12,6,0.05660377358490566,0,1,0,1.457424881409171,0.43940694956785414,0,0,0,4,7,0
22,11,4,2,0,1,0.045454545454545456,0,1,0,1.4591479170272448,1.053473832637266,0,0,0,3,1,0
27,14,5,2,0,0,0.0,0,1,0,1.4591479170272448,0.6838689185676704,0,0,0,3,4,0
209,24,169,4,12,35,0.1674641148325359,0,1,0,1.9531937207300722,0.49101400795567574,1,0,0,10,7,1
32,24,1,2,0,0,0.0,0,1,0,1.4591479170272448,0.6030725882158056,0,0,0,3,7,0
50,9,33,2,0,0,0.0,0,0,0,1.4911148500551856,0.7836184963416584,0,0,0,7,1,1
27,19,1,2,0,0,0.0,0,1,0,1.4591479170272448,0.6005637383161226,0,0,0,3,5,0
35,27,1,1,0,0,0.0,0,0,0,1.3709505944546687,0.548872412486357,0,0,0,3,9,1
63,22,34,1,2,0,0.0,0,0,0,1.4911148500551856,0.4386048314855198,1,0,0,7,7,1
24,16,1,2,0,0,0.0,0,1,0,1.4591479170272448,0.8770840552232259,0,0,0,3,4,0
68,42,19,4,0,9,0.1323529411764706,0,3,0,1.3921472236645345,0.6648826553349035,2,2,0,4,15,1
46,17,22,1,2,0,0.0,0,0,0,1.75,0.5732183578938485,0,0,0,4,6,1
25,16,1,2,0,0,0.0,0,1,0,1.4591479170272448,0.8626289063185847,0,0,0,3,1,0
17,10,0,2,0,0,0.0,0,1,0,1.5219280948873621,1.1036137513509527,0,0,0,2,1,0
60,26,27,2,1,5,0.08333333333333333,0,1,0,1.5709505944546687,0.47831717143794356,1,0,0,6,6,1
26,17,1,2,0,0,0.0,0,1,0,1.4591479170272448,0.5106660885895712,0,0,0,3,5,0
61,20,34,2,0,27,0.4426229508196721,0,1,0,1.3787834934861753,1.6960878178714067,0,0,0,4,6,1
21,14,0,1,0,0,0.0,0,0,0,1.5,0.9746464584766579,0,0,0,2,6,0
46,20,10,3,0,5,0.10869565217391304,0,1,0,2.113283334294875,0.6567043777256805,0,0,0,3,5,1
188,11,5,1,4,49,0.26063829787234044,0,0,0,3.2202880337396325,2.2165915785926713,0,0,0,3,4,1
27,19,1,2,0,0,0.0,0,1,0,1.4591479170272448,0.6209676377600453,0,0,0,3,5,0
42,16,19,3,2,0,0.0,0,1,0,1.8910611120726526,0.4841668369317857,0,0,0,3,3,0
63,10,46,2,0,0,0.0,0,0,0,1.4911148500551856,0.4626744911689286,0,0,0,7,5,1
56,18,31,1,1,0,0.0,0,0,0,1.3567796494470397,0.24442567707166957,0,0,0,7,7,1
97,16,74,2,0,0,0.0,0,1,0,2.3745560483818835,0.4970853642153355,0,0,0,6,4,0
39,16,16,1,0,0,0.0,0,0,0,1.2516291673878228,0.6102984558400959,0,0,0,4,7,0
62,29,26,5,0,7,0.11290322580645161,0,3,1,1.6854752972273344,1.2751802095781093,0,0,0,3,6,1
80,72,1,2,2,0,0.0,0,1,0,1.9056390622295665,0.6177644433712429,0,0,0,3,26,1
22,13,1,2,0,0,0.0,0,1,0,1.4591479170272448,0.7270651125592076,0,0,0,3,3,0
107,16,84,2,9,0,0.0,0,1,0,1.5919171866886992,0.28723832254284265,0,0,0,4,5,0
38,30,1,2,0,0,0.0,0,1,0,1.4591479170272448,0.5633165112194005,0,0,0,3,9,0
56,24,25,3,1,0,0.0,0,1,0,1.7527152789797047,0.34308931849727514,0,0,0,4,6,0
93,22,37,5,1,2,0.021505376344086023,0,1,1,2.492203107205413,0.7705025758252196,0,0,0,6,7,1
71,21,42,2,4,0,0.0,0,1,0,1.7841591278514217,0.26998485594773164,0,0,0,5,5,0
34,26,1,2,0,0,0.0,0,1,0,1.4591479170272448,0.7011449430721332,0,0,0,3,6,0
20,11,1,2,0,0,0.0,0,1,0,1.4591479170272448,1.069984469383894,0,0,0,3,3,0
58,17,34,3,0,1,0.017241379310344827,0,1,0,1.9717472571281809,0.4252455219013402,0,0,0,5,5,0
69,14,48,3,0,0,0.0,0,1,0,1.2406705316766884,0.37775431826865025,0,0,0,7,3,0
32,15,9,2,0,0,0.0,0,1,0,1.4591479170272448,0.6137882855021959,0,0,0,3,6,0
56,15,33,3,1,1,0.017857142857142856,0,1,0,1.9717472571281809,0.387940151334174,0,0,0,5,5,0
44,22,15,2,0,0,0.0,0,1,0,1.2987949406953985,0.4271958381960565,0,0,0,5,7,0
43,14,22,2,0,0,0.0,0,1,0,1.8365916681089791,0.6151267736962883,0,0,0,4,3,0
30,22,1,2,1,0,0.0,0,1,0,1.8423709931771084,0.7638427932748948,0,0,0,3,6,0
102,27,58,2,1,12,0.11764705882352941,0,1,0,2.217021885879718,0.5958147012845486,0,0,0,6,8,1
46,14,25,1,0,0,0.0,0,0,0,1.1488348542809166,0.6351498002331339,0,0,0,5,6,1
22,14,1,2,0,1,0.045454545454545456,0,1,0,1.4591479170272448,0.8760007913400781,0,0,0,3,2,0
24,15,1,3,0,0,0.0,0,2,0,1.4488156357251847,0.6106622025524163,0,0,0,3,4,0
33,15,10,2,0,0,0.0,0,1,0,1.3787834934861753,0.4928812828992561,0,0,0,4,5,0
36,16,12,2,0,0,0.0,0,1,0,1.3787834934861753,0.48711377274236944,0,0,0,4,5,0
32,24,1,4,0,0,0.0,0,3,0,1.4056390622295665,1.0319670557485048,0,0,0,3,7,1
31,23,1,2,0,0,0.0,0,1,0,1.4591479170272448,0.48955786884538854,0,0,0,3,7,0
59,20,21,3,0,0,0.0,0,1,0,1.9717472571281809,0.5702481301308813,0,0,0,5,6,0
58,21,30,2,0,0,0.0,0,1,0,1.8910611120726526,0.42649250460343346,0,0,0,3,7,0
54,21,26,3,1,0,0.0,0,1,0,1.7527152789797047,0.3096742643322048,0,0,0,4,4,0
57,38,12,5,2,9,0.15789473684210525,0,3,0,1.789929075309999,0.8394643222893295,0,0,0,3,8,1
34,25,1,2,0,0,0.0,0,1,0,1.4591479170272448,0.42520598716604835,0,0,0,3,8,1
23,13,3,2,0,0,0.0,0,1,0,1.4591479170272448,0.9515418802824016,0,0,0,3,4,1
60,15,37,1,0,0,0.0,0,0,0,0.9219280948873623,0.37144413183205083,0,0,0,8,5,1
79,32,40,2,6,0,0.0,0,1,0,1.7381493331928664,0.5189872055053838,0,0,0,4,10,0
64,29,28,3,4,0,0.0,0,1,0,1.867633890971212,0.44300714920100753,0,0,0,3,8,0
15,4,4,1,0,1,0.06666666666666667,0,0,0,1.3709505944546687,1.5106617731619907,0,0,0,3,0,1
37,29,1,2,2,0,0.0,0,1,0,1.9056390622295665,0.4672314052560968,0,0,0,3,9,1
98,24,45,8,0,14,0.14285714285714285,0,2,1,1.7735572622751854,1.0191755788807033,0,0,0,4,9,1
60,16,36,2,0,0,0.0,0,1,0,1.8464393446710154,0.4304749554992403,0,0,0,4,7,0
87,13,67,5,0,2,0.022988505747126436,0,0,0,1.2957378005380122,0.3150502414638875,0,0,0,7,3,1
28,16,4,2,0,1,0.03571428571428571,0,1,0,1.4591479170272448,0.7226335854884252,0,0,0,3,5,0
33,13,12,1,1,0,0.0,0,0,0,1.6644977792004612,0.35997339909605885,0,0,0,4,5,1
44,12,24,4,0,0,0.0,0,1,0,1.360964047443681,0.7458800886240594,0,0,0,5,2,1
32,22,3,2,0,0,0.0,0,1,0,1.4591479170272448,0.35541935075707565,0,0,0,3,6,1
61,16,37,2,4,6,0.09836065573770492,0,1,0,1.8464393446710154,0.41514079262859915,0,0,0,3,5,0
48,27,14,2,1,0,0.0,0,1,0,1.8423709931771084,0.45243331455772656,0,0,0,3,9,0
22,13,1,2,0,3,0.13636363636363635,0,1,0,1.4591479170272448,1.6597126177138248,0,0,0,3,1,1
56,18,31,2,3,0,0.0,0,1,0,1.789929075309999,0.2925296012423759,0,0,0,5,3,0
22,14,1,2,0,0,0.0,0,1,0,1.4591479170272448,0.8029775675815479,0,0,0,3,4,0
27,19,1,2,0,0,0.0,0,1,0,1.4591479170272448,0.6787830052947067,0,0,0,3,6,0
70,10,47,3,0,3,0.04285714285714286,0,1,0,1.7534343861887849,0.44052912061329247,0,0,0,8,0,1
55,19,28,1,3,0,0.0,0,0,0,1.7527152789797047,0.40645041312323366,0,0,0,4,6,0
54,15,19,3,0,0,0.0,0,1,0,1.9717472571281809,0.5101143539289256,0,0,0,5,5,1
65,20,37,3,1,6,0.09230769230769231,0,1,0,1.5510981710072647,0.2641662140643257,0,0,0,7,6,0
19,12,0,1,0,0,0.0,0,0,0,1.5,1.4189413896404302,0,0,0,2,4,0
19,10,1,2,0,0,0.0,0,1,0,1.4591479170272448,0.9501489328333864,0,0,0,3,2,0
132,16,24,3,0,6,0.045454545454545456,0,1,0,2.353533948577482,0.6523379935569474,0,0,0,4,5,1
24,15,1,2,0,1,0.041666666666666664,0,1,0,1.4591479170272448,0.8409752911924468,0,0,0,3,3,0
19,6,6,1,0,1,0.05263157894736842,0,0,0,1.3709505944546687,1.1327726366751498,0,0,0,3,2,1
37,28,1,2,0,4,0.10810810810810811,0,1,0,1.4591479170272448,0.6265367240066368,0,0,0,3,8,1
44,18,19,3,0,3,0.06818181818181818,0,1,0,1.811278124459133,0.398070668311483,0,0,0,3,4,0
31,23,1,2,0,0,0.0,0,1,0,1.4591479170272448,0.5555746434461251,0,0,0,3,5,0
58,11,40,3,1,0,0.0,0,0,0,1.617189572592715,0.38211782217671275,1,0,0,6,3,1
26,18,1,2,0,4,0.15384615384615385,0,1,0,1.4591479170272448,1.1980049030800306,0,0,0,3,4,0
238,14,217,15,2,3,0.012605042016806723,0,1,0,1.4245725674587824,0.20856602789299283,5,0,0,23,6,1
51,16,27,2,0,0,0.0,0,1,0,1.8464393446710154,0.550701446276366,0,0,0,4,7,0
62,11,44,2,4,0,0.0,0,1,0,1.875,0.4543022503861996,0,0,0,8,3,1
30,23,0,2,0,1,0.03333333333333333,0,1,0,1.5219280948873621,0.7467309198664653,0,0,0,2,6,1
34,15,12,2,0,1,0.029411764705882353,0,1,0,1.3787834934861753,0.5699044992679265,0,0,0,4,3,1
57,21,29,2,1,10,0.17543859649122806,0,1,0,2.0588138903312014,0.958227409104212,0,0,0,4,7,1
477,14,10,24,0,41,0.0859538784067086,1,0,1,2.7634207607712957,1.0542454374129315,3,1,0,4,0,1
58,26,25,3,1,0,0.0,0,1,0,1.811278124459133,0.3152954494874994,0,0,0,3,8,0
30,21,1,2,1,0,0.0,0,1,0,1.8423709931771084,0.6089775223452775,0,0,0,3,5,0
164,21,57,3,1,22,0.13414634146341464,0,1,1,2.808694969562842,0.9472607209130355,2,0,0,6,6,1
57,21,29,2,1,10,0.17543859649122806,0,1,0,2.0588138903312014,0.8992995353841022,0,0,0,4,8,1
28,20,1,2,0,0,0.0,0,1,0,1.4591479170272448,0.4354681406294469,0,0,0,3,5,0
64,36,21,2,0,0,0.0,0,0,0,1.2987949406953985,0.3587637425569746,0,0,0,5,15,1
57,21,29,2,0,4,0.07017543859649122,0,0,0,2.1258145836939115,0.6460129471958115,1,0,0,6,9,1
28,20,1,2,0,0,0.0,0,1,0,1.4591479170272448,0.817265725303573,0,0,0,3,8,0
40,31,1,2,1,0,0.0,0,1,0,1.8423709931771084,0.5475310675817492,0,2,0,3,11,1
126,50,20,4,1,28,0.2222222222222222,0,3,0,2.7550576199383077,0.9499808536296234,3,2,0,5,17,1
26,17,1,2,0,0,0.0,0,1,0,1.4591479170272448,0.6767902495977132,0,0,0,3,2,0
52,43,1,4,3,9,0.17307692307692307,0,3,0,1.867633890971212,0.9352262085939478,0,0,0,3,8,1
111,17,61,3,1,0,0.0,0,0,1,2.129567987418323,0.5575750628948694,0,0,0,9,7,1
56,26,23,3,0,3,0.05357142857142857,0,1,0,1.4056390622295665,0.48162023257426506,0,0,0,4,6,1
35,18,10,3,0,1,0.02857142857142857,0,1,0,1.4488156357251847,0.7578434862697858,0,0,0,3,5,0
40,19,14,2,1,0,0.0,0,0,0,1.75,0.4912147958179489,1,0,0,4,5,1
72,15,19,4,0,0,0.0,0,1,0,2.4662478973127313,0.5247538240846643,0,0,0,5,5,0
35,15,12,3,0,0,0.0,0,1,0,1.4488156357251847,0.665354394367712,0,0,0,3,3,0
72,9,56,1,0,21,0.2916666666666667,0,0,0,1.1488348542809166,1.3343611154532367,0,0,0,5,3,1
87,16,64,2,0,7,0.08045977011494253,0,1,0,1.7841591278514217,0.6235322022356532,0,0,0,4,7,0
39,16,15,2,0,0,0.0,0,1,0,1.3787834934861753,0.6262021002447489,0,0,0,4,6,1
22,14,1,2,0,0,0.0,0,1,0,1.4591479170272448,0.8705655673280953,0,0,0,3,3,0
58,22,29,3,0,0,0.0,0,1,0,1.7527152789797047,0.37550629437003646,0,0,0,4,7,0
72,23,42,2,0,14,0.19444444444444445,0,1,0,0.9912642605354288,0.6938127712635833,0,0,0,10,6,1
33,24,1,2,1,0,0.0,0,1,0,1.8423709931771084,0.8706230017203034,0,0,0,3,8,0
41,15,18,2,1,0,0.0,0,1,0,1.657742726504889,0.3111414846062085,0,0,0,5,3,0
87,22,29,2,3,0,0.0,0,0,1,2.349601752714581,0.6521713103715884,0,0,0,7,6,1
24,16,1,2,1,0,0.0,0,1,0,1.8423709931771084,0.8439989940792598,0,0,0,3,4,1
141,34,90,2,2,5,0.03546099290780142,0,1,0,2.5016094970590275,0.29127147418490645,0,0,0,7,12,1
48,15,25,2,1,0,0.0,0,1,0,1.75,0.351534950144122,0,1,0,4,5,1
24,15,1,2,0,0,0.0,0,1,0,1.4591479170272448,0.8520991986020136,0,0,0,3,5,0
56,48,1,2,4,4,0.07142857142857142,0,1,0,1.8464393446710154,0.43734841223579346,0,0,0,3,14,1
68,37,24,4,0,0,0.0,0,3,0,1.360964047443681,0.38579305206564457,0,0,0,5,14,1
59,33,19,2,2,2,0.03389830508474576,0,1,0,1.8365916681089791,0.45117293208868153,0,0,0,4,9,1
84,12,65,2,1,0,0.0,0,0,0,1.856564762130954,0.3491021445746704,0,0,0,8,5,1
63,18,38,2,3,5,0.07936507936507936,0,1,0,1.6691803368667308,0.6031787867573957,0,0,0,7,4,0
53,16,30,3,3,0,0.0,0,1,0,1.8954618442383218,0.33030303348451934,0,0,0,3,5,0
29,17,4,2,0,0,0.0,0,1,0,1.3787834934861753,0.3399001042862784,0,0,0,4,5,0
13,6,0,1,0,0,0.0,0,0,0,1.5,1.12554037830672,0,0,0,2,3,0
42,13,21,1,0,10,0.23809523809523808,0,0,0,1.061278124459133,1.3167316392338593,0,0,0,6,5,0
44,16,20,2,0,0,0.0,0,1,0,1.3787834934861753,0.4447225732982602,0,0,0,4,7,0
66,13,46,2,4,0,0.0,0,1,0,1.7381493331928664,0.3078902257776729,0,0,0,6,3,0
76,20,48,2,4,0,0.0,0,1,0,1.823067982273661,0.29927258721248284,0,0,0,4,6,0
25,18,0,2,0,0,0.0,0,1,0,1.5219280948873621,0.6730584326671338,0,0,0,2,6,0
60,24,29,2,1,2,0.03333333333333333,0,1,0,1.9609640474436811,0.40920090971398704,0,0,0,5,8,0
50,15,28,2,3,0,0.0,0,1,0,1.8910611120726526,0.4122789351496851,0,0,0,3,4,0
92,17,10,3,0,13,0.14130434782608695,0,1,0,2.8423709931771084,1.1458890793336618,0,0,0,3,7,1
69,61,1,4,0,5,0.07246376811594203,0,3,0,1.4056390622295665,0.6575347129424535,0,0,0,3,16,1
55,14,33,2,0,0,0.0,0,0,0,1.224394445405986,0.4204237484802453,0,0,0,6,5,1
30,21,1,1,1,0,0.0,0,0,0,1.792481250360578,0.4465913187141236,1,0,0,3,8,1
48,17,24,3,0,0,0.0,0,1,0,1.3516441151533924,0.31488174990661255,0,0,0,5,4,0
113,23,29,3,0,9,0.07964601769911504,0,1,0,2.221251836004466,0.6735715744944427,0,0,0,5,8,1
67,24,36,3,0,0,0.0,0,1,0,1.6854752972273344,0.3163867396498419,2,0,0,5,7,1
30,22,1,2,1,0,0.0,0,1,0,1.8423709931771084,0.7189112113526247,0,0,0,3,5,1
39,25,7,2,0,0,0.0,0,1,0,1.3787834934861753,0.4630617201833843,0,0,0,4,8,1
31,22,1,3,0,0,0.0,0,2,0,1.4488156357251847,0.43932314172906334,0,0,0,3,8,0
99,17,74,2,2,0,0.0,0,1,0,1.6858157091530304,0.45238361647834635,0,0,0,6,6,0
64,15,42,2,0,0,0.0,0,1,0,1.6893917467430877,0.6759634758860091,0,0,0,4,3,0
122,18,96,2,0,6,0.04918032786885246,0,1,0,1.4534909080039502,0.8770543279906515,0,0,0,5,5,0
82,20,55,3,0,3,0.036585365853658534,0,2,0,1.610577243331642,0.40840800602547167,0,0,0,8,8,0
30,21,1,2,1,7,0.23333333333333334,0,1,0,1.8423709931771084,1.2433530383207068,0,0,0,3,3,1
43,21,15,2,0,0,0.0,0,0,0,1.3787834934861753,0.6694042260343245,0,0,0,4,7,1
35,16,11,2,0,0,0.0,0,1,0,1.3787834934861753,0.57516394018036,0,0,0,4,5,0
100,24,69,3,1,11,0.11,0,1,0,1.968873874720721,0.45315196491404863,0,0,0,7,8,0
40,33,0,2,4,1,0.025,0,1,0,1.8365916681089791,0.6198174498827983,0,0,0,2,10,0
25,12,5,1,0,0,0.0,0,0,0,1.3709505944546687,0.5226108534880881,0,0,0,3,5,1
52,24,11,3,1,6,0.11538461538461539,0,1,0,2.3709505944546687,0.683452171560677,0,0,0,3,7,0
53,28,18,5,1,9,0.16981132075471697,0,3,0,1.6767370300521325,0.9570834323357503,0,0,0,4,4,1
48,19,22,2,0,1,0.020833333333333332,0,1,0,1.224394445405986,0.5416698194083553,0,0,0,6,4,1
43,16,19,2,0,9,0.20930232558139536,0,1,0,1.2987949406953985,0.9124095677306897,0,0,0,5,6,0
57,19,31,3,2,0,0.0,0,1,0,1.8464393446710154,0.44511659819105037,0,0,0,4,6,0
76,50,19,4,1,10,0.13157894736842105,0,3,0,1.721928094887362,0.6869759696296401,2,2,0,4,17,1
170,17,123,5,3,8,0.047058823529411764,0,1,0,2.02092060716391,0.26637670018083,1,0,0,14,7,1
24,15,1,2,0,0,0.0,0,1,0,1.4591479170272448,0.831329524208922,0,0,0,3,3,0
59,25,27,3,0,0,0.0,0,1,0,1.7527152789797047,0.42364692181122104,0,0,0,4,6,0
56,21,28,2,0,0,0.0,0,1,0,1.224394445405986,0.3951881513205928,0,0,0,6,5,1
48,30,11,2,0,0,0.0,0,1,0,1.3787834934861753,0.35367479899003784,0,0,0,4,11,1
17,8,1,1,0,0,0.0,0,0,0,1.3709505944546687,0.9167607788491525,0,0,0,3,2,0
78,12,24,4,0,10,0.1282051282051282,1,0,0,2.5941178916311856,1.0587796154653346,1,0,0,5,0,1
28,19,1,2,1,0,0.0,0,1,0,1.8423709931771084,0.5281772021640142,0,0,0,3,6,1
64,18,39,2,1,0,0.0,0,1,0,1.4911148500551856,0.3808316152882,0,0,0,7,5,1
85,21,56,2,1,0,0.0,0,1,0,1.626688849701832,0.3949784662222345,0,0,0,9,8,0
47,19,20,2,2,0,0.0,0,1,0,1.8365916681089791,0.3877766445472235,0,0,0,4,6,0
77,26,44,3,0,0,0.0,0,1,0,1.295461844238322,0.5302067744012413,0,0,0,6,11,1
34,17,10,3,0,0,0.0,0,1,0,1.4488156357251847,0.675353767059334,1,0,0,3,3,1
63,15,41,2,0,0,0.0,0,0,0,1.1567796494470395,0.5826280188967257,0,0,0,7,5,1
50,25,18,2,2,1,0.02,0,1,0,1.8365916681089791,0.5222830960225937,0,0,0,4,7,1
31,12,12,2,0,4,0.12903225806451613,0,1,0,1.3787834934861753,1.0896949018049003,0,0,0,4,3,0
69,40,22,4,1,0,0.0,0,2,0,1.6767370300521325,0.5625901204886179,0,0,0,5,15,1
202,16,68,1,4,36,0.1782178217821782,0,0,0,2.7527152789797045,0.7489950897640176,0,0,0,6,7,1
41,33,1,2,2,4,0.0975609756097561,0,1,0,1.9056390622295665,0.6709493693666605,0,0,0,3,8,1
26,18,1,2,0,0,0.0,0,1,0,1.4591479170272448,0.8312336841248528,0,0,0,3,4,0
63,24,31,2,3,0,0.0,0,1,0,1.8464393446710154,0.37900425349298783,0,0,0,4,8,0
41,16,17,2,0,0,0.0,0,1,0,1.75,0.6604967797195788,0,0,0,4,7,0
27,19,1,2,0,0,0.0,0,1,0,1.4591479170272448,0.544452053339442,0,2,0,3,6,1
59,25,27,4,0,0,0.0,0,2,0,1.3221793455166666,0.3200689118683384,1,0,0,6,9,1
235,22,40,4,0,100,0.425531914893617,0,1,0,2.708694969562842,1.6160012673751534,2,0,0,6,8,1
95,13,58,3,1,0,0.0,0,1,0,2.202819531114783,0.4098787195517755,2,0,0,8,5,1
30,22,1,2,0,0,0.0,0,1,0,1.4591479170272448,0.5494301330444947,0,0,0,3,7,0
43,15,21,3,0,5,0.11627906976744186,0,1,0,1.3516441151533924,0.8123032622036094,0,0,0,5,6,0
43,15,6,2,0,2,0.046511627906976744,0,1,0,2.4193819456463714,0.8453170217046363,0,0,0,3,5,0
82,11,63,1,7,11,0.13414634146341464,0,0,0,1.5435644431995963,0.5568142906852838,0,0,0,7,3,0
49,18,24,4,0,1,0.02040816326530612,0,2,0,1.360964047443681,0.8744084460821032,0,0,0,5,9,0
46,37,1,2,3,0,0.0,0,1,0,1.8910611120726526,0.5806987093839004,2,2,0,3,12,1
29,20,1,3,0,0,0.0,0,2,0,1.4488156357251847,0.7031888891004786,0,0,0,3,7,0
70,18,44,3,0,8,0.11428571428571428,0,1,0,1.617189572592715,0.682967322448516,0,0,0,6,6,0
27,19,1,2,0,0,0.0,0,1,0,1.4591479170272448,0.7707973636269346,0,0,0,3,6,0
23,15,1,2,0,0,0.0,0,1,0,1.4591479170272448,0.7618152621367165,0,0,0,3,2,0
28,19,1,2,0,0,0.0,0,1,0,1.4591479170272448,0.6730762008066236,0,0,0,3,4,0
126,50,19,4,1,17,0.1349206349206349,0,3,0,2.794653473544342,0.8590118019434082,3,2,0,4,17,1
96,21,67,3,6,7,0.07291666666666667,0,1,0,1.7884504573082896,0.4331657870886085,0,0,0,4,6,0
105,17,61,3,1,0,0.0,0,0,1,2.3908636968570445,0.6933803621213048,0,0,0,9,7,1
51,28,16,2,0,0,0.0,0,1,0,1.2987949406953985,0.4523505962334354,0,0,0,5,10,1
60,18,34,3,0,0,0.0,0,2,0,1.8464393446710154,0.4180543452636948,0,0,0,4,7,0
25,16,1,2,0,0,0.0,0,1,0,1.4591479170272448,0.7211451243739462,0,0,0,3,3,0
29,21,1,2,0,0,0.0,0,1,0,1.4591479170272448,0.6218135395289015,0,0,0,3,6,0
32,15,9,2,0,1,0.03125,0,1,0,1.3787834934861753,0.7083202292847364,0,0,0,4,5,0
70,13,25,2,3,0,0.0,0,0,1,2.349601752714581,0.7711864606761755,0,0,0,7,5,1
17,5,4,1,0,2,0.11764705882352941,0,0,0,1.3709505944546687,1.7821253587389836,0,0,0,3,1,1
77,7,63,1,7,9,0.11688311688311688,0,0,0,1.5435644431995963,0.6644015259952439,0,1,0,7,1,0
29,20,1,2,0,0,0.0,0,1,0,1.4591479170272448,0.6070297940656544,0,0,0,3,4,0
149,18,124,2,4,39,0.26174496644295303,0,1,0,1.177541568383448,3.0839781343776984,0,0,0,4,4,0
56,19,29,2,0,6,0.10714285714285714,0,1,0,1.224394445405986,0.4581161065927909,0,0,0,6,5,0
85,19,36,4,0,0,0.0,0,1,0,1.6767370300521325,0.6859435672475711,0,0,0,5,3,1
81,22,52,2,1,0,0.0,0,1,0,1.2916919971380596,0.31346758853807244,0,0,0,10,6,1
126,50,19,4,1,24,0.19047619047619047,0,3,0,2.794653473544342,0.9276908806491345,3,2,0,4,17,1
36,15,14,2,0,0,0.0,0,1,0,1.2987949406953985,0.4025794351843554,0,0,0,5,6,1
113,32,74,3,1,31,0.2743362831858407,0,1,0,1.896240625180289,1.0535292683834772,0,0,0,6,5,1
76,12,56,3,3,6,0.07894736842105263,0,1,0,1.8250112108241772,0.3213888163759936,0,0,0,5,3,0
32,24,1,2,0,0,0.0,0,1,0,1.4591479170272448,0.4600176657693395,0,0,0,3,9,1
56,18,30,3,0,0,0.0,0,2,0,1.8464393446710154,0.4863149986758109,0,0,0,4,7,0
53,40,6,4,2,0,0.0,0,3,0,1.8464393446710154,0.32913579691469574,1,2,0,3,14,1
36,28,1,2,0,0,0.0,0,1,0,1.4591479170272448,0.5305000121615926,0,0,0,3,9,0
74,27,40,2,4,0,0.0,0,1,0,1.823067982273661,0.32903001627773554,0,0,0,4,9,0
44,13,24,2,1,4,0.09090909090909091,0,1,0,1.9609640474436811,0.6561423621742045,0,0,0,5,4,0
22,13,1,2,0,0,0.0,0,1,0,1.4591479170272448,0.8852801204090599,0,0,0,3,3,0
552,22,9,3,16,94,0.17028985507246377,0,2,0,1.912113890972229,1.0168972618218164,0,0,0,4,6,1
44,35,1,2,0,0,0.0,0,1,0,1.4591479170272448,0.45900695171812406,0,0,0,3,14,0
129,54,20,5,1,11,0.08527131782945736,0,4,0,2.723219672335508,0.679417180718956,3,2,0,5,17,1
40,20,13,2,0,0,0.0,0,1,0,1.8423709931771084,0.35404377083159166,0,0,0,3,6,0
36,25,4,2,0,0,0.0,0,1,0,1.4591479170272448,0.410851578607033,0,0,0,3,8,0
219,12,33,3,1,85,0.3881278538812785,0,1,0,2.8709505944546687,1.7639633642074815,2,0,0,6,3,1
33,21,4,2,1,0,0.0,0,1,0,1.75,0.526710256005704,0,0,0,4,4,0
41,16,17,2,0,0,0.0,0,1,0,1.75,0.4453000771324486,0,0,0,4,7,0
96,14,75,2,1,20,0.20833333333333334,0,0,0,1.4182958340544896,0.6594593154401497,1,0,0,8,4,1
38,25,5,2,0,8,0.21052631578947367,0,1,0,1.3787834934861753,1.5176666319669674,0,0,0,4,6,1
42,17,17,2,0,0,0.0,0,1,0,1.3787834934861753,0.44586099093638065,0,0,0,4,6,0
283,17,6,3,8,81,0.2862190812720848,0,1,0,2.6237899102855944,1.339552377059476,0,0,0,3,7,1
21,6,7,1,1,0,0.0,0,0,0,1.792481250360578,0.8356153477459201,0,0,0,3,1,1
106,19,80,2,1,21,0.19811320754716982,0,1,0,1.3520301017579528,0.632271183757035,0,0,0,9,5,1
101,25,69,2,8,0,0.0,0,1,0,1.610577243331642,0.43158786786757347,0,0,0,3,8,1
39,25,7,2,0,0,0.0,0,1,0,1.4591479170272448,0.33281797013437076,0,0,0,3,8,0
22,13,1,2,0,2,0.09090909090909091,0,1,0,1.4591479170272448,1.0618476463430584,0,0,0,3,1,0
26,18,1,2,0,6,0.23076923076923078,0,1,0,1.4591479170272448,1.4582838590476361,0,0,0,3,2,1
36,28,1,2,0,1,0.027777777777777776,0,1,0,1.4591479170272448,0.7338836477270055,0,0,0,3,10,1
32,16,8,2,0,0,0.0,0,1,0,1.4591479170272448,0.49687521499480036,0,0,0,3,5,0
29,21,1,3,0,0,0.0,0,2,0,1.4488156357251847,0.8344790867184524,0,0,0,3,9,1
46,35,4,1,3,0,0.0,0,0,0,1.7527152789797047,0.48335767737087876,0,0,0,4,13,1
51,27,7,2,1,0,0.0,0,1,0,2.7516291673878226,1.8227302574952173,0,0,0,4,7,1
24,5,12,1,0,2,0.08333333333333333,0,0,0,1.3709505944546687,1.6234216242096662,0,0,0,3,0,1
33,26,0,2,0,1,0.030303030303030304,0,1,0,1.5219280948873621,0.6544487909359863,0,0,0,2,7,1
63,18,38,2,0,2,0.031746031746031744,0,0,0,1.9609640474436811,0.49450171029082973,2,1,0,5,5,1
14,7,0,1,0,0,0.0,0,0,0,1.5,1.2874649865600558,0,0,0,2,2,0
57,18,32,3,1,6,0.10526315789473684,0,1,0,1.6854752972273344,0.51351415919862,0,0,0,5,6,0
43,20,16,2,0,0,0.0,0,1,0,1.3787834934861753,0.4810466671794999,0,0,0,4,5,1
91,11,73,2,6,0,0.0,0,0,0,1.7273966735744792,0.37639153241337125,0,0,0,5,4,0
81,27,47,2,0,15,0.18518518518518517,0,1,0,1.2987949406953985,0.7086758230313538,0,0,0,5,8,1
55,9,39,5,0,0,0.0,0,0,0,1.5329145639793977,0.46965951060504135,0,0,0,8,4,1
85,17,61,2,1,0,0.0,0,0,0,1.2916919971380596,0.3455534776237256,1,0,0,10,7,1
39,20,12,2,0,0,0.0,0,0,0,1.3787834934861753,0.5504361957283267,0,0,0,4,7,1
48,16,25,2,0,0,0.0,0,0,0,1.2987949406953985,0.6530119618205459,0,0,0,5,6,1
77,15,55,2,0,39,0.5064935064935064,0,0,0,1.1567796494470395,2.115844628508103,0,0,0,7,5,1
45,14,24,3,1,0,0.0,0,1,0,1.6854752972273344,0.49862742776782204,0,0,0,5,1,0
70,19,44,3,4,0,0.0,0,2,0,1.8553885422075338,0.44224355349010913,0,0,0,4,5,0
56,19,30,2,2,3,0.05357142857142857,0,1,0,1.8365916681089791,0.5057910624364873,0,0,0,4,4,0
27,15,4,2,0,0,0.0,0,1,0,1.3787834934861753,0.6662716216311111,0,0,0,4,3,0
68,20,41,4,1,10,0.14705882352941177,0,1,0,2.038159681645953,0.5932280041707981,0,0,0,5,4,0
31,13,10,3,0,0,0.0,0,1,0,1.4488156357251847,0.7561320574929683,0,0,0,3,2,1
76,17,20,3,1,0,0.0,0,1,0,2.739572261986723,0.6761556955366981,0,0,0,4,3,1
67,17,1,1,0,7,0.1044776119402985,0,0,0,2.128085278891394,0.9130098287215771,0,0,0,3,7,1
26,19,0,2,0,0,0.0,0,1,0,1.5219280948873621,0.7314420555173304,0,0,0,2,5,1
37,29,1,3,0,0,0.0,0,2,0,1.4488156357251847,0.5129235713917037,0,0,0,3,12,1
38,29,1,2,2,0,0.0,0,1,0,1.9056390622295665,0.4704727150014263,0,0,0,3,12,1
21,13,1,2,0,0,0.0,0,1,0,1.4591479170272448,0.6433613642628261,0,0,0,3,4,0
64,12,45,3,2,0,0.0,0,1,0,1.789929075309999,0.2675826743355228,0,0,0,5,1,0
38,11,20,2,0,1,0.02631578947368421,0,0,0,1.2987949406953985,0.5785530683802995,0,0,0,5,2,1
44,21,16,2,0,0,0.0,0,1,0,1.3787834934861753,0.4333571839920326,0,0,0,4,6,0
76,23,46,3,3,5,0.06578947368421052,0,1,0,1.8954618442383218,0.2514416791736435,0,0,0,3,6,0
34,26,1,2,0,2,0.058823529411764705,0,1,0,1.4591479170272448,0.9063889329517866,0,0,0,3,5,1
21,14,0,2,0,0,0.0,0,1,0,1.5219280948873621,1.0292652307088326,0,0,0,2,3,1
107,18,81,2,10,20,0.18691588785046728,0,1,0,1.5683182557028439,0.6543114782878473,0,0,0,5,6,0
38,7,23,1,3,0,0.0,0,0,0,1.811278124459133,0.5615418310832527,0,0,0,3,2,0
62,41,14,2,2,0,0.0,0,1,0,1.7609640474436812,0.48986884069132597,1,2,0,5,15,1
58,28,23,2,2,0,0.0,0,1,0,2.1219280948873624,0.4834548379481507,0,0,0,4,6,0
84,23,53,2,0,7,0.08333333333333333,0,1,0,1.4854752972273344,0.8399530200046523,0,0,0,5,8,1
21,11,3,1,0,0,0.0,0,0,0,1.2516291673878228,0.918650657025327,0,0,0,4,3,1
22,14,1,2,0,0,0.0,0,1,0,1.4591479170272448,0.9760954423585776,0,0,0,3,3,0
45,34,4,4,0,8,0.17777777777777778,0,3,0,1.4056390622295665,0.8536972241973285,0,0,0,3,7,1
54,15,31,2,2,0,0.0,0,1,0,1.7609640474436812,0.30271159190589425,0,0,0,5,3,0
44,14,23,3,0,7,0.1590909090909091,0,1,0,1.3516441151533924,0.7444211031543735,0,0,0,5,6,0
50,42,1,2,4,15,0.3,0,1,0,1.8464393446710154,1.0912315692163255,0,0,0,3,5,1
45,38,0,4,0,0,0.0,0,3,0,1.3787834934861753,0.5351071508783981,0,0,0,2,12,1
50,24,19,3,0,3,0.06,0,2,0,1.4488156357251847,0.6289642071378423,0,0,0,3,6,1
24,15,1,3,0,0,0.0,0,2,0,1.4488156357251847,0.7718239633104704,0,0,0,3,4,0
47,21,19,2,0,6,0.1276595744680851,0,1,0,1.3787834934861753,0.6965191949161783,0,0,0,4,4,1
159,6,13,6,0,12,0.07547169811320754,0,0,0,2.7616252614987324,0.9969592569924531,1,0,0,9,2,1
69,18,43,2,4,0,0.0,0,1,0,1.823067982273661,0.3235765612576887,0,1,0,4,5,0
31,22,1,2,0,0,0.0,0,1,0,1.4591479170272448,0.7210075930632962,0,0,0,3,8,0
28,20,0,2,0,0,0.0,0,1,0,1.5219280948873621,0.6035149622622042,0,0,0,2,6,0
46,39,0,3,2,2,0.043478260869565216,0,2,0,1.9056390622295665,0.43814996405961876,0,0,0,2,11,1
27,15,4,2,0,0,0.0,0,1,0,1.3787834934861753,0.4682227074047338,0,0,0,4,4,0
21,12,1,1,0,0,0.0,0,0,0,1.3709505944546687,0.7076482223989444,0,0,0,3,3,0
25,17,1,2,0,0,0.0,0,1,0,1.4591479170272448,0.8105161130467228,0,0,0,3,4,0
31,22,1,2,0,0,0.0,0,1,0,1.4591479170272448,0.5436946625819505,0,0,0,3,9,0
55,19,29,2,1,10,0.18181818181818182,0,1,0,2.0588138903312014,1.133420590793427,0,0,0,4,6,1
54,22,25,3,0,0,0.0,0,1,0,1.295461844238322,0.5014651348620294,0,0,0,6,7,1
48,18,23,2,1,2,0.041666666666666664,0,1,0,1.75,0.4392686607228138,0,0,0,4,5,0
30,21,1,2,0,0,0.0,0,1,0,1.4591479170272448,0.5020136072768157,0,0,0,3,6,0
57,33,17,3,1,1,0.017543859649122806,0,1,0,1.811278124459133,0.32359431557150153,0,0,0,3,13,0
40,12,21,1,2,1,0.025,0,0,0,1.75,0.44141208866195003,0,0,0,4,3,0
23,14,1,2,0,0,0.0,0,1,0,1.4591479170272448,0.8276830276001812,0,0,0,3,4,1
80,15,58,2,0,21,0.2625,0,0,0,1.224394445405986,0.8360045415463463,0,0,0,6,5,1
51,16,28,2,0,0,0.0,0,0,0,1.3787834934861753,0.49567592702631297,0,0,0,4,7,1
55,28,1,2,1,0,0.0,0,1,0,2.550340709546388,1.1825778553438944,0,0,0,4,10,1
56,18,31,4,0,6,0.10714285714285714,0,1,0,1.2806721295208872,0.735087839605347,0,0,0,7,5,0
34,25,1,2,0,0,0.0,0,1,0,1.4591479170272448,0.3730573820896518,0,0,0,3,9,0
58,40,11,4,2,5,0.08620689655172414,0,3,0,1.8464393446710154,0.4761444884181974,1,0,0,3,13,1
34,25,1,2,0,5,0.14705882352941177,0,1,0,1.4591479170272448,0.9020825351663098,0,0,0,3,6,1
31,22,1,2,1,0,0.0,0,1,0,1.8423709931771084,0.3965030847739919,0,0,0,3,7,0
54,18,29,2,1,10,0.18518518518518517,0,1,0,2.0588138903312014,1.0213999804179308,0,0,0,4,6,1
51,21,23,3,0,0,0.0,0,1,0,1.4056390622295665,0.33632579518299993,0,0,0,4,6,0
52,16,28,2,1,0,0.0,0,1,0,2.0588138903312014,0.3520532160762386,0,0,0,4,7,0
80,25,48,2,5,4,0.05,0,1,0,1.760495029766198,0.27614862142585533,0,0,0,5,8,0
90,19,63,4,0,29,0.32222222222222224,0,1,0,1.3221793455166666,1.144271963385788,0,0,0,6,6,1
40,20,13,2,0,4,0.1,0,1,0,1.3787834934861753,0.809736748779514,0,0,0,4,6,0
34,26,1,2,2,0,0.0,0,1,0,1.9056390622295665,0.41203726199667107,0,0,0,3,8,0
52,15,30,3,0,0,0.0,0,1,0,1.3516441151533924,0.4043884511593377,0,0,0,5,4,0
123,39,76,2,9,8,0.06504065040650407,0,1,0,1.6068322783181097,0.3669407711932606,0,0,0,7,12,0
37,28,1,3,0,0,0.0,0,2,0,1.4488156357251847,0.5153702171046639,0,0,0,3,9,0
83,27,48,2,5,0,0.0,0,1,0,1.7273966735744792,0.25295730247045456,0,0,0,6,8,0
35,28,0,2,0,0,0.0,0,1,0,1.5219280948873621,0.37654899295075167,0,0,0,2,9,0
57,44,6,5,2,0,0.0,0,4,0,1.789929075309999,0.2465599361963013,1,2,0,3,14,1
49,22,20,3,0,4,0.08163265306122448,0,1,0,1.3516441151533924,0.7013446792872303,0,0,0,5,5,0
54,23,24,2,1,1,0.018518518518518517,0,0,0,1.657742726504889,0.41297408878749625,0,0,0,5,8,1
117,26,84,2,1,5,0.042735042735042736,0,1,0,1.4966407621868583,0.3102204414974616,3,0,0,11,8,1
25,16,1,2,0,0,0.0,0,1,0,1.4591479170272448,0.7435595744673988,0,0,0,3,7,0
23,14,1,2,0,0,0.0,0,1,0,1.4591479170272448,0.6781745597834289,0,0,0,3,4,0
66,21,38,3,2,0,0.0,0,1,0,1.6691803368667308,0.3938248299094666,0,0,0,7,4,1
77,15,55,2,0,0,0.0,0,1,0,1.7841591278514217,0.5891451938375938,0,0,0,4,3,0
45,25,13,3,0,0,0.0,0,1,0,1.8910611120726526,0.7671392163389813,0,0,0,3,8,1
153,21,57,2,1,28,0.1830065359477124,0,1,0,2.5521796970665487,0.8693820436170756,2,0,0,6,6,1
90,17,66,3,4,13,0.14444444444444443,0,1,0,2.063202513215852,0.5121594728471691,0,0,0,8,4,0
26,14,4,2,0,0,0.0,0,1,0,1.3787834934861753,0.7068796042648451,0,0,0,4,5,0
45,13,24,2,1,0,0.0,0,1,0,1.5709505944546687,0.4908384349392984,0,0,0,6,3,1
25,16,1,2,0,0,0.0,0,1,0,1.4591479170272448,0.6821136087051222,0,0,0,3,4,0
32,23,1,2,1,0,0.0,0,1,0,1.8423709931771084,0.5901038157328435,0,0,0,3,7,0
41,18,16,3,0,0,0.0,0,0,0,1.4056390622295665,0.4293182304549409,0,0,0,4,7,1
82,16,46,2,0,6,0.07317073170731707,0,1,0,2.1258145836939115,0.510508917354747,0,0,0,6,6,1
38,11,19,3,0,0,0.0,0,1,0,1.3516441151533924,0.9441550436405945,0,0,0,5,0,0
33,26,0,2,0,0,0.0,0,1,0,1.5219280948873621,0.5840605950633226,0,0,0,2,8,1
63,14,42,1,4,0,0.0,0,0,0,1.6767370300521325,0.5646910487644723,0,0,0,5,7,0
32,16,8,2,0,0,0.0,0,1,0,1.4591479170272448,0.44235191209774694,0,0,0,3,3,0
60,24,29,2,2,10,0.16666666666666666,0,1,0,2.1219280948873624,0.7308194424317718,0,0,0,4,8,1
93,14,72,2,0,20,0.21505376344086022,0,1,0,1.1567796494470395,0.8674267249228976,0,0,0,7,3,1
1386,15,36,13,11,269,0.19408369408369408,0,1,0,3.0403262879605535,0.8612468565789926,6,1,0,7,4,1
37,30,0,3,0,0,0.0,0,2,0,1.4591479170272448,0.45300230646086287,0,0,0,2,10,1
64,39,18,5,3,4,0.0625,0,3,0,1.8262452584026092,0.5011334431468624,0,0,0,4,9,1
64,14,43,2,2,0,0.0,0,1,0,1.6140054628542204,0.3049592481363133,0,0,0,7,4,0
68,21,40,3,1,1,0.014705882352941176,0,1,0,1.5510981710072647,0.3364489640316921,0,0,0,7,5,1
126,18,81,3,1,6,0.047619047619047616,0,1,0,1.8751458114455382,0.3695453222240471,0,0,0,13,6,1
57,11,39,3,0,0,0.0,0,1,0,1.188721875540867,0.758157349444773,0,0,0,8,2,1
15,4,4,1,0,1,0.06666666666666667,0,0,0,1.3709505944546687,1.8367555821714847,0,0,0,3,0,1
58,15,36,5,0,2,0.034482758620689655,0,2,0,1.3250112108241772,0.6060645158035264,0,0,0,6,4,0
78,16,54,2,4,8,0.10256410256410256,0,1,0,1.640223928941852,0.3671277194712604,0,0,0,8,4,0
33,17,9,1,0,0,0.0,0,0,0,1.2516291673878228,0.6721583189590256,0,0,0,4,7,1
27,15,5,2,0,2,0.07407407407407407,0,1,0,1.3787834934861753,0.7395815270766516,0,0,0,4,3,1
82,26,18,3,0,5,0.06097560975609756,0,1,0,2.4956029237290127,0.7864297025265058,0,1,0,5,9,1
24,16,1,2,0,0,0.0,0,1,0,1.4591479170272448,0.7071777350558104,0,0,0,3,4,0
86,33,46,1,6,0,0.0,0,0,0,1.6143308351592656,0.3628159907548498,0,0,0,5,12,0
48,20,20,3,0,0,0.0,0,1,0,1.3516441151533924,0.5493058100430864,0,0,0,5,6,0
57,14,36,3,1,0,0.0,0,1,0,1.5510981710072647,0.26415091054836537,0,0,0,7,4,1
34,25,1,2,1,0,0.0,0,1,0,1.8423709931771084,0.3544810849987379,0,0,0,3,8,0
43,12,24,2,0,3,0.06976744186046512,0,1,0,1.2987949406953985,0.4444289368293917,0,0,0,5,1,0
128,50,20,4,1,19,0.1484375,0,3,0,2.7550576199383077,0.7434248376815276,3,2,0,5,17,1
35,27,1,2,0,0,0.0,0,1,0,1.4591479170272448,0.31761662183149125,0,0,0,3,8,0
49,18,24,3,0,2,0.04081632653061224,0,1,0,1.3516441151533924,0.5025814405853507,0,0,0,5,7,1
30,21,1,2,1,0,0.0,0,1,0,1.8423709931771084,0.5577650218204545,0,0,0,3,7,1
90,23,34,3,1,0,0.0,0,1,0,2.73345859334435,0.46616550527440925,2,0,0,6,9,1
126,61,10,3,4,36,0.2857142857142857,0,1,0,2.6062389286533896,1.2007809315521307,0,0,0,3,12,1
109,16,86,3,10,9,0.08256880733944955,0,1,0,1.647730922119161,0.40900002161202237,0,0,0,6,3,0
61,11,33,2,2,0,0.0,0,1,0,2.2841591278514217,0.39775516448198267,0,0,0,5,1,0
51,17,26,4,0,0,0.0,0,2,0,1.360964047443681,0.37079265449005994,0,0,0,5,3,1
34,16,10,2,0,0,0.0,0,1,0,1.3787834934861753,0.6156409000505773,0,0,0,4,7,0
39,20,12,3,0,1,0.02564102564102564,0,1,0,1.4488156357251847,0.8050877221789209,0,0,0,3,7,1
126,50,19,4,1,22,0.1746031746031746,0,3,0,2.794653473544342,0.8737828150815024,3,2,0,4,17,1
150,12,24,4,0,30,0.2,1,0,0,2.9673285322547986,1.78886337419978,2,0,0,5,0,1
31,22,1,2,0,0,0.0,0,1,0,1.4591479170272448,0.5740487554421422,0,0,0,3,7,0
25,17,0,2,1,0,0.0,0,1,0,1.9182958340544896,0.5915919088773912,0,0,0,2,6,1
72,12,53,2,4,8,0.1111111111111111,0,1,0,1.640223928941852,0.42412496407022915,0,0,0,8,4,0
43,14,22,3,0,6,0.13953488372093023,0,1,0,1.3516441151533924,0.8063479158325967,0,0,0,5,6,0
40,18,15,2,0,2,0.05,0,1,0,1.224394445405986,0.9484835516067542,0,0,0,6,4,1
72,16,49,2,3,0,0.0,0,1,0,1.6691803368667308,0.2758057207281352,0,0,0,7,4,1
32,24,0,2,0,0,0.0,0,1,0,1.5219280948873621,0.5347226112494633,0,0,0,2,7,1
34,26,1,2,1,0,0.0,0,1,0,1.8423709931771084,0.5761847304285626,0,0,0,3,8,0
77,27,43,2,3,0,0.0,0,1,0,1.8464393446710154,0.3433237292714039,0,0,0,4,9,0
79,28,43,4,1,21,0.26582278481012656,0,2,0,2.3068905956085186,1.576193165763398,0,0,0,4,10,1
39,31,1,2,0,3,0.07692307692307693,0,1,0,1.4591479170272448,0.6974072255065236,0,0,0,3,8,1
26,15,4,2,0,0,0.0,0,1,0,1.3787834934861753,0.5528898216663982,0,0,0,4,4,1
127,50,20,4,1,15,0.11811023622047244,0,3,0,2.7550576199383077,0.8544190398721278,3,2,0,5,17,1
24,16,1,2,0,0,0.0,0,1,0,1.4591479170272448,0.7520668042616159,0,0,0,3,6,0
84,27,50,3,7,9,0.10714285714285714,0,1,0,1.7489992230622806,0.4947258191375376,0,0,0,5,5,0
439,14,63,3,2,233,0.530751708428246,0,1,0,1.6805563732659934,2.7148538285488906,0,0,0,11,2,1
64,15,42,2,1,0,0.0,0,1,0,1.3520301017579528,0.6139273253326153,2,0,0,9,3,1
19,11,1,1,0,0,0.0,0,0,0,1.3709505944546687,0.9536385677297805,0,0,0,3,4,0
79,34,38,1,1,0,0.0,0,0,0,1.2776134368191154,0.3939344287295666,0,0,0,8,12,1
47,27,12,2,0,4,0.0851063829787234,0,1,0,1.3787834934861753,0.9804580503372481,0,0,0,4,7,1
32,18,7,1,1,0,0.0,0,0,0,1.6644977792004612,0.4996163839338189,0,0,0,4,6,1
32,23,1,2,0,0,0.0,0,1,0,1.4591479170272448,0.4516477658774235,0,0,0,3,7,0
20,12,1,2,0,0,0.0,0,1,0,1.4591479170272448,1.315756195628389,0,0,0,3,2,0
259,27,31,15,0,62,0.23938223938223938,0,0,1,2.298376710843234,1.2801667305434616,0,0,0,5,11,1
43,15,20,2,0,0,0.0,0,1,0,1.3787834934861753,0.4485394923113776,0,0,0,4,5,0
26,18,1,2,0,0,0.0,0,1,0,1.4591479170272448,0.41166610047154617,0,0,0,3,4,0
165,18,140,4,3,39,0.23636363636363636,0,1,1,2.1258145836939115,0.9472588142956692,0,0,0,3,5,1
43,20,15,2,2,2,0.046511627906976744,0,1,0,1.9056390622295665,0.4857907742421621,0,0,0,3,5,0
43,24,11,2,0,1,0.023255813953488372,0,1,0,1.3787834934861753,0.35003289208234406,0,0,0,4,8,1
76,15,53,2,4,0,0.0,0,1,0,1.7841591278514217,0.2995796961881925,0,0,0,5,3,0
42,34,0,2,0,0,0.0,0,1,0,1.5219280948873621,0.5551912055971776,0,0,0,2,13,1
53,22,24,3,0,0,0.0,0,1,0,1.3516441151533924,0.3552327745428649,0,0,0,5,5,1
52,26,19,4,0,0,0.0,0,2,0,1.3921472236645345,0.6030127839171088,0,0,0,4,4,0
168,12,148,2,1,24,0.14285714285714285,0,1,0,1.75,1.1540880126940478,0,0,0,4,2,1
61,32,21,5,0,5,0.08196721311475409,0,3,0,1.3516441151533924,0.5132325233969222,0,0,0,3,7,1
62,10,45,1,0,23,0.3709677419354839,0,0,0,1.1488348542809166,1.6091302983568834,0,0,0,5,2,1
22,6,8,1,0,4,0.18181818181818182,0,0,0,1.3709505944546687,1.4053128928026526,0,0,0,3,1,1
50,22,21,2,1,0,0.0,0,1,0,1.75,0.5175803192882279,0,0,0,4,4,0
30,23,0,3,0,0,0.0,0,2,0,1.4591479170272448,0.6734549917577047,0,0,0,2,6,0
37,28,1,2,0,0,0.0,0,1,0,1.4591479170272448,0.4688319253389232,0,0,0,3,8,0
47,16,23,3,5,1,0.02127659574468085,0,1,0,1.8250112108241772,0.5438873853514042,0,0,0,3,5,1
43,25,11,2,0,0,0.0,0,1,0,1.4591479170272448,0.41349435529592266,0,0,0,3,8,0
45,18,20,3,1,0,0.0,0,1,0,1.811278124459133,0.6290054866515811,0,0,0,3,5,0
67,21,39,1,1,0,0.0,0,0,0,1.2776134368191154,0.30018960537149986,0,1,0,8,5,1
50,19,24,3,0,0,0.0,0,1,0,1.4488156357251847,0.3100990520042515,0,0,0,3,5,0
88,36,45,3,5,7,0.07954545454545454,0,1,0,1.809200032697812,0.5035159399995339,0,0,0,5,11,1
29,20,1,2,0,0,0.0,0,1,0,1.4591479170272448,0.9235845469324956,0,0,0,3,6,0
66,14,45,2,0,0,0.0,0,1,0,1.7295739585136223,0.46926183985461123,0,0,0,6,3,0
38,16,15,2,0,0,0.0,0,1,0,1.75,0.5251497300317528,0,0,0,4,4,0
26,18,1,2,0,0,0.0,0,1,0,1.4591479170272448,0.5000927270093045,0,0,0,3,6,0
44,36,1,3,2,0,0.0,0,2,0,1.8910611120726526,0.5532316814748914,1,0,0,3,14,1
39,13,19,2,0,0,0.0,0,1,0,1.75,0.5489002473100452,0,0,0,4,4,0
76,50,19,4,1,8,0.10526315789473684,0,3,0,1.721928094887362,0.6038375021333345,2,2,0,4,17,1
22,14,1,1,0,0,0.0,0,0,0,1.3709505944546687,0.9947908786787709,0,0,0,3,4,1
342,16,22,4,8,103,0.30116959064327486,0,1,0,2.7446773420456383,1.3487275200097368,1,1,0,6,5,1
51,16,28,3,0,0,0.0,0,1,0,1.295461844238322,0.6380755213518106,0,0,0,6,5,1
27,18,1,2,0,0,0.0,0,1,0,1.4591479170272448,0.5173396523058336,0,0,0,3,6,0
32,24,1,2,1,0,0.0,0,1,0,1.8423709931771084,0.6001949380546677,0,0,0,3,7,0
51,32,12,2,0,0,0.0,0,1,0,1.3787834934861753,0.39383963523622645,1,0,0,4,12,1
466,15,73,4,8,77,0.16523605150214593,0,1,0,2.897351145082034,1.2580281469975225,1,1,0,8,4,1
110,75,28,16,0,28,0.2545454545454545,0,11,0,0.9637459942073318,1.3240747180577639,0,0,0,4,14,1
75,15,52,3,0,0,0.0,0,1,0,1.789929075309999,0.48073662398492845,0,0,0,5,4,0
40,31,1,2,1,0,0.0,0,1,0,1.8423709931771084,0.2824536476294181,0,0,0,3,9,0
29,22,0,2,0,0,0.0,0,1,0,1.5219280948873621,0.670177247141529,0,0,0,2,6,0
34,26,1,3,0,0,0.0,0,2,0,1.4488156357251847,0.5113530649917648,0,0,0,3,7,0
31,23,1,2,0,0,0.0,0,1,0,1.4591479170272448,0.746105923874741,0,0,0,3,7,0
33,25,0,2,1,0,0.0,0,1,0,1.9182958340544896,0.41719176455564205,0,0,0,2,10,1
29,19,3,1,0,10,0.3448275862068966,0,0,0,1.3709505944546687,1.769928527571017,0,0,0,3,4,1
102,13,82,2,1,5,0.049019607843137254,0,1,0,1.5589385323502771,0.31955338551259793,2,0,0,10,4,1
58,18,33,2,3,4,0.06896551724137931,0,1,0,1.8464393446710154,0.5184677386508552,0,0,0,4,5,0
42,35,0,4,0,0,0.0,0,3,0,1.3787834934861753,0.5606663439524605,0,0,0,2,12,1
29,20,1,2,0,0,0.0,0,1,0,1.4591479170272448,0.48707038479230336,0,0,0,3,6,0
25,17,1,2,0,0,0.0,0,1,0,1.4591479170272448,0.6690147845560042,0,0,0,3,4,0
69,36,26,4,2,9,0.13043478260869565,0,2,0,1.823067982273661,0.643479884482025,1,0,0,4,14,1
104,59,1,10,0,4,0.038461538461538464,0,7,0,2.1623687835735015,0.44164644491438215,0,3,1,5,13,1
93,14,72,2,0,24,0.25806451612903225,0,1,0,1.1567796494470395,1.0394869709481491,0,0,0,7,3,1
71,20,44,2,2,0,0.0,0,0,0,1.6140054628542204,0.3057018068820451,1,0,0,7,7,1
54,21,26,2,2,1,0.018518518518518517,0,1,0,1.7609640474436812,0.3214817042071512,0,0,0,5,7,0
50,21,22,3,0,1,0.02,0,1,0,1.4056390622295665,0.2935373230724583,0,0,0,4,7,1
106,19,80,2,1,20,0.18867924528301888,0,1,0,1.3520301017579528,0.6231889414097399,0,0,0,9,5,1
50,21,22,2,0,3,0.06,0,1,0,1.2987949406953985,0.5222958532366659,0,0,0,5,9,1
159,33,10,4,0,11,0.06918238993710692,0,2,0,2.3553885422075336,0.5055779239226482,0,0,0,3,10,1
41,14,20,3,0,4,0.0975609756097561,0,1,0,1.3516441151533924,0.7187292664724152,0,0,0,5,6,0
45,25,12,2,1,0,0.0,0,1,0,1.75,0.4119811698777188,0,0,0,4,7,0
35,26,1,2,0,0,0.0,0,1,0,1.4591479170272448,0.4273226922838634,0,0,0,3,8,1
44,16,21,3,1,2,0.045454545454545456,0,1,0,1.7527152789797047,0.34767344269947253,0,0,0,4,4,0
46,30,4,2,0,2,0.043478260869565216,0,1,1,2.084962500721156,3.763570811147896,0,0,0,4,12,1
19,11,1,2,0,0,0.0,0,1,0,1.4591479170272448,0.8969044854038557,0,0,0,3,3,0
68,24,37,3,3,0,0.0,0,1,0,1.867633890971212,0.2644706741445323,0,0,0,4,8,0
26,15,4,2,0,1,0.038461538461538464,0,1,0,1.3787834934861753,1.0012028371863688,0,0,0,4,4,1
105,17,61,4,1,0,0.0,0,0,1,2.140518056276712,0.6915170602123827,0,0,0,9,7,1
81,22,20,4,0,4,0.04938271604938271,0,1,1,2.1920058354921066,0.8904091508705765,0,0,0,5,7,1
28,20,1,2,0,0,0.0,0,1,0,1.4591479170272448,0.626236920170095,0,0,0,3,5,0
42,11,23,2,0,0,0.0,0,1,0,1.224394445405986,0.5155029762259081,0,0,0,6,2,0
54,11,35,2,0,8,0.14814814814814814,0,1,0,1.3787834934861753,0.8284671353925881,0,0,0,4,3,1
565,29,40,3,0,140,0.24778761061946902,0,1,0,1.9877733714879842,1.0083782304297069,0,0,0,6,10,1
37,22,8,2,0,0,0.0,0,1,0,1.4591479170272448,0.6327953144120785,0,0,0,3,7,0
360,22,69,4,13,45,0.125,0,2,0,3.3272367217351566,0.8479276483383263,0,0,0,10,4,1
28,11,9,1,0,1,0.03571428571428571,0,0,0,1.3709505944546687,0.8431854065337352,0,0,0,3,3,1
114,15,76,2,1,5,0.043859649122807015,0,1,0,2.521782221599798,0.5782419525190899,0,0,0,7,5,1
53,20,3,3,0,0,0.0,0,1,1,2.113283334294875,1.201808483813402,0,0,0,3,7,1
63,55,1,2,0,0,0.0,0,1,0,1.4591479170272448,0.40035994316147366,2,0,0,3,23,1
44,16,20,2,0,0,0.0,0,1,0,1.2987949406953985,0.5398084134349022,0,0,0,5,6,1
66,8,51,2,0,10,0.15151515151515152,0,0,0,1.789929075309999,0.7975327834514281,0,0,0,5,3,0
18,7,4,1,0,0,0.0,0,0,0,1.2516291673878228,1.0656181346230258,0,0,0,4,0,1
101,11,82,1,7,5,0.04950495049504951,0,0,0,1.562806631693174,0.579404742797117,0,0,0,6,4,0
28,19,1,2,0,0,0.0,0,1,0,1.4591479170272448,0.7794438824313468,0,0,0,3,6,0
84,14,25,3,0,2,0.023809523809523808,0,1,0,2.5654483718208256,0.41722725942639816,0,0,0,4,3,0
28,20,1,2,0,0,0.0,0,1,0,1.4591479170272448,0.6167727817979972,0,0,0,3,5,0
97,17,73,4,0,18,0.18556701030927836,0,2,0,1.2806721295208872,0.6438987064913237,2,0,0,7,5,1
61,20,34,3,0,0,0.0,0,1,0,1.8464393446710154,0.2944178847440182,0,0,0,4,4,0
56,31,18,3,1,1,0.017857142857142856,0,1,0,1.811278124459133,0.37369934963207746,0,0,0,3,9,0
22,13,1,2,1,0,0.0,0,1,0,1.8423709931771084,0.69462614561215,0,0,0,3,2,0
42,24,11,3,0,0,0.0,0,1,0,1.4488156357251847,0.5083266707706589,1,0,0,3,8,1
36,20,9,2,0,0,0.0,0,1,0,1.2987949406953985,0.5369406029739575,0,0,0,5,8,1
54,26,21,2,0,7,0.12962962962962962,0,1,0,2.3158243335257076,1.0215990760515787,0,0,0,4,6,1
114,10,27,1,4,7,0.06140350877192982,0,0,0,2.5220552088742005,0.5667942863251735,0,0,0,3,3,1
153,41,104,4,9,2,0.013071895424836602,0,3,0,1.6960736118322672,0.3038095518947863,1,0,0,4,14,1
27,19,1,2,0,4,0.14814814814814814,0,1,0,1.4591479170272448,0.9787373232594531,0,0,0,3,4,0
24,16,1,2,0,0,0.0,0,1,0,1.4591479170272448,0.6154130266711711,0,0,0,3,4,0
52,18,27,3,0,3,0.057692307692307696,0,1,0,1.3516441151533924,0.4463843872940312,0,0,0,5,3,0
94,27,59,2,0,0,0.0,0,1,0,1.4182958340544896,0.38625767432476626,0,0,0,8,10,1
28,6,15,1,0,0,0.0,0,0,0,1.3709505944546687,0.6580243594943175,0,0,0,3,1,1
51,14,9,3,0,10,0.19607843137254902,0,2,0,2.0464393446710156,0.9721967887947943,0,0,0,4,3,1
58,16,34,2,0,0,0.0,0,1,0,1.8365916681089791,0.3106210696267353,0,0,0,4,7,0
108,44,56,2,6,7,0.06481481481481481,0,1,0,1.7381493331928664,0.6675698182602274,0,0,0,4,8,0
28,19,1,2,0,0,0.0,0,1,0,1.4591479170272448,0.4606829018427706,0,0,0,3,5,0
120,13,100,3,9,12,0.1,0,1,0,1.632105718491017,0.38121506397033195,0,0,0,10,3,0
44,30,6,4,0,2,0.045454545454545456,0,3,0,1.4056390622295665,0.7386204690167462,0,0,0,3,10,1
42,19,16,2,0,0,0.0,0,1,0,1.3787834934861753,0.8510973204057705,0,0,0,4,6,0
68,42,19,4,0,11,0.16176470588235295,0,3,0,1.3921472236645345,0.6911170488974778,2,2,0,4,15,1
39,16,16,3,0,2,0.05128205128205128,0,1,0,1.4488156357251847,0.6351818979533783,0,0,0,3,5,0
24,17,0,2,0,0,0.0,0,1,0,1.5219280948873621,1.0403103534975542,0,0,0,2,7,0
73,25,12,3,0,0,0.0,0,1,1,2.4416298737872246,0.9987906060556112,1,0,0,5,8,1
106,22,77,3,1,5,0.04716981132075472,0,1,0,1.5693078231812958,0.2672590266441817,1,0,0,11,5,1
124,46,20,5,0,21,0.1693548387096774,0,4,0,2.56507654233637,0.8837559040322105,3,2,0,5,15,1
172,20,19,6,1,43,0.25,0,0,0,2.7247198033190516,0.9457797057447731,1,0,0,4,7,1
64,16,40,2,1,0,0.0,0,0,0,1.4911148500551856,0.2710095782348148,0,0,0,7,5,1
206,12,24,4,0,36,0.17475728155339806,1,0,0,2.697060329051774,2.0362849301976063,3,0,0,5,0,1
105,20,78,5,0,1,0.009523809523809525,0,1,0,1.198192411043098,0.22715592044818084,0,0,0,10,5,1
54,18,29,2,1,13,0.24074074074074073,0,1,0,2.0588138903312014,1.1369228475627062,0,0,0,4,4,1
49,16,25,2,1,0,0.0,0,1,0,1.657742726504889,0.4686246195224809,0,0,0,5,5,0
39,31,1,2,2,0,0.0,0,1,0,1.9056390622295665,0.5019567683374037,0,0,0,3,9,1
92,27,57,2,2,4,0.043478260869565216,0,1,0,2.074164743022575,0.48378404658213764,0,0,0,6,9,1
21,12,2,1,0,0,0.0,0,0,0,1.3709505944546687,0.8682112823418606,0,0,0,3,3,1
26,17,1,2,0,0,0.0,0,1,0,1.4591479170272448,0.6777703187403908,0,0,0,3,3,0
46,16,22,2,0,0,0.0,0,1,0,1.8365916681089791,0.511478087831023,0,0,0,4,7,0
61,12,42,1,0,24,0.39344262295081966,0,0,0,1.061278124459133,1.700668979932196,0,0,0,6,3,1
25,16,1,2,0,2,0.08,0,1,0,1.4591479170272448,0.9499556754459736,0,0,0,3,2,0
41,17,17,3,0,0,0.0,0,1,0,1.3516441151533924,0.4457438727130223,0,0,0,5,6,0
52,12,33,3,0,0,0.0,0,1,0,1.0949143184120975,0.5041461755909529,0,0,0,10,5,1
45,21,16,2,0,0,0.0,0,1,0,1.2987949406953985,0.44157639061070586,0,0,0,5,5,0
32,23,1,2,1,3,0.09375,0,1,0,1.8423709931771084,0.7802551725261554,0,0,0,3,7,1
84,20,57,3,0,6,0.07142857142857142,0,1,0,1.867633890971212,0.45323144725959313,0,0,0,4,5,0
40,14,19,4,0,14,0.35,1,0,0,1.721928094887362,1.743243064404274,0,0,0,4,0,1
34,19,8,3,0,1,0.029411764705882353,0,2,0,1.4056390622295665,0.5785948817412324,0,0,0,4,4,1
65,7,13,3,0,1,0.015384615384615385,0,0,0,2.0131324651707385,0.5377237193781336,0,0,0,7,2,1
33,14,11,2,0,4,0.12121212121212122,0,1,0,1.4591479170272448,0.9829591332304102,0,0,0,3,3,1
17,9,1,1,0,0,0.0,0,0,0,1.3709505944546687,0.9424296290698464,0,0,0,3,2,0
75,39,29,3,2,6,0.08,0,2,0,2.054585169337799,0.321881609042075,0,2,0,5,13,1
33,12,14,2,0,0,0.0,0,1,0,1.3787834934861753,0.8950342516816191,0,0,0,4,2,0
127,15,104,2,2,13,0.10236220472440945,0,1,0,1.6140054628542204,0.6661916282929344,0,0,0,7,5,1
64,16,41,1,0,19,0.296875,0,0,0,1.2516291673878228,1.2283066559806544,0,0,0,4,5,1
28,19,1,2,1,0,0.0,0,1,0,1.8423709931771084,0.7026788387779337,0,0,0,3,3,0
93,22,64,1,2,20,0.21505376344086022,0,0,0,1.4182958340544896,0.7437645569151812,0,0,0,8,9,1
44,16,21,5,0,0,0.0,0,1,0,1.3516441151533924,0.563567140790412,0,0,0,3,4,1
48,27,14,3,0,3,0.0625,0,1,0,1.4488156357251847,0.45689794549440943,0,0,0,3,10,1
17,10,0,2,0,0,0.0,0,1,0,1.5219280948873621,1.2221429318240833,0,0,0,2,3,0
19,10,1,1,0,0,0.0,0,0,0,1.3709505944546687,0.6948141634123269,0,0,0,3,6,0
61,16,38,2,4,0,0.0,0,1,0,1.7841591278514217,0.26391264884357085,0,0,0,5,4,0
35,26,1,2,0,0,0.0,0,1,0,1.4591479170272448,0.3747374352160125,0,0,0,3,8,0
61,16,38,2,0,0,0.0,0,1,0,1.8464393446710154,0.4111185504934122,0,0,0,4,4,0
24,15,1,2,0,0,0.0,0,1,0,1.4591479170272448,0.7043622876579475,0,0,0,3,4,0
49,24,18,3,0,0,0.0,0,1,0,1.4488156357251847,0.3085920206196474,0,0,0,3,7,0
37,28,1,2,0,0,0.0,0,1,0,1.4591479170272448,0.39252924876372175,0,0,0,3,8,0
24,15,1,2,0,0,0.0,0,1,0,1.4591479170272448,0.7007376364137282,0,0,0,3,3,0
97,17,72,3,8,5,0.05154639175257732,0,1,0,1.7107770844150676,0.2839018008743556,0,0,0,6,4,0
54,19,27,2,1,0,0.0,0,1,0,1.657742726504889,0.5103386437410589,0,0,0,5,7,0
34,14,12,3,0,0,0.0,0,1,0,1.4488156357251847,0.6921049003175866,0,0,0,3,4,0
15,4,4,1,0,2,0.13333333333333333,0,0,0,1.3709505944546687,1.8186914940644905,0,0,0,3,0,1
132,28,97,3,11,6,0.045454545454545456,0,1,0,1.6010143058068347,0.3557527255593736,0,0,0,5,8,0
29,20,1,2,0,0,0.0,0,1,0,1.4591479170272448,0.6624520964481722,0,0,0,3,6,0
76,14,55,2,0,2,0.02631578947368421,0,1,0,0.9463729359854419,0.4281130283286631,0,0,0,11,2,1
68,40,21,6,0,2,0.029411764705882353,0,3,0,1.3221793455166666,0.48006766958836083,1,0,0,4,13,1
36,21,8,3,0,0,0.0,0,2,0,1.4056390622295665,0.4949731807710602,0,0,0,4,5,0
39,9,23,2,0,0,0.0,0,0,0,1.2987949406953985,0.440432551822485,0,0,0,5,4,1
42,21,14,3,0,0,0.0,0,1,0,1.4056390622295665,0.4232092398878755,0,0,0,4,6,1
40,27,6,3,0,0,0.0,0,1,0,1.4488156357251847,0.5901957519832864,0,0,0,3,8,1
22,13,1,2,0,0,0.0,0,1,0,1.4591479170272448,0.7215044289916563,0,0,0,3,2,0
24,16,1,2,0,0,0.0,0,1,0,1.4591479170272448,0.785636435660454,0,0,0,3,3,0
44,27,9,2,0,0,0.0,0,1,0,1.4591479170272448,0.4886544141340682,0,0,0,3,8,1
65,17,40,2,7,0,0.0,0,1,0,1.6893917467430877,0.43793985517334283,0,0,0,4,7,0
31,22,1,3,0,0,0.0,0,2,0,1.4488156357251847,0.5969347459307351,0,0,0,3,6,0
43,35,1,2,0,0,0.0,0,1,0,1.4591479170272448,0.5416553163521076,0,0,0,3,11,1
41,31,3,2,0,0,0.0,0,1,0,1.4591479170272448,0.7263285628974567,0,0,0,3,8,0
32,24,1,3,0,0,0.0,0,2,0,1.4488156357251847,0.4970881725771201,0,0,0,3,9,0
29,22,0,2,0,0,0.0,0,1,0,1.5219280948873621,0.7202192998790306,0,0,0,2,7,1
42,19,16,2,0,0,0.0,0,1,0,1.3787834934861753,0.33674271014982504,0,0,0,4,4,0
57,28,22,2,0,0,0.0,0,1,0,1.2987949406953985,0.3820342218010068,0,0,0,5,10,1
81,21,17,7,0,10,0.12345679012345678,0,2,0,2.2584598927441624,0.911883693561464,0,0,0,4,8,0
91,11,73,2,1,27,0.2967032967032967,0,0,0,1.8676338909712122,1.1399861933934161,1,0,0,6,3,1
25,17,1,2,0,0,0.0,0,1,0,1.4591479170272448,0.5786194283343706,0,0,0,3,4,0
58,21,30,2,3,0,0.0,0,1,0,1.8464393446710154,0.40190174586631333,0,0,0,4,6,0
36,17,11,2,0,0,0.0,0,1,0,1.3787834934861753,0.4266160362559579,0,0,0,4,4,0
61,28,26,2,2,0,0.0,0,1,0,1.8365916681089791,0.26838471315518203,0,0,0,4,7,0
48,20,20,3,0,0,0.0,0,1,0,1.3516441151533924,0.4188942239450711,0,0,0,5,6,0
76,50,19,4,1,10,0.13157894736842105,0,3,0,1.721928094887362,0.6001332898151799,2,2,0,4,17,1
67,21,39,2,0,0,0.0,0,1,0,1.8365916681089791,0.6889075511442753,0,0,0,4,7,0
44,21,16,2,0,0,0.0,0,0,0,1.3787834934861753,0.47952530396355375,0,0,0,4,8,1
54,11,35,2,0,8,0.14814814814814814,0,1,0,1.3787834934861753,0.8342144396857771,0,0,0,4,3,1
66,13,45,2,3,4,0.06060606060606061,0,0,0,1.8464393446710154,0.5197461275444129,0,0,0,4,4,1
26,15,4,1,0,0,0.0,0,0,0,1.2516291673878228,0.49473615453443587,0,0,0,4,5,1
42,34,1,2,0,0,0.0,0,1,0,1.4591479170272448,0.3979134801874358,0,0,0,3,12,0
40,14,19,2,2,0,0.0,0,1,0,1.8365916681089791,0.6275004339390883,0,0,0,4,3,0
53,12,34,2,0,2,0.03773584905660377,0,0,0,1.224394445405986,0.44507168266586394,1,0,0,6,4,1
56,29,20,3,3,0,0.0,0,1,0,1.8954618442383218,0.4370786536004777,0,0,0,3,10,0
56,26,23,5,1,2,0.03571428571428571,0,3,0,1.6767370300521325,0.5685168185226724,0,0,0,4,3,1
29,16,6,3,0,0,0.0,0,2,0,1.4056390622295665,0.5672896455295283,0,0,0,4,4,0
77,13,57,3,2,2,0.025974025974025976,0,1,0,1.610577243331642,0.2984131216433878,0,0,0,8,2,1
69,17,45,4,1,0,0.0,0,1,0,1.6258145836939115,0.19825220734544238,1,0,0,6,5,1
66,18,41,2,5,0,0.0,0,1,0,1.7841591278514217,0.44073010804380897,0,0,0,4,5,0
46,21,18,3,2,0,0.0,0,1,0,1.8910611120726526,0.38449410922603866,0,0,0,3,7,1
78,14,56,3,4,1,0.01282051282051282,0,1,0,1.8262452584026092,0.3085729025898204,0,0,0,5,3,0
31,23,1,2,0,0,0.0,0,1,0,1.4591479170272448,0.44509013646250795,0,0,0,3,8,0
120,42,20,4,0,15,0.125,0,3,0,2.5941178916311856,0.9887172150003977,3,2,0,5,15,1
23,14,1,2,0,0,0.0,0,1,0,1.4591479170272448,0.8961321092022905,0,0,0,3,5,0
53,12,15,2,0,1,0.018867924528301886,0,0,1,1.950212064914747,1.1882440387971782,0,0,0,8,7,1
24,15,1,2,1,0,0.0,0,1,0,1.8423709931771084,0.6166514739828273,0,0,0,3,3,0
20,12,1,2,0,0,0.0,0,1,0,1.4591479170272448,0.9920593459081646,0,0,0,3,4,1
174,14,47,8,3,20,0.11494252873563218,0,0,0,2.7483943455364033,0.5326979361501127,1,0,0,8,4,1
52,20,25,3,0,0,0.0,0,1,0,1.3516441151533924,0.5317273409354346,0,0,0,5,6,1
46,16,22,2,0,0,0.0,0,1,0,1.75,0.3716951974297465,0,0,0,4,7,0
56,19,30,3,0,2,0.03571428571428571,0,1,0,1.7527152789797047,0.5073603756564479,0,0,0,4,6,1
58,22,29,4,0,0,0.0,0,1,0,1.360964047443681,0.3676413917521573,1,0,0,5,7,1
51,27,17,4,0,0,0.0,0,2,0,1.3921472236645345,0.4096840486628894,0,0,0,4,8,1
74,28,39,2,0,25,0.33783783783783783,0,1,0,1.2987949406953985,1.3603948585684944,0,0,0,5,8,1
23,14,1,2,0,3,0.13043478260869565,0,1,0,1.4591479170272448,1.01008978379278,0,0,0,3,1,0
31,23,1,2,0,0,0.0,0,1,0,1.4591479170272448,0.6319936917755369,0,0,0,3,9,1
40,24,9,2,0,0,0.0,0,1,0,1.3787834934861753,0.5120283747083174,0,0,0,4,8,1
30,21,1,2,0,0,0.0,0,1,0,1.4591479170272448,0.7215614255753425,0,0,0,3,7,0
75,34,34,2,2,23,0.30666666666666664,0,1,0,1.8365916681089791,1.0012144102100928,0,0,0,4,13,1
53,36,1,2,3,0,0.0,0,1,0,2.1709505944546685,0.4382312934757119,0,2,0,3,9,1
253,12,18,14,0,61,0.24110671936758893,0,0,0,2.4836927864437093,1.7119694343798886,2,0,0,6,6,1
34,25,1,2,0,0,0.0,0,1,0,1.4591479170272448,0.5604216606415187,0,0,0,3,5,0
48,13,28,1,0,0,0.0,0,0,0,1.4182958340544896,1.047115409472095,0,0,0,8,5,1
34,16,10,2,0,0,0.0,0,1,0,1.3787834934861753,0.597049748869615,0,0,0,4,7,0
32,23,1,2,0,0,0.0,0,1,0,1.4591479170272448,0.5411472443689997,0,0,0,3,6,0
38,18,12,2,1,0,0.0,0,1,0,1.8423709931771084,0.2612612353391617,0,0,0,3,6,0
21,13,1,2,0,4,0.19047619047619047,0,1,0,1.4591479170272448,1.5136721821051051,0,0,0,3,1,1
64,16,41,3,1,0,0.0,0,1,0,1.617189572592715,0.19444840771241273,1,0,0,6,4,1
388,33,24,3,9,65,0.16752577319587628,0,1,0,2.62447323090228,0.8405710797070368,0,0,0,5,13,1
76,50,19,4,1,9,0.11842105263157894,0,3,0,1.721928094887362,0.5835223698173256,2,2,0,4,17,1
128,50,20,4,1,26,0.203125,0,3,0,2.7550576199383077,0.857651508845169,3,2,0,5,17,1
243,60,10,5,5,85,0.3497942386831276,0,3,0,2.9266464798309015,1.5663966243852951,3,0,0,3,18,1
61,21,13,3,3,6,0.09836065573770492,0,1,0,2.396240625180289,0.6402508777305759,0,0,0,3,6,0
38,29,1,2,0,0,0.0,0,1,0,1.4591479170272448,0.5015212854850598,0,0,0,3,9,0
35,21,7,1,0,0,0.0,0,0,0,1.3709505944546687,0.48061033214798726,0,0,0,3,6,0
39,31,1,3,1,3,0.07692307692307693,0,2,0,1.811278124459133,0.5888603841426954,0,0,0,3,7,1
30,21,1,2,1,0,0.0,0,1,0,1.8423709931771084,0.5113082628227545,0,0,0,3,7,1
70,49,13,5,2,17,0.24285714285714285,0,3,0,1.7841591278514217,0.8950829028987433,0,0,0,4,8,1
145,17,25,3,1,14,0.09655172413793103,0,1,0,2.791758812333411,1.4279687732338693,0,0,0,5,5,1
48,17,24,2,2,0,0.0,0,1,0,1.7609640474436812,0.35080500187623603,0,0,0,5,5,0
21,14,0,2,0,0,0.0,0,1,0,1.5219280948873621,0.7616401713823097,0,0,0,2,4,0
36,27,1,2,0,0,0.0,0,1,0,1.4591479170272448,0.49503414929859557,0,0,0,3,8,0
126,61,10,3,4,42,0.3333333333333333,0,1,0,2.6062389286533896,1.2820473633087972,0,0,0,3,11,1
34,15,12,1,0,0,0.0,0,0,0,1.1488348542809166,0.8365898387828078,0,0,0,5,5,1
46,19,19,2,1,0,0.0,0,1,0,1.657742726504889,0.2849797893992093,0,0,0,5,4,0
33,10,16,2,0,0,0.0,0,0,0,1.3787834934861753,0.7649307574041615,0,0,0,4,1,1
84,17,60,2,8,1,0.011904761904761904,0,1,0,1.6493974703476992,0.32569918051925606,0,0,0,5,6,0
121,46,19,5,0,20,0.1652892561983471,0,4,0,2.5941178916311856,0.8496217846703841,3,2,0,4,15,1
73,19,47,1,1,0,0.0,0,0,0,1.2776134368191154,0.3545496451282603,0,0,0,8,6,1
47,26,14,2,0,0,0.0,0,1,0,1.2987949406953985,0.4863295663298213,0,0,0,5,8,1
24,16,1,2,0,0,0.0,0,1,0,1.4591479170272448,0.7311386509190809,0,0,0,3,4,0
127,50,19,4,1,21,0.16535433070866143,0,3,0,2.794653473544342,0.794549058066708,3,2,0,4,17,1
103,21,75,3,5,0,0.0,0,1,0,2.0419460322060456,0.3708611322868497,0,0,0,5,4,0
52,23,22,2,0,2,0.038461538461538464,0,1,0,1.75,0.39799374932503134,0,0,0,4,8,0
66,19,39,2,2,0,0.0,0,1,0,1.7609640474436812,0.2969984267219242,0,0,0,5,6,0
60,13,39,2,8,0,0.0,0,1,0,1.610577243331642,0.5614533873447238,0,0,0,3,4,0
49,30,12,3,0,0,0.0,0,1,0,1.4488156357251847,0.43875615338748175,0,3,0,3,10,1
41,14,19,2,2,0,0.0,0,1,0,1.9056390622295665,0.6329143353436506,0,0,0,3,5,0
128,50,20,4,1,16,0.125,0,3,0,2.7550576199383077,0.6661855560539284,3,2,0,5,17,1
22,13,1,2,0,0,0.0,0,1,0,1.4591479170272448,0.9130321361723793,0,0,0,3,2,0
43,35,1,2,0,0,0.0,0,1,0,1.4591479170272448,0.756310962556602,0,0,0,3,11,1
96,14,75,2,1,19,0.19791666666666666,0,0,0,1.4182958340544896,0.6766329782898919,1,0,0,8,4,1
46,13,26,2,0,3,0.06521739130434782,0,0,0,1.3787834934861753,0.6275614622766726,1,0,0,4,4,1
26,17,1,2,0,0,0.0,0,1,0,1.4591479170272448,0.6142578642715569,0,0,0,3,4,0
41,27,7,2,1,0,0.0,0,1,0,1.75,0.43470330156264275,0,0,0,4,7,1
38,30,1,2,0,5,0.13157894736842105,0,1,0,1.4591479170272448,0.6673217285828006,0,0,0,3,8,1
27,18,1,2,0,0,0.0,0,1,0,1.4591479170272448,0.7084333928637564,0,0,0,3,4,0
57,20,29,3,0,1,0.017543859649122806,0,1,0,1.6854752972273344,0.46471656821155205,2,0,0,5,8,1
123,23,20,9,0,10,0.08130081300813008,0,3,0,2.4939119513005474,0.8276222879803563,0,0,0,5,6,1
75,67,1,9,0,4,0.05333333333333334,0,8,0,1.1401156785146092,0.45536641231255043,0,2,1,3,13,1
36,15,14,4,0,2,0.05555555555555555,0,2,0,1.3921472236645345,1.0139762976627424,0,0,0,4,2,1
29,14,8,2,0,1,0.034482758620689655,0,1,0,1.4591479170272448,0.8627461250608157,0,0,0,3,3,1
51,23,20,2,1,0,0.0,0,1,0,1.75,0.34509006283010796,0,0,0,4,6,0
35,15,13,1,1,4,0.11428571428571428,0,0,0,1.5487949406953985,0.5820473362804349,0,0,0,5,5,1
84,23,54,6,0,10,0.11904761904761904,0,1,0,1.2958363892911637,0.4645931564647717,0,0,0,7,6,0
76,18,51,3,1,0,0.0,0,1,0,1.5510981710072647,0.3751503685854743,0,0,0,7,4,1
94,21,65,3,3,0,0.0,0,1,0,1.6225562489182659,0.3025403495276228,2,0,0,9,6,1
33,12,6,2,0,7,0.21212121212121213,0,1,0,1.8423709931771084,1.151957370152475,0,0,0,3,2,0
52,14,31,2,0,0,0.0,0,1,0,1.224394445405986,0.4853098012961142,0,0,0,6,3,0
48,18,23,3,2,0,0.0,0,1,0,1.8910611120726526,0.5732560346936558,1,0,0,3,6,1
41,33,1,2,2,5,0.12195121951219512,0,1,0,1.9056390622295665,0.9010064709315216,0,0,0,3,9,1
37,30,0,4,0,0,0.0,0,3,0,1.3787834934861753,0.6018312074460846,0,0,0,2,9,1
81,27,47,2,0,17,0.20987654320987653,0,1,0,1.2987949406953985,0.8603602953001807,0,0,0,5,8,1
31,22,1,2,0,0,0.0,0,1,0,1.4591479170272448,0.5079627138420425,0,0,0,3,6,0
22,14,1,2,0,0,0.0,0,1,0,1.4591479170272448,0.6375417063089655,0,0,0,3,3,0
52,16,29,2,1,10,0.19230769230769232,0,1,0,2.0588138903312014,0.9096321637027538,0,0,0,4,6,1
72,19,45,2,4,0,0.0,0,1,0,1.7841591278514217,0.2995501882647538,0,0,0,5,6,0
105,20,77,5,2,5,0.047619047619047616,0,1,0,1.6493974703476992,0.26999000702905174,1,0,0,8,6,1
218,12,33,3,1,81,0.37155963302752293,0,1,0,2.8709505944546687,1.6203721111717937,2,0,0,6,3,1
69,23,39,3,0,4,0.057971014492753624,0,1,0,1.2406705316766884,0.3196827031715474,0,0,0,7,7,1
22,13,1,2,0,0,0.0,0,1,0,1.4591479170272448,0.7193367806898778,0,0,0,3,2,0
23,14,1,2,0,0,0.0,0,1,0,1.4591479170272448,0.6588877036971914,0,0,0,3,3,0
36,13,16,4,0,10,0.2777777777777778,1,0,0,1.4056390622295665,1.4603711098449796,0,0,0,3,0,1
70,41,22,3,6,5,0.07142857142857142,0,1,0,1.781937063546704,0.5527636393033374,2,0,0,5,11,1
36,16,13,2,0,0,0.0,0,1,0,1.8423709931771084,0.5791189090796478,0,0,0,3,6,0
30,21,1,2,0,0,0.0,0,1,0,1.4591479170272448,0.46524317961296635,0,0,0,3,7,0
68,20,41,3,4,0,0.0,0,1,0,1.8553885422075338,0.297803354487086,0,0,0,4,6,0
39,22,10,2,0,0,0.0,0,1,0,1.2987949406953985,0.5866010426585981,0,0,0,5,7,1
56,38,11,4,3,0,0.0,0,3,0,1.867633890971212,0.4929037935571077,0,0,0,3,12,1
68,42,19,4,0,13,0.19117647058823528,0,3,0,1.3921472236645345,0.7760591830221676,2,2,0,4,15,1
44,21,16,2,0,2,0.045454545454545456,0,1,0,1.8423709931771084,0.4070698963697036,0,0,0,3,7,0
49,19,23,2,1,0,0.0,0,1,0,1.75,0.3410759858443028,0,0,0,4,6,0
34,20,6,2,0,0,0.0,0,1,0,1.3787834934861753,0.7346295727726656,0,0,0,4,8,1
40,33,0,2,0,0,0.0,0,1,0,1.5219280948873621,0.4956015857756083,0,0,0,2,8,0
59,37,15,2,0,8,0.13559322033898305,0,1,0,1.3787834934861753,0.696417454296792,0,0,0,4,9,1
92,22,63,2,1,28,0.30434782608695654,0,1,0,1.4182958340544896,0.9609810268392409,0,0,0,8,8,1
77,12,58,1,7,12,0.15584415584415584,0,0,0,1.5435644431995963,0.6125522797627994,0,1,0,7,4,0
65,7,13,3,0,3,0.046153846153846156,0,0,0,2.0131324651707385,0.5444002571071648,0,0,0,7,2,1
85,21,57,2,1,22,0.25882352941176473,0,1,0,1.8676338909712122,0.9499994051678905,2,0,0,6,6,1
58,13,38,3,0,1,0.017241379310344827,0,2,0,1.188721875540867,0.357264557867729,0,0,0,8,2,0
29,20,1,2,0,0,0.0,0,1,0,1.4591479170272448,0.5072960276856706,0,0,0,3,5,0
102,15,80,1,1,16,0.1568627450980392,0,0,0,1.207518749639422,0.6496994204672346,0,0,0,9,5,1
163,14,32,4,9,65,0.3987730061349693,0,1,1,2.5546831510507397,1.8758005539836673,0,0,0,3,5,1
64,24,23,3,1,0,0.0,0,1,0,2.5220552088742005,0.48657927128708833,0,0,0,4,7,0
31,24,0,2,0,1,0.03225806451612903,0,1,0,1.5219280948873621,0.776041504546549,0,0,0,2,7,1
40,32,1,3,0,0,0.0,0,2,0,1.4488156357251847,0.3503217415375421,1,2,0,3,11,1
50,22,21,2,1,0,0.0,0,1,0,1.657742726504889,0.449539175235391,0,0,0,5,7,1
52,19,26,3,0,0,0.0,0,1,0,1.295461844238322,0.4655344177456072,0,0,0,6,7,1
33,9,8,1,2,1,0.030303030303030304,0,0,0,2.222191575506678,1.064433852677893,0,0,0,5,2,1
13,6,0,1,0,1,0.07692307692307693,0,0,0,1.5,1.694543895275374,0,0,0,2,0,0
19,10,1,2,0,0,0.0,0,1,0,1.4591479170272448,0.9623669818417047,0,0,0,3,1,0
47,7,32,1,0,5,0.10638297872340426,0,0,0,1.6644977792004612,1.1724398756049506,0,0,0,4,0,1
242,19,13,14,0,35,0.1446280991735537,0,1,0,2.145855787049433,0.580747016178876,2,1,0,11,7,1
39,30,1,2,0,0,0.0,0,1,0,1.4591479170272448,0.47700105104161467,0,0,0,3,12,0
56,37,12,4,0,0,0.0,0,2,0,1.4056390622295665,0.29241004469074594,0,0,0,3,13,1
71,18,45,2,4,0,0.0,0,1,0,1.823067982273661,0.6223408839278181,0,0,0,4,5,0
63,15,12,2,0,7,0.1111111111111111,0,0,1,2.222191575506678,1.1326548127954577,0,0,0,5,5,1
26,19,0,2,0,0,0.0,0,1,0,1.5219280948873621,0.7784407321603928,0,0,0,2,8,0
45,29,8,2,0,22,0.4888888888888889,0,1,0,1.8423709931771084,2.0192761920511715,0,0,0,3,4,1
29,20,1,2,0,1,0.034482758620689655,0,1,0,1.4591479170272448,0.8546843467034282,0,0,0,3,6,1
42,17,18,3,0,0,0.0,0,1,0,1.811278124459133,0.5038085463876169,0,0,0,3,4,0
40,16,17,3,1,0,0.0,0,0,0,1.7527152789797047,0.46747287423838585,0,0,0,4,5,1
69,17,45,1,0,0,0.0,0,0,0,1.4466166676282082,0.48124389043355903,0,0,0,6,6,1
77,23,47,1,0,25,0.3246753246753247,0,0,0,1.1488348542809166,1.197049644234881,0,0,0,5,8,1
131,14,36,3,1,8,0.061068702290076333,0,0,0,2.3261207468426806,0.6764353847153157,0,0,0,7,5,1
23,15,1,2,0,0,0.0,0,1,0,1.4591479170272448,0.6177834409143247,0,0,0,3,3,0
36,28,0,2,1,0,0.0,0,1,0,1.9182958340544896,0.45330549546654497,0,0,0,2,11,1
59,23,29,3,1,4,0.06779661016949153,0,1,0,1.6854752972273344,0.46693804986918863,0,0,0,5,5,0
124,46,20,5,0,19,0.1532258064516129,0,4,0,2.56507654233637,0.7790889561362988,3,2,0,5,15,1
28,19,1,2,2,0,0.0,0,1,0,1.9056390622295665,0.6785117624083055,0,0,0,3,3,0
49,30,11,3,0,7,0.14285714285714285,0,2,0,1.4056390622295665,0.5599194746833206,1,0,0,4,9,1
105,50,12,3,5,22,0.20952380952380953,0,1,0,2.2988252450030506,0.7941693452624559,0,0,0,3,12,1
34,25,1,2,0,2,0.058823529411764705,0,1,0,1.4591479170272448,0.7318657589041736,0,0,0,3,6,1
67,22,38,3,0,0,0.0,0,1,0,1.295461844238322,0.9687066397439782,0,0,0,6,6,1
56,16,32,2,5,6,0.10714285714285714,0,1,0,1.789929075309999,0.6032828264827447,0,0,0,3,5,0
60,19,34,1,4,2,0.03333333333333333,0,0,0,1.721928094887362,0.4138313843784812,0,0,0,4,5,0
39,24,8,2,0,0,0.0,0,1,0,1.3787834934861753,0.39996875109782487,1,0,0,4,8,1
32,23,1,2,1,0,0.0,0,1,0,1.8423709931771084,0.335595260597173,0,0,0,3,7,0
27,18,1,2,0,0,0.0,0,1,0,1.4591479170272448,0.691661177203157,0,0,0,3,4,0
35,16,12,2,0,3,0.08571428571428572,0,1,0,1.3787834934861753,1.0053525104487735,0,0,0,4,4,1
24,15,1,2,0,0,0.0,0,1,0,1.4591479170272448,0.554025479465351,0,0,0,3,4,0
40,14,19,3,0,0,0.0,0,1,0,1.3516441151533924,0.5318968633208616,0,0,0,5,3,1
49,18,23,3,0,0,0.0,0,1,0,1.7527152789797047,0.41571349689440273,0,0,0,4,6,0
98,59,32,8,1,4,0.04081632653061224,0,7,0,1.5329145639793977,0.3384346589330933,1,2,1,5,11,1
29,20,1,2,1,0,0.0,0,1,0,1.8423709931771084,0.7221432189251838,0,0,0,3,4,0
22,14,1,2,0,0,0.0,0,1,0,1.4591479170272448,1.339430214426857,0,0,0,3,2,0
43,21,15,2,0,4,0.09302325581395349,0,1,0,1.3787834934861753,0.7031875422432108,0,0,0,4,9,1
48,22,19,3,0,0,0.0,0,1,0,1.8910611120726526,0.4958114081691879,0,0,0,3,5,0
938,56,30,3,0,679,0.7238805970149254,0,1,0,2.217021885879718,3.4952202225208873,2,0,0,6,21,1
78,17,54,3,4,0,0.0,0,2,0,1.7884504573082896,0.37823761620251334,1,0,0,6,5,0
105,14,42,2,1,5,0.047619047619047616,0,0,0,2.48345859334435,0.4485407996607981,0,0,0,6,6,1
35,14,14,2,0,0,0.0,0,1,0,1.3787834934861753,0.534230239218317,0,0,0,4,3,0
44,16,20,2,0,0,0.0,0,1,0,1.224394445405986,0.3911882665900775,0,0,0,6,4,0
156,15,106,4,0,25,0.16025641025641027,0,1,0,2.4370658315190226,0.7103946758139718,1,0,0,7,3,1
79,14,34,2,0,15,0.189873417721519,0,1,0,2.321928094887362,1.077001527572848,0,0,0,4,3,1
39,10,9,2,0,5,0.1282051282051282,0,0,0,1.8423709931771084,0.9736624720073307,0,0,0,3,4,0
36,27,1,2,0,0,0.0,0,1,0,1.4591479170272448,0.4772879765224687,0,0,0,3,8,0
40,31,1,2,0,0,0.0,0,1,0,1.4591479170272448,0.45166469414250915,0,0,0,3,9,0
70,16,46,2,1,3,0.04285714285714286,0,1,0,1.8676338909712122,0.5751905171657377,0,0,0,6,6,1
45,15,23,3,0,0,0.0,0,1,0,1.8464393446710154,0.4797760901948764,0,0,0,4,3,0
46,28,11,4,1,9,0.1956521739130435,0,3,0,1.7527152789797047,0.8930648077546411,0,0,0,3,4,1
40,20,13,3,0,0,0.0,0,1,0,1.4056390622295665,0.35662400518013465,1,0,0,4,7,1
43,14,5,1,0,4,0.09302325581395349,0,0,0,2.128085278891394,0.9274797394517098,0,0,0,3,4,1
23,16,0,2,0,0,0.0,0,1,0,1.5219280948873621,0.781660322067374,0,0,0,2,5,0
71,19,45,2,1,0,0.0,0,1,0,1.4911148500551856,0.31329898322098965,0,0,0,7,6,1
50,14,29,4,1,11,0.22,1,0,0,1.6258145836939115,0.830019175937939,0,0,0,6,0,1
33,16,10,2,0,0,0.0,0,1,0,1.2987949406953985,0.750317766690771,0,0,0,5,4,1
27,18,1,2,0,0,0.0,0,1,0,1.4591479170272448,0.6131995629745415,0,0,0,3,4,0
20,12,1,2,0,0,0.0,0,1,0,1.4591479170272448,0.867070641347227,0,0,0,3,2,0
43,18,17,1,0,4,0.09302325581395349,0,0,0,1.061278124459133,0.5465536245347636,1,0,0,6,8,1
47,39,1,2,0,0,0.0,0,1,0,1.4591479170272448,0.6277569879527048,0,0,0,3,14,0
83,21,17,7,0,12,0.14457831325301204,0,2,0,2.2584598927441624,0.9000176695325072,0,0,0,4,8,0
39,26,6,3,0,0,0.0,0,2,0,1.4488156357251847,0.6740661324062812,0,0,0,3,10,1
25,16,1,2,0,0,0.0,0,1,0,1.4591479170272448,0.9675003634004085,0,0,0,3,4,0
46,18,21,2,0,0,0.0,0,1,0,1.9056390622295665,0.582040381675464,0,0,0,3,6,0
118,42,20,4,0,24,0.2033898305084746,0,3,0,2.5941178916311856,0.9871343623151526,3,2,0,5,15,1
91,22,62,2,1,24,0.26373626373626374,0,1,0,1.4911148500551856,0.7985855083340805,0,0,0,7,8,1
46,13,25,1,1,1,0.021739130434782608,0,0,0,1.4466166676282082,0.5029593667361546,0,0,0,6,3,0
57,16,33,2,0,0,0.0,0,1,0,1.8464393446710154,0.4800040744309402,0,0,0,4,7,0
39,17,14,2,0,0,0.0,0,0,0,1.3787834934861753,0.5729131196466389,1,0,0,4,5,1
79,19,26,3,1,6,0.0759493670886076,0,1,1,2.2797991318374056,0.963525594369738,0,0,0,7,2,1
30,23,0,2,0,3,0.1,0,1,0,1.5219280948873621,1.0793983911805363,0,0,0,2,6,1
25,11,6,1,0,1,0.04,0,0,0,1.3709505944546687,0.6317288679047589,0,0,0,3,3,0
35,26,1,2,0,3,0.08571428571428572,0,1,0,1.4591479170272448,0.5985132513972486,0,0,0,3,7,1
47,16,23,2,0,0,0.0,0,1,0,1.75,0.4937694512565156,0,0,0,4,7,0
65,24,33,1,1,8,0.12307692307692308,0,0,0,1.3567796494470397,0.5903867050696174,0,0,0,7,7,1
22,13,1,2,0,0,0.0,0,1,0,1.4591479170272448,0.6439952053432668,0,0,0,3,3,0
49,42,0,4,0,0,0.0,0,3,0,1.3787834934861753,0.5864997445197521,0,0,0,2,14,1
50,23,19,2,1,0,0.0,0,1,0,1.75,0.2904662653132214,0,0,0,4,6,0
26,18,1,2,0,0,0.0,0,1,0,1.4591479170272448,0.48019155136914626,0,0,0,3,6,1
59,15,36,2,3,0,0.0,0,1,0,1.8464393446710154,0.3752195022793196,0,0,0,4,5,0
45,17,21,1,2,0,0.0,0,0,0,1.8423709931771084,0.5876853405962749,0,0,0,3,6,1
74,24,43,3,4,0,0.0,0,1,0,1.8553885422075338,0.21355506010623854,0,0,0,4,6,0
44,26,10,2,0,0,0.0,0,0,0,1.4591479170272448,0.4848515782021819,0,0,0,3,11,1
30,15,8,1,1,0,0.0,0,0,0,1.792481250360578,0.800614198595879,0,0,0,3,5,0
73,18,48,3,0,2,0.0273972602739726,0,1,0,1.4299111709758698,0.501342927611573,0,0,0,9,8,1
38,29,1,2,0,1,0.02631578947368421,0,1,0,1.4591479170272448,0.48455077227639887,0,0,0,3,11,1
28,8,12,1,0,6,0.21428571428571427,0,0,0,1.2516291673878228,1.2508909896007905,0,0,0,4,1,1
31,8,6,1,0,4,0.12903225806451613,0,0,0,2.0,1.2764763485710222,0,0,0,4,2,1
36,25,4,2,0,0,0.0,0,1,0,1.4591479170272448,0.4096524483914662,0,0,0,3,8,0
68,15,46,2,1,0,0.0,0,0,0,1.4182958340544896,0.5208783987933873,0,0,0,8,6,1
38,30,1,2,0,0,0.0,0,1,0,1.4591479170272448,0.5457670879995299,0,0,0,3,10,0
50,23,20,3,0,1,0.02,0,1,0,2.0464393446710156,0.6643501999700223,0,0,0,4,4,1
30,22,1,2,0,0,0.0,0,1,0,1.4591479170272448,0.5970672217786044,0,0,0,3,8,0
24,16,1,2,0,0,0.0,0,1,0,1.4591479170272448,0.6398449427442721,0,0,0,3,5,0
128,50,20,4,1,19,0.1484375,0,3,0,2.7550576199383077,0.9618111896333676,3,2,0,5,17,1
48,13,28,2,0,5,0.10416666666666667,0,1,0,1.224394445405986,0.5703239975001568,0,0,0,6,2,0
41,20,13,3,1,0,0.0,0,1,0,1.7527152789797047,0.4659973561377422,0,0,0,4,6,0
19,11,1,1,0,0,0.0,0,0,0,1.3709505944546687,1.276434545120461,0,0,0,3,2,1
45,17,21,2,0,0,0.0,0,1,0,1.224394445405986,0.5175435252283078,1,0,0,6,5,1
52,20,24,3,1,0,0.0,0,1,1,2.054585169337799,1.741718006840556,1,0,0,5,4,1
39,15,16,2,0,0,0.0,0,1,0,1.3787834934861753,0.5173164723431708,0,0,0,4,5,0
62,17,38,3,4,21,0.3387096774193548,0,1,0,2.3248629576173565,1.1957973611124795,0,0,0,4,4,0
41,15,18,2,0,0,0.0,0,1,0,1.3787834934861753,0.38943422181138054,0,0,0,4,5,0
68,19,42,6,0,3,0.04411764705882353,0,1,0,1.3143204867061788,0.45942627189151664,1,1,0,6,3,1
76,50,19,4,1,9,0.11842105263157894,0,3,0,1.721928094887362,0.6022741629747278,2,2,0,4,17,1
49,16,26,3,4,0,0.0,0,1,0,1.867633890971212,0.40367727844007834,0,0,0,3,5,0
26,17,1,2,0,0,0.0,0,1,0,1.4591479170272448,0.7578449010550928,0,0,0,3,3,0
26,18,1,2,0,0,0.0,0,1,0,1.4591479170272448,0.46169499988879437,0,0,0,3,5,0
276,31,72,4,0,92,0.3333333333333333,0,1,0,2.6069367321753214,1.5711917186209339,2,0,0,8,13,1
117,42,20,4,0,24,0.20512820512820512,0,3,0,2.5941178916311856,0.8640137609085802,3,2,0,5,15,1
64,23,34,2,1,0,0.0,0,1,0,1.5709505944546687,0.5304195242156973,0,0,0,6,6,0
128,50,20,4,1,14,0.109375,0,3,0,2.7550576199383077,0.8084349111158209,3,2,0,5,17,1
25,17,1,2,0,0,0.0,0,1,0,1.4591479170272448,0.559917441229177,0,0,0,3,4,0
59,15,37,1,0,17,0.288135593220339,0,0,0,1.1488348542809166,1.5294227374264517,0,0,0,5,4,1
26,18,1,2,0,0,0.0,0,1,0,1.4591479170272448,0.6919564273162666,0,0,0,3,4,0
79,28,43,4,1,21,0.26582278481012656,0,2,0,2.3068905956085186,1.4441443186562049,0,0,0,4,10,1
25,16,1,1,0,0,0.0,0,0,0,1.3709505944546687,1.0531065995630664,0,0,0,3,3,0
102,13,82,2,1,5,0.049019607843137254,0,1,0,1.5589385323502771,0.32633837985883013,2,0,0,10,4,1
55,35,5,3,1,0,0.0,0,2,0,2.2998963911678914,0.5582341135135491,0,0,0,4,11,1
73,13,53,2,5,11,0.1506849315068493,0,1,0,1.6493974703476992,0.5708179579504226,0,0,0,8,3,0
392,11,10,24,0,15,0.03826530612244898,1,0,1,2.5730235145750684,0.5851389257209789,3,1,0,21,0,1
49,31,11,2,1,7,0.14285714285714285,0,1,0,1.657742726504889,1.0106188035608195,0,0,0,5,5,1
54,11,35,2,0,13,0.24074074074074073,0,1,0,1.3787834934861753,1.266311964449992,0,0,0,4,3,1
174,21,28,4,6,58,0.3333333333333333,0,1,1,2.708694969562842,1.6013808483188194,0,0,0,3,5,1
47,23,6,3,0,10,0.2127659574468085,0,2,0,2.0464393446710156,1.2985669567684834,0,0,0,4,6,1
47,18,22,2,2,3,0.06382978723404255,0,0,0,2.197159723424149,0.46165692926366864,0,0,0,3,6,0
35,16,11,2,0,0,0.0,0,1,0,1.3787834934861753,0.5264895385882794,0,0,0,4,7,0
77,23,47,1,0,23,0.2987012987012987,0,0,0,1.1488348542809166,1.1133958792263947,0,0,0,5,8,1
48,29,12,2,1,0,0.0,0,1,0,1.75,0.4464519574717603,0,0,0,4,9,1
27,18,1,2,0,0,0.0,0,1,0,1.4591479170272448,0.6435755603696492,0,0,0,3,4,0
52,15,29,2,0,1,0.019230769230769232,0,0,0,1.224394445405986,0.5398393584654129,0,0,0,6,6,1
76,50,19,4,1,13,0.17105263157894737,0,3,0,1.721928094887362,0.7146446140729417,2,2,0,4,17,1
88,21,59,3,1,0,0.0,0,1,0,2.016875695766564,0.542338993579646,0,0,0,4,8,0
25,17,1,2,0,0,0.0,0,1,0,1.4591479170272448,0.6766679409682382,0,0,0,3,4,0
50,16,27,3,0,2,0.04,0,1,0,1.4056390622295665,0.4452901268515917,0,0,0,4,5,0
77,26,44,2,0,22,0.2857142857142857,0,1,0,1.224394445405986,0.9675988584867962,0,0,0,6,6,1
63,25,31,3,0,8,0.12698412698412698,0,1,0,1.4056390622295665,0.7372091289565734,0,0,0,4,6,1
62,15,40,1,1,0,0.0,0,0,0,1.3567796494470397,0.27769029489375113,0,0,0,7,5,1
24,15,1,2,1,1,0.041666666666666664,0,1,0,1.8423709931771084,0.7928525555078941,0,0,0,3,3,0
24,15,1,2,0,0,0.0,0,1,0,1.4591479170272448,0.506546581649642,0,0,0,3,4,0
51,14,30,1,2,12,0.23529411764705882,0,0,0,1.75,1.0892952300872656,0,0,0,4,4,1
61,14,40,2,0,0,0.0,0,0,0,1.5709505944546687,0.5169312074092914,0,0,0,6,3,1
56,26,23,2,0,0,0.0,0,1,0,1.8365916681089791,0.6977908120062005,0,0,0,4,9,0
55,18,29,2,0,1,0.01818181818181818,0,1,0,1.224394445405986,0.37565756228394714,0,0,0,6,2,0
25,15,3,1,0,0,0.0,0,0,0,1.3709505944546687,0.7140635264824343,0,0,0,3,4,1
22,13,1,2,0,0,0.0,0,1,0,1.4591479170272448,0.8461562253235347,0,0,0,3,3,0
48,16,25,2,0,0,0.0,0,1,0,1.8365916681089791,0.5647142408733086,0,0,0,4,4,0
59,15,36,2,0,2,0.03389830508474576,0,1,0,1.657742726504889,0.6339512274123926,0,0,0,5,5,0
46,18,21,3,0,5,0.10869565217391304,0,1,0,1.6854752972273344,0.7990076797600292,0,0,0,5,6,1
89,20,62,3,1,0,0.0,0,1,0,1.4885252948977485,0.35557672338239665,0,0,0,8,8,1
117,42,20,4,0,26,0.2222222222222222,0,3,0,2.5941178916311856,1.073084449310145,3,2,0,5,15,1
20,13,0,1,0,0,0.0,0,0,0,1.5,1.4653243140809995,0,0,0,2,4,0
28,20,1,3,0,0,0.0,0,2,0,1.4488156357251847,0.6144470076990252,0,0,0,3,7,1
43,25,10,2,0,8,0.18604651162790697,0,1,0,1.3787834934861753,1.2317642015375472,0,0,0,4,6,1
53,22,24,2,2,0,0.0,0,1,0,1.9056390622295665,0.3082548482443659,0,0,0,3,7,0
37,22,8,2,0,0,0.0,0,1,0,1.4591479170272448,0.5102050656393524,0,0,0,3,7,0
69,21,41,3,0,0,0.0,0,1,0,1.1401156785146092,0.46466961837151566,0,0,0,9,5,1
52,16,29,2,0,0,0.0,0,1,0,1.7841591278514217,0.6543765103086124,0,0,0,4,4,0
54,14,33,1,0,21,0.3888888888888889,0,0,0,1.3709505944546687,1.5946952596719386,0,0,0,3,5,1
62,29,26,5,0,1,0.016129032258064516,0,2,0,1.3485878960124222,0.370223919843021,0,0,0,5,10,1
44,16,20,2,0,0,0.0,0,1,0,1.3787834934861753,0.48017865720594594,0,0,0,4,6,1
43,15,21,2,0,0,0.0,0,1,0,1.224394445405986,0.8092882673805649,0,1,0,6,4,1
31,22,1,2,0,0,0.0,0,1,0,1.4591479170272448,0.4146118338560909,0,0,0,3,9,0
126,38,26,2,1,0,0.0,0,1,0,1.8676338909712122,0.5363212098922239,0,0,0,6,14,1
67,22,38,2,2,0,0.0,0,1,0,1.7609640474436812,0.3583818573984271,0,0,0,5,8,0
213,14,4,4,3,25,0.11737089201877934,0,1,0,3.064188193494977,0.9313294544958379,1,0,0,11,4,1
50,17,26,3,1,0,0.0,0,1,0,1.7527152789797047,0.4495864714908474,1,0,0,4,4,1
21,12,1,1,0,0,0.0,0,0,0,1.3709505944546687,0.6984403209380111,0,0,0,3,5,0
30,21,1,2,0,0,0.0,0,1,0,1.4591479170272448,0.6860652108977315,0,0,0,3,6,0
59,14,38,3,4,4,0.06779661016949153,0,1,0,1.867633890971212,0.6556271444807649,0,0,0,3,3,0
25,16,1,1,0,0,0.0,0,0,0,1.3709505944546687,0.6253115755782008,0,0,0,3,6,1
27,19,1,2,0,0,0.0,0,1,0,1.4591479170272448,0.6821719237017051,0,0,0,3,3,0
26,18,1,2,0,0,0.0,0,1,0,1.4591479170272448,0.7007215409272916,0,0,0,3,5,0
41,8,6,1,0,6,0.14634146341463414,0,0,0,2.2810361125534233,1.1238845570923266,0,0,0,4,2,1
115,42,19,4,0,20,0.17391304347826086,0,3,0,2.577819531114783,0.9451680612301576,3,2,0,4,15,1
37,16,14,1,1,0,0.0,0,0,0,1.5487949406953985,0.6213991111652202,0,0,0,5,6,1
58,28,23,2,1,0,0.0,0,1,0,1.75,0.37668183129436655,0,0,0,4,9,0
102,15,80,1,1,20,0.19607843137254902,0,0,0,1.207518749639422,0.6608019694228651,0,0,0,9,5,1
94,43,44,2,1,0,0.0,0,0,0,1.5709505944546687,0.39521262045082867,0,0,0,6,17,1
58,14,37,3,2,0,0.0,0,1,0,1.8464393446710154,0.362506065400262,0,0,0,4,3,0
20,12,1,2,0,0,0.0,0,1,0,1.4591479170272448,0.748846941319846,0,0,0,3,3,1
56,18,31,2,2,0,0.0,0,0,0,1.7609640474436812,0.48172320651174383,0,0,0,5,5,1
47,14,26,3,0,0,0.0,0,1,0,1.295461844238322,0.4325864372710764,0,0,0,6,4,1
67,14,45,3,0,4,0.05970149253731343,0,1,0,1.8262452584026092,0.8414331753363975,0,0,0,4,5,1
32,11,14,2,0,1,0.03125,0,0,0,1.4591479170272448,1.1892091016386612,0,0,0,3,2,0
45,10,28,2,0,0,0.0,0,1,0,1.224394445405986,0.3527724921800951,0,0,0,6,3,0
47,17,23,2,2,0,0.0,0,1,0,1.8365916681089791,0.37839698428071344,0,0,0,4,5,0
28,19,1,2,0,0,0.0,0,1,0,1.4591479170272448,0.4745930009063656,0,0,0,3,5,0
65,16,42,2,0,0,0.0,0,1,0,1.8676338909712122,0.453673612178025,0,0,0,6,4,0
113,17,61,5,1,0,0.0,0,0,1,2.080482023721841,0.6220189379502571,0,0,0,10,7,1
87,14,66,1,1,19,0.21839080459770116,0,0,0,1.3567796494470397,0.7308608135827779,1,0,0,7,4,1
50,12,31,2,3,0,0.0,0,1,0,2.054585169337799,0.47732906894089183,0,0,0,5,2,0
68,18,43,2,7,5,0.07352941176470588,0,1,0,1.6893917467430877,0.4048331263076841,0,0,0,4,5,0
72,17,47,1,3,0,0.0,0,0,0,1.6854752972273344,0.3683178654573906,0,0,0,5,6,0
30,21,1,2,0,0,0.0,0,1,0,1.4591479170272448,0.625787303387802,0,0,0,3,7,0
56,21,28,2,2,1,0.017857142857142856,0,1,0,1.7609640474436812,0.28370339893133184,0,0,0,5,5,0
23,14,1,3,0,0,0.0,0,2,0,1.4488156357251847,0.9784293833449419,0,0,0,3,4,0
41,32,1,2,1,1,0.024390243902439025,0,1,0,1.8423709931771084,0.5001538366662324,0,0,0,3,12,1
23,14,1,2,0,6,0.2608695652173913,0,1,0,1.4591479170272448,1.330377826718642,0,0,0,3,1,1
25,16,1,2,0,0,0.0,0,1,0,1.4591479170272448,0.604581717476066,0,0,0,3,4,0
40,11,22,1,0,0,0.0,0,0,0,1.75,0.7832490230955512,0,0,0,4,5,0
79,21,51,3,5,0,0.0,0,1,0,1.8262452584026092,0.5597856647253884,0,0,0,4,7,0
60,22,31,1,2,6,0.1,0,0,0,1.4911148500551856,0.3694206962911844,0,0,0,7,9,1
127,50,19,4,1,18,0.14173228346456693,0,3,0,2.794653473544342,0.7468660566110715,3,2,0,4,17,1
42,19,16,3,0,0,0.0,0,1,0,1.3516441151533924,0.5336443200653542,0,0,0,5,7,1
49,14,27,1,2,0,0.0,0,0,0,1.75,0.5574555128036457,0,0,0,4,6,0
33,24,1,2,0,0,0.0,0,1,0,1.4591479170272448,0.5675338943744802,0,0,0,3,8,1
21,14,0,2,0,5,0.23809523809523808,0,1,0,1.5219280948873621,1.5981095736524382,0,0,0,2,3,0
49,18,24,1,1,3,0.061224489795918366,0,0,0,1.6644977792004612,0.8379833908128321,0,0,0,4,4,1
36,16,12,2,0,0,0.0,0,1,0,1.4591479170272448,0.45297576773865195,0,0,0,3,5,0
46,14,25,2,0,2,0.043478260869565216,0,0,0,1.224394445405986,0.6088202649075587,0,0,0,6,5,0
133,13,112,2,12,8,0.06015037593984962,0,1,0,1.5227119556807576,0.32044784338249005,0,0,0,8,4,0
23,14,1,2,0,0,0.0,0,1,0,1.4591479170272448,0.8352405358250214,0,0,0,3,5,1
145,32,105,3,3,8,0.05517241379310345,0,1,0,1.8954618442383218,0.5242369739963022,1,0,0,3,13,1
66,19,40,3,0,0,0.0,0,1,0,1.8464393446710154,0.3824677362312833,0,0,0,4,4,0
43,15,6,2,0,2,0.046511627906976744,0,1,0,2.4193819456463714,0.8941851445201863,0,0,0,3,5,0
59,18,33,3,1,0,0.0,0,2,0,1.6854752972273344,0.4569425647921086,0,0,0,5,5,0
51,25,18,2,1,0,0.0,0,1,0,1.8423709931771084,0.2822358291364566,0,0,0,3,10,0
36,17,12,2,1,0,0.0,0,1,0,1.8423709931771084,0.4678051310310206,0,0,0,3,2,0
79,22,33,2,0,25,0.31645569620253167,0,1,0,2.4193819456463714,1.2682331859968643,0,0,0,3,4,1
44,36,1,2,0,0,0.0,0,1,0,1.4591479170272448,0.540637915020002,0,0,0,3,13,0
54,17,29,3,0,0,0.0,0,1,0,1.8464393446710154,0.3496288834534166,0,0,0,4,5,0
36,27,1,2,0,0,0.0,0,1,0,1.4591479170272448,0.5493706298933506,0,0,0,3,9,0
268,26,18,3,0,35,0.13059701492537312,0,1,0,2.4956029237290127,0.8122878216649025,0,1,0,5,9,1
40,17,16,3,0,0,0.0,0,1,0,1.3516441151533924,0.3989011406950829,0,0,0,5,6,0
52,22,22,3,0,6,0.11538461538461539,0,1,0,1.3516441151533924,0.8030125646526882,0,0,0,5,11,1
275,20,82,3,1,101,0.36727272727272725,0,1,0,2.695774998782763,1.5163669536107889,2,1,0,9,5,1
22,13,1,2,0,0,0.0,0,1,0,1.4591479170272448,0.7960491189256288,0,0,0,3,6,1
66,16,5,2,0,6,0.09090909090909091,0,1,0,2.1556390622295662,0.7969875978883397,0,0,0,3,6,1
51,14,30,3,0,0,0.0,0,1,0,1.295461844238322,0.5946324093641675,0,0,0,6,5,1
32,23,1,2,0,0,0.0,0,1,0,1.4591479170272448,0.38521129164823015,0,0,0,3,8,0
121,30,1,5,4,33,0.2727272727272727,0,4,0,2.4232196723355077,0.9785900390468463,0,0,0,5,5,1
48,23,18,2,1,4,0.08333333333333333,0,1,0,2.0588138903312014,0.5220901991709536,0,0,0,4,7,0
73,41,24,4,2,5,0.0684931506849315,0,3,0,1.8423709931771084,0.32944241787938056,0,0,0,6,11,1
51,43,1,1,2,0,0.0,0,0,0,1.8423709931771084,0.6618039445563058,0,0,0,3,14,1
63,20,36,3,1,6,0.09523809523809523,0,2,0,1.4885252948977485,0.46596716199544846,0,0,0,8,3,1
41,13,21,2,0,0,0.0,0,1,0,1.2987949406953985,0.6258749044322343,0,0,0,5,5,1
35,15,13,2,0,0,0.0,0,1,0,1.2987949406953985,0.7528567691335621,0,0,0,5,4,1
66,45,14,6,0,17,0.25757575757575757,0,4,0,1.3221793455166666,0.8772650806274673,0,0,0,4,7,1
27,19,1,2,0,0,0.0,0,1,0,1.4591479170272448,0.6899832405245597,0,0,0,3,6,0
45,37,1,4,0,0,0.0,0,3,0,1.4056390622295665,0.6257716856459942,0,0,0,3,12,1
39,16,15,2,0,0,0.0,0,1,0,1.4591479170272448,0.4338248052069216,0,0,0,3,5,0
41,22,11,3,1,1,0.024390243902439025,0,2,0,1.6854752972273344,0.2510221879746383,0,0,0,5,6,1
60,29,17,8,0,0,0.0,0,5,0,1.5329145639793977,1.1911529653142394,0,0,0,5,6,1
52,17,28,3,0,0,0.0,0,1,0,1.6854752972273344,0.29727460802861105,0,0,0,5,6,0
56,30,19,2,0,7,0.125,0,1,0,1.3787834934861753,0.7881054187426172,0,0,0,4,11,1
50,18,25,1,3,0,0.0,0,0,0,1.7527152789797047,0.43661825784677527,0,0,0,4,6,0
34,26,0,2,0,1,0.029411764705882353,0,1,0,1.5219280948873621,0.6284158647095364,0,0,0,2,8,1
30,23,0,2,0,3,0.1,0,1,0,1.5219280948873621,0.8850241710531048,0,0,0,2,6,1
28,20,1,2,0,2,0.07142857142857142,0,1,0,1.4591479170272448,0.8533369971798833,0,0,0,3,7,1
59,29,23,3,1,0,0.0,0,1,0,1.811278124459133,0.30321087090624416,1,0,0,3,12,1
39,20,12,1,0,0,0.0,0,0,0,1.2516291673878228,0.7638964554681413,0,0,0,4,7,1
126,50,20,4,1,18,0.14285714285714285,0,3,0,2.7550576199383077,0.8451657418221746,3,2,0,5,17,1
27,10,10,1,0,0,0.0,0,0,0,1.3709505944546687,0.5081389908907912,0,0,0,3,4,1
43,15,6,2,0,3,0.06976744186046512,0,1,0,2.1556390622295662,0.9669546150297604,0,0,0,3,5,0
50,14,29,2,0,0,0.0,0,1,0,1.2987949406953985,0.3218849048237399,1,0,0,5,2,1
41,10,23,1,2,0,0.0,0,0,0,1.4911148500551856,0.9845412710406207,0,0,0,7,3,1
46,16,23,2,1,3,0.06521739130434782,0,1,0,2.0588138903312014,0.37058167440722506,0,0,0,4,4,0
60,17,35,1,1,0,0.0,0,0,0,1.2776134368191154,0.3100994161121434,0,0,0,8,6,1
142,29,105,3,2,9,0.06338028169014084,0,1,0,1.8910611120726526,0.5275571594587012,1,0,0,3,11,1
36,17,11,2,0,0,0.0,0,1,0,1.3787834934861753,0.509336387304621,0,0,0,4,4,0
55,14,33,2,1,0,0.0,0,1,0,1.5709505944546687,0.26943849391832514,0,0,0,6,4,0
24,15,1,1,0,0,0.0,0,0,0,1.3709505944546687,1.126175004992508,0,0,0,3,3,1
51,43,1,3,2,10,0.19607843137254902,0,2,0,1.8910611120726526,0.8470320269735447,0,0,0,3,12,1
119,17,95,2,2,0,0.0,0,1,0,1.8192407046368488,0.5179020116033036,0,0,0,4,6,0
26,14,4,2,0,0,0.0,0,1,0,1.4591479170272448,0.7727836927077274,0,0,0,3,4,0
128,50,20,4,1,15,0.1171875,0,3,0,2.7550576199383077,0.7806660954015441,3,2,0,5,17,1
39,25,7,2,0,0,0.0,0,1,0,1.4591479170272448,0.3423205011874861,0,0,0,3,8,0
186,14,4,5,0,20,0.10752688172043011,0,1,0,2.7042412793593127,0.726945929962575,1,0,0,9,4,1
71,38,26,5,2,6,0.08450704225352113,0,3,1,2.054585169337799,0.9915080555928072,0,0,0,3,9,1
22,8,7,1,0,0,0.0,0,0,0,1.2516291673878228,0.8741213408535047,0,0,0,4,2,1
35,22,1,2,0,0,0.0,0,1,0,2.4464393446710155,0.9266484498480508,0,0,0,3,6,0
26,17,1,2,0,0,0.0,0,1,0,1.4591479170272448,0.48699589442194685,0,0,0,3,5,0
36,18,11,2,0,0,0.0,0,1,0,1.3787834934861753,0.3860907160270284,0,0,0,4,5,0
54,9,38,4,0,6,0.1111111111111111,0,0,0,1.7841591278514217,0.7760564378307379,1,0,0,5,1,1
48,24,16,3,0,0,0.0,0,1,0,1.4056390622295665,0.468333737268378,0,0,0,4,7,0
37,16,13,2,0,0,0.0,0,1,0,1.3787834934861753,0.5577997870036439,0,0,0,4,7,0
30,15,7,2,0,0,0.0,0,1,0,1.3787834934861753,0.731524433868542,0,0,0,4,4,1
77,25,45,4,0,0,0.0,0,1,0,1.3221793455166666,0.3148826113011327,0,0,0,6,7,1
77,17,52,2,0,3,0.03896103896103896,0,1,0,1.7841591278514217,0.514562111588135,0,0,0,4,7,0
31,23,0,2,0,0,0.0,0,1,0,1.5219280948873621,0.5979741104093853,0,0,0,2,8,1
50,28,14,2,1,0,0.0,0,0,0,1.8423709931771084,0.3226340272810712,0,0,0,3,10,1
47,20,20,1,0,0,0.0,0,0,0,1.2516291673878228,0.5958469128361427,0,1,0,4,7,1
109,14,87,2,8,8,0.07339449541284404,0,1,0,1.5954618442383217,0.30004273819193034,0,0,0,9,3,0
45,25,12,3,0,9,0.2,0,1,0,1.4488156357251847,1.1287099741704494,0,0,0,3,6,1
50,12,30,2,3,0,0.0,0,1,0,1.8464393446710154,0.32651285647434236,0,0,0,4,2,0
36,27,1,2,0,0,0.0,0,1,0,1.4591479170272448,0.580122519672603,0,0,0,3,12,0
41,12,22,2,0,0,0.0,0,0,0,1.2987949406953985,0.523437984228461,1,0,0,5,5,1
63,30,25,3,2,0,0.0,0,1,0,1.8910611120726526,0.3236437237311802,0,0,0,3,9,0
46,32,7,4,1,5,0.10869565217391304,0,3,0,1.7527152789797047,0.696494435956285,0,0,0,3,7,1
48,28,13,2,1,0,0.0,0,1,0,1.75,0.46088902633732964,0,0,0,4,9,1
131,15,109,1,0,24,0.183206106870229,0,0,0,1.6729330318733675,0.9653846273681512,2,0,0,7,5,1
40,13,20,3,0,0,0.0,0,1,0,1.811278124459133,0.4607457651567426,0,0,0,3,3,0
45,17,21,2,0,1,0.022222222222222223,0,1,0,1.2987949406953985,0.5335851139045004,0,0,0,5,5,0
50,19,24,3,0,0,0.0,0,1,0,1.7527152789797047,0.3351295600836574,0,0,0,4,6,0
154,38,12,5,2,24,0.15584415584415584,0,3,0,2.5492553971685,0.7258462144365057,0,0,0,3,9,1
37,17,12,2,0,0,0.0,0,1,0,1.3787834934861753,0.48724440721980716,0,0,0,4,6,0
66,15,43,1,0,7,0.10606060606060606,0,0,0,1.6854752972273344,0.5239965325783434,0,0,0,5,6,1
23,14,1,2,0,0,0.0,0,1,0,1.4591479170272448,1.002186485342612,0,0,0,3,3,0
52,29,16,2,0,0,0.0,0,0,0,1.3787834934861753,0.40017402758971105,0,0,0,4,11,1
42,13,22,1,1,0,0.0,0,0,0,1.5487949406953985,0.5639086129530226,0,0,0,5,4,1
62,16,33,2,2,10,0.16129032258064516,0,1,0,2.199687794731328,0.7543423776302149,0,0,0,6,6,0
26,10,9,1,0,1,0.038461538461538464,0,0,0,1.2516291673878228,0.7755269067820315,0,0,0,4,4,1
19,12,0,2,0,0,0.0,0,1,0,1.5219280948873621,1.3316110196278128,0,0,0,2,1,0
37,17,13,3,0,1,0.02702702702702703,0,1,0,1.4056390622295665,0.4950868326805019,0,0,0,4,4,0
73,16,50,3,4,6,0.0821917808219178,0,1,0,1.8262452584026092,0.3849276890852788,0,0,0,5,5,0
51,16,28,3,2,0,0.0,0,1,0,1.8910611120726526,0.3963978115338445,0,0,0,3,3,0
26,18,1,2,0,0,0.0,0,1,0,1.4591479170272448,0.595647217154808,0,0,0,3,5,0
57,16,33,2,0,0,0.0,0,1,0,1.2987949406953985,0.4598714506988528,0,0,0,5,6,1
28,19,1,2,0,0,0.0,0,1,0,1.4591479170272448,0.5171397440048401,0,0,0,3,5,0
37,28,1,4,0,13,0.35135135135135137,0,3,0,1.4056390622295665,1.5676121889945613,0,0,0,3,5,1
25,12,5,2,0,0,0.0,0,1,0,1.4591479170272448,0.724735961651328,0,0,0,3,4,0
28,20,1,2,0,0,0.0,0,1,0,1.4591479170272448,0.6759306867746501,0,0,0,3,6,0
46,21,18,2,0,2,0.043478260869565216,0,1,0,1.8423709931771084,0.43156683455973116,0,0,0,3,7,0
30,23,0,2,0,3,0.1,0,1,0,1.5219280948873621,0.9142394267533944,0,0,0,2,6,1
78,24,47,3,2,0,0.0,0,1,0,1.8464393446710154,0.2363384260108799,0,0,0,4,7,0
51,15,29,1,3,0,0.0,0,0,0,1.7527152789797047,0.4744672096425105,0,0,0,4,5,0
27,13,7,2,0,3,0.1111111111111111,0,1,0,1.3787834934861753,0.9967795491220599,0,0,0,4,1,1
49,23,19,3,1,0,0.0,0,1,0,1.811278124459133,0.49717729063998767,0,0,0,3,6,0
39,20,11,3,0,0,0.0,0,1,0,1.4056390622295665,0.5572133057666457,0,0,0,4,6,1
22,15,0,2,0,0,0.0,0,1,0,1.5219280948873621,1.0203847530779835,0,0,0,2,4,0
79,19,53,2,5,0,0.0,0,1,0,1.760495029766198,0.4669664988786688,0,0,0,5,4,0
70,18,45,3,0,0,0.0,0,1,0,1.8553885422075338,0.4028087909020409,0,0,0,4,5,0
87,17,62,2,5,0,0.0,0,1,0,1.760495029766198,0.47207985043730655,0,0,0,5,5,0
73,16,6,3,0,17,0.2328767123287671,0,1,0,2.6688388898504303,1.5752759099957045,0,0,0,3,6,1
47,20,19,3,0,0,0.0,0,1,0,1.3516441151533924,0.4927815364434782,0,0,0,5,6,0
27,18,1,2,0,0,0.0,0,1,0,1.4591479170272448,0.5866016332160784,0,0,0,3,4,0
42,34,1,2,2,5,0.11904761904761904,0,1,0,1.9056390622295665,0.9174499906689976,0,0,0,3,9,1
27,14,6,2,0,0,0.0,0,1,0,1.3787834934861753,0.8099518555216259,0,0,0,4,3,1
49,23,18,2,0,0,0.0,0,1,0,1.2987949406953985,0.5253830828047453,0,0,0,5,7,1
26,6,12,1,0,0,0.0,0,0,0,1.792481250360578,0.9131979984638018,0,0,0,3,1,1
70,7,13,4,0,0,0.0,0,0,0,1.9852281360342514,0.41830814952875306,0,0,0,6,2,1
30,21,1,2,0,0,0.0,0,1,0,1.4591479170272448,0.4807371171297084,0,0,0,3,4,0
33,14,11,2,0,5,0.15151515151515152,0,1,0,1.4591479170272448,1.093592683346863,0,0,0,3,2,1
67,17,42,3,0,6,0.08955223880597014,0,1,0,1.8250112108241772,0.5495029068324512,0,0,0,5,5,0
30,21,1,2,0,0,0.0,0,1,0,1.4591479170272448,0.42830003552480744,0,0,0,3,7,0
24,17,0,2,1,0,0.0,0,1,0,1.9182958340544896,0.7630074870773155,0,0,0,2,6,0
73,19,47,2,3,2,0.0273972602739726,0,1,0,1.8464393446710154,0.42863151373746106,0,0,0,4,4,0
54,24,22,3,1,5,0.09259259259259259,0,1,0,1.6854752972273344,0.6593038120845323,0,0,0,5,7,1
64,18,39,2,0,0,0.0,0,1,0,1.0408520829727552,0.3877480757401228,0,0,0,9,5,1
44,20,17,2,0,0,0.0,0,1,0,1.3787834934861753,0.4615296378418857,0,0,0,4,5,0
48,27,14,2,1,2,0.041666666666666664,0,1,0,1.75,0.4885915259501808,0,2,0,4,8,1
25,16,1,2,0,0,0.0,0,1,0,1.4591479170272448,0.6232587955315426,0,0,0,3,4,1
41,13,21,1,0,0,0.0,0,0,0,1.061278124459133,0.49819507260113444,0,0,0,6,5,1
46,37,1,2,2,2,0.043478260869565216,0,1,0,1.9056390622295665,0.4987372519447769,1,2,0,3,11,1
83,31,44,3,1,0,0.0,0,1,0,1.617189572592715,0.2988572429284806,0,0,0,6,9,0
62,22,33,2,0,0,0.0,0,0,0,1.224394445405986,0.5366857271285851,1,0,0,6,10,1
48,27,13,2,1,0,0.0,0,1,0,1.657742726504889,0.3586348886950898,0,0,0,5,10,1
189,17,165,3,0,76,0.4021164021164021,0,1,0,1.188721875540867,2.5036116653530005,0,0,0,8,5,1
117,42,20,4,0,19,0.1623931623931624,0,3,0,2.5941178916311856,0.8548526767291205,3,2,0,5,15,1
28,19,1,2,0,0,0.0,0,1,0,1.4591479170272448,0.7092758614891418,0,0,0,3,5,0
55,46,1,2,3,12,0.21818181818181817,0,1,0,1.8910611120726526,0.7516268353048093,0,0,0,3,11,1
221,13,201,6,1,46,0.2081447963800905,0,1,0,1.6850562489182659,1.1350453728922183,0,0,0,6,3,0
121,53,44,8,3,24,0.19834710743801653,0,6,0,2.1279868068776753,0.8617639019810336,3,2,0,4,15,1
53,21,25,2,0,4,0.07547169811320754,0,1,0,1.224394445405986,0.6380624728934599,0,0,0,6,8,1
127,50,19,4,1,17,0.13385826771653545,0,3,0,2.794653473544342,0.8581647786849115,3,2,0,4,17,1
45,20,18,1,0,0,0.0,0,0,0,1.3709505944546687,0.47538786402825406,0,0,0,3,6,1
29,21,1,2,0,0,0.0,0,1,0,1.4591479170272448,0.4578188713330255,0,0,0,3,7,0
40,32,1,2,0,1,0.025,0,1,0,1.4591479170272448,0.4264350889052044,0,0,0,3,12,1
119,12,100,4,2,26,0.2184873949579832,0,0,0,2.458453829233059,2.3141556356687447,0,1,0,8,4,1
74,18,49,2,0,0,0.0,0,1,0,1.0957952550009336,0.5992306111533433,0,0,0,8,6,1
36,15,14,2,1,0,0.0,0,1,0,1.75,0.47396549746967875,1,0,0,4,6,1
31,22,1,2,0,2,0.06451612903225806,0,1,0,1.4591479170272448,0.8802869377800927,0,0,0,3,6,1
70,49,13,5,2,17,0.24285714285714285,0,3,0,1.7841591278514217,0.8388070217816846,0,0,0,4,8,1
48,20,20,3,0,6,0.125,0,1,0,1.4056390622295665,0.6971585973621388,0,0,0,4,6,0
27,19,1,2,0,0,0.0,0,1,0,1.4591479170272448,0.69374612770459,0,0,0,3,6,0
71,19,44,2,3,0,0.0,0,1,0,1.7295739585136223,0.2018369657479365,0,0,0,6,4,0
24,15,1,2,0,0,0.0,0,1,0,1.4591479170272448,0.6530794963521303,0,0,0,3,3,0
69,14,48,3,0,2,0.028985507246376812,0,0,0,1.188721875540867,0.6571576210568644,2,0,0,8,5,1
20,13,0,2,0,0,0.0,0,1,0,1.5219280948873621,1.0626415331875083,0,0,0,2,2,0
43,21,15,2,0,0,0.0,0,1,0,1.75,0.3295110948818625,0,0,0,4,5,1
35,27,1,2,0,0,0.0,0,1,0,1.4591479170272448,0.5440993935835282,0,0,0,3,9,0
43,14,22,3,0,6,0.13953488372093023,0,1,0,1.3516441151533924,0.7360155638835303,0,0,0,5,6,0
42,15,19,1,0,0,0.0,0,0,0,1.061278124459133,0.6986723031359404,0,0,0,6,6,1
37,19,10,2,0,0,0.0,0,1,0,1.3787834934861753,0.49835477301205394,0,0,0,4,5,1
41,32,1,2,1,0,0.0,0,1,0,1.8423709931771084,0.4340688441159092,0,0,0,3,12,1
44,18,18,2,1,0,0.0,0,1,0,1.8423709931771084,0.3599198831761097,0,0,0,3,6,0
59,23,28,2,1,2,0.03389830508474576,0,1,0,2.0588138903312014,0.3991773931179186,0,0,0,4,6,0
83,16,59,2,5,1,0.012048192771084338,0,1,0,1.760495029766198,0.31662909240583303,0,0,0,5,4,0
23,6,10,2,0,0,0.0,0,0,0,1.4591479170272448,0.8192350516529819,0,0,0,3,2,1
93,21,64,2,5,8,0.08602150537634409,0,1,0,1.7273966735744792,0.45104828694504406,0,0,0,6,6,0
23,14,1,2,0,0,0.0,0,1,0,1.4591479170272448,0.7092188131683298,0,0,0,3,2,0
25,16,1,2,0,0,0.0,0,1,0,1.4591479170272448,0.37137368407061216,0,0,0,3,4,0
35,26,1,2,0,0,0.0,0,1,0,1.4591479170272448,0.6030568106853652,0,0,0,3,10,0
41,18,16,3,0,0,0.0,0,1,0,1.4056390622295665,0.5287696003639161,0,0,0,4,3,0
95,22,66,1,1,0,0.0,0,0,0,1.5058762556041068,0.3151152102388669,2,0,0,9,9,1
28,12,8,1,0,0,0.0,0,0,0,1.2516291673878228,0.55799849736314,0,0,0,4,4,1
25,17,1,2,0,0,0.0,0,1,0,1.4591479170272448,0.7027804422715512,0,0,0,3,5,0
43,11,25,2,0,0,0.0,0,0,0,1.2987949406953985,0.6563501229766951,0,0,0,5,5,1
66,18,40,2,6,0,0.0,0,1,0,1.7381493331928664,0.31220763178662847,0,0,0,4,5,0
42,14,21,3,1,2,0.047619047619047616,0,1,0,1.811278124459133,0.4313486811006887,0,0,0,3,3,0
23,14,1,2,0,0,0.0,0,1,0,1.4591479170272448,0.8285436872078293,0,0,0,3,3,0
43,15,20,2,0,0,0.0,0,1,0,1.3787834934861753,0.4179043186001028,0,0,0,4,5,0
55,36,12,5,2,9,0.16363636363636364,0,3,0,1.789929075309999,0.8674086208260362,0,0,0,3,9,1
52,16,29,2,1,10,0.19230769230769232,0,1,0,1.75,0.7557640935271029,0,0,0,4,4,0
49,31,11,2,1,0,0.0,0,1,0,1.75,0.38892529527504677,0,0,0,4,10,0
40,25,7,2,0,8,0.2,0,1,0,1.3787834934861753,1.1651882118353611,0,0,0,4,6,1
56,39,10,4,2,4,0.07142857142857142,0,3,0,1.8464393446710154,0.35815815118011185,0,0,0,3,9,1
71,46,18,3,1,20,0.28169014084507044,0,1,0,1.7527152789797047,1.325805334483588,0,0,0,4,6,1
60,14,39,3,1,2,0.03333333333333333,0,1,0,1.4885252948977485,0.5208489058431298,0,0,0,8,2,1
25,17,0,1,0,0,0.0,0,0,0,1.5,0.6969429296605318,0,0,0,2,6,1
58,14,36,2,2,8,0.13793103448275862,0,1,0,1.7609640474436812,0.5768045859061383,0,0,0,5,2,0
99,12,79,1,2,5,0.050505050505050504,0,0,0,1.7382689280764647,0.4230486984408816,2,0,0,9,3,1
212,25,179,2,0,69,0.32547169811320753,0,1,0,0.6723123356476847,2.9873320278548166,0,0,0,4,9,1
160,21,57,3,1,16,0.1,0,1,1,2.7603136973125113,0.8457787003185219,2,0,0,6,6,1
127,50,19,4,1,26,0.2047244094488189,0,3,0,2.794653473544342,0.8738523240586173,3,2,0,4,17,1
30,22,1,2,0,0,0.0,0,1,0,1.4591479170272448,0.5766941571714442,0,0,0,3,6,0
72,13,52,3,4,12,0.16666666666666666,0,1,0,1.7884504573082896,0.7492419587539245,0,0,0,6,2,0
77,40,30,2,1,0,0.0,0,1,0,2.197159723424149,0.5316842528393347,0,0,0,3,15,0
113,17,61,3,2,0,0.0,0,0,1,2.1440239107574226,0.5387467268053767,0,0,0,10,7,1
132,16,24,3,0,7,0.05303030303030303,0,1,0,2.2998963911678914,0.6676914414097249,0,0,0,4,5,1
13,6,0,1,0,0,0.0,0,0,0,1.5,1.5075092079590218,0,0,0,2,0,0
218,12,33,3,1,81,0.37155963302752293,0,1,0,2.8709505944546687,1.700390490239705,2,0,0,6,3,1
32,10,15,1,1,0,0.0,0,0,0,1.6644977792004612,0.6291369109072543,0,0,0,4,3,1
39,17,15,2,0,0,0.0,0,1,0,1.3787834934861753,0.4990284794658218,0,0,0,4,5,0
57,14,36,2,0,1,0.017543859649122806,0,0,0,1.224394445405986,0.5293313564373584,0,0,0,6,6,1
24,15,1,2,0,0,0.0,0,1,0,1.4591479170272448,0.7167828096744283,0,0,0,3,3,0
45,29,8,2,0,22,0.4888888888888889,0,1,0,1.4591479170272448,1.9265905415259459,0,0,0,3,4,1
49,11,31,2,3,0,0.0,0,0,0,1.8910611120726526,0.4990488787641629,0,0,0,3,4,0
113,15,76,2,0,11,0.09734513274336283,0,1,0,2.1179631753145163,0.5810663820590755,0,0,0,7,5,1
45,22,15,3,0,1,0.022222222222222223,0,2,0,1.3516441151533924,0.4860519580084122,0,0,0,5,8,1
56,25,24,2,0,0,0.0,0,1,0,1.9056390622295665,0.4818795427631582,0,0,0,3,8,0
43,29,7,4,0,0,0.0,0,3,0,1.4056390622295665,0.4951190452296902,0,0,0,3,8,1
62,10,45,1,0,18,0.2903225806451613,0,0,0,1.1488348542809166,1.3629610629161282,0,0,0,5,2,1
19,11,1,2,0,0,0.0,0,1,0,1.4591479170272448,1.0146420474824904,0,0,0,3,1,0
115,19,89,3,1,17,0.14782608695652175,0,1,0,1.3752793655393791,0.5382556462477145,0,0,0,10,5,1
27,18,1,2,0,0,0.0,0,1,0,1.4591479170272448,0.5814480506763329,0,0,0,3,5,0
48,41,0,6,0,0,0.0,0,5,0,1.224394445405986,0.40146772214149495,1,0,0,2,13,1
30,21,1,2,0,0,0.0,0,1,0,1.4591479170272448,0.3907902432449849,0,0,0,3,6,0
55,14,34,3,0,0,0.0,0,1,0,1.295461844238322,0.5250666547789308,0,0,0,6,3,0
43,26,10,2,0,0,0.0,0,1,0,1.3787834934861753,0.7908851876253237,0,0,0,4,8,1
65,13,44,2,3,0,0.0,0,0,0,1.789929075309999,0.4542917518890642,0,0,0,5,5,0
26,19,0,2,0,0,0.0,0,1,0,1.5219280948873621,0.5097271321500542,0,0,0,2,5,0
32,24,1,2,0,0,0.0,0,1,0,1.4591479170272448,0.5216185200243927,0,0,0,3,5,0
83,16,46,2,0,6,0.07228915662650602,0,1,0,2.199687794731328,0.5753074171248032,0,0,0,6,6,1
47,15,25,4,1,3,0.06382978723404255,0,2,0,1.721928094887362,0.4604702097130412,1,0,0,4,2,1
63,23,25,3,0,0,0.0,0,1,0,1.9717472571281809,0.5314880014676845,0,0,0,5,10,1
51,19,25,2,0,1,0.0196078431372549,0,0,0,1.224394445405986,0.5746259088103495,0,0,0,6,7,1
65,24,34,3,0,0,0.0,0,1,0,1.8464393446710154,0.49782738664054554,0,0,0,4,9,0
38,30,1,3,0,0,0.0,0,2,0,1.4488156357251847,0.3292441112789964,1,0,0,3,9,1
212,12,41,8,1,34,0.16037735849056603,0,0,1,2.615922063835167,0.684743164260259,1,0,0,10,2,1
52,23,6,3,0,10,0.19230769230769232,0,2,0,2.0464393446710156,1.1303958114231452,0,0,0,4,6,1
71,13,22,3,0,0,0.0,0,0,1,2.221251836004466,0.9887547482920485,0,0,0,5,5,1
45,24,14,1,2,0,0.0,0,0,0,1.657742726504889,0.3889858245216854,0,0,0,5,9,1
29,21,1,2,0,0,0.0,0,1,0,1.4591479170272448,0.7138008893746303,0,0,0,3,6,0
26,17,1,2,0,0,0.0,0,1,0,1.4591479170272448,0.7373899961480834,0,0,0,3,4,0
80,16,57,2,1,3,0.0375,0,0,0,1.4911148500551856,0.2988539443779596,2,0,0,7,4,1
81,16,58,4,0,0,0.0,0,2,0,1.2806721295208872,0.2565037715073103,0,0,0,7,4,0
105,37,52,3,1,0,0.0,0,1,0,2.2797991318374056,0.34858872736987545,0,1,0,7,12,1
47,29,10,2,0,0,0.0,0,1,0,1.75,0.3568533620009752,0,0,0,4,11,1
51,16,28,4,0,10,0.19607843137254902,0,0,0,1.360964047443681,0.9552798626020306,0,0,0,5,6,1
56,39,10,5,2,6,0.10714285714285714,0,3,0,1.789929075309999,0.6355779045261167,0,0,0,3,10,1
43,15,20,2,0,0,0.0,0,1,0,1.3787834934861753,0.48353839791085323,0,0,0,4,5,0
47,12,28,2,2,0,0.0,0,1,0,1.8365916681089791,0.40499087857358096,0,0,0,4,3,0
54,14,33,1,1,5,0.09259259259259259,0,0,0,1.3567796494470397,0.5743231407020775,0,0,0,7,5,0
54,14,33,3,1,0,0.0,0,1,0,1.617189572592715,0.6424683637492633,0,0,0,6,6,1
67,16,44,4,0,9,0.13432835820895522,0,2,0,1.5216406363433184,0.9079363201124316,0,0,0,8,4,0
60,12,41,1,0,22,0.36666666666666664,0,0,0,1.1488348542809166,1.7678222360537235,0,0,0,5,2,1
39,16,15,2,0,0,0.0,0,1,0,1.4591479170272448,0.5564610854834894,0,0,0,3,5,0
30,22,1,1,0,0,0.0,0,0,0,1.3709505944546687,0.5943556898853214,0,0,0,3,9,0
55,12,36,4,0,1,0.01818181818181818,0,2,0,1.3221793455166666,0.40764532070476794,0,0,0,6,5,0
26,17,1,2,0,0,0.0,0,1,0,1.4591479170272448,0.7335988906339793,0,0,0,3,5,0
51,28,16,3,3,0,0.0,0,1,0,1.8954618442383218,0.3908302496494689,0,0,0,3,9,0
41,14,20,1,1,0,0.0,0,0,0,1.6644977792004612,0.46390040147511835,0,0,0,4,4,0
28,20,1,2,0,0,0.0,0,1,0,1.4591479170272448,0.5316937247586002,0,0,0,3,5,0
19,11,1,2,0,3,0.15789473684210525,0,1,0,1.4591479170272448,1.555669981820599,0,0,0,3,1,1
32,12,13,1,1,0,0.0,0,0,0,1.6644977792004612,0.5775597725361608,0,0,0,4,4,0
119,16,95,2,7,16,0.13445378151260504,0,1,0,1.6578764348499595,0.46666341830459723,0,0,0,7,4,0
125,16,102,1,10,7,0.056,0,0,0,1.4652556501132248,0.3960365857046196,0,0,0,7,6,0
80,17,56,2,6,2,0.025,0,1,0,1.7273966735744792,0.3188044392318343,0,0,0,5,4,0
107,17,83,2,9,8,0.07476635514018691,0,1,0,1.612197222702993,0.4054360018008145,0,0,0,6,4,0
44,21,16,1,0,1,0.022727272727272728,0,0,0,1.1488348542809166,0.4060051142451537,1,0,0,5,9,1
66,30,29,2,1,10,0.15151515151515152,0,1,0,2.0588138903312014,0.7141399035544563,0,0,0,4,10,1
91,13,70,3,7,6,0.06593406593406594,0,1,0,1.746465798504072,0.31350218719629686,0,0,0,4,2,0
26,17,1,2,0,0,0.0,0,1,0,1.4591479170272448,0.9348478029298504,0,0,0,3,2,0
25,16,1,2,0,0,0.0,0,1,0,1.4591479170272448,0.6202754024151167,0,0,0,3,6,0
23,14,1,2,0,0,0.0,0,1,0,1.4591479170272448,0.8878651049623325,0,0,0,3,4,0
75,14,10,4,1,4,0.05333333333333334,0,1,0,2.5232314287976205,0.736434296565974,0,0,0,3,2,0
26,17,1,2,0,0,0.0,0,1,0,1.4591479170272448,0.563603534150135,0,0,0,3,4,0
86,14,65,1,12,7,0.08139534883720931,0,0,0,1.3355055565170972,0.5101416857806363,0,0,0,4,5,0
34,26,1,2,0,0,0.0,0,1,0,1.4591479170272448,0.567613905698654,0,0,0,3,8,0
32,25,0,2,0,0,0.0,0,1,0,1.5219280948873621,0.8453933304554236,0,0,0,2,8,1
36,29,0,2,0,1,0.027777777777777776,0,1,0,1.5219280948873621,0.6981024814325076,0,0,0,2,9,1
49,22,19,2,0,0,0.0,0,1,0,1.7609640474436812,0.3730373952424483,0,0,0,5,7,0
160,21,57,3,1,24,0.15,0,1,1,2.7603136973125113,0.9701477422197358,2,0,0,6,6,1
32,25,0,2,0,3,0.09375,0,1,0,1.5219280948873621,1.0102324280911839,0,0,0,2,7,1
39,12,4,1,0,0,0.0,0,0,0,2.0,0.6657039489877855,0,0,0,4,3,1
40,14,19,4,0,0,0.0,0,2,0,1.721928094887362,0.7516084763737659,0,0,0,4,3,0
49,13,29,2,1,10,0.20408163265306123,0,1,0,2.0588138903312014,1.1573620390309154,0,0,0,4,6,1
45,17,21,1,3,0,0.0,0,0,0,1.7527152789797047,0.5481247105776816,0,0,0,4,5,0
85,26,52,4,3,0,0.0,0,2,0,1.6158045319402516,0.5109309284054836,0,0,0,10,10,1
92,36,49,2,1,8,0.08695652173913043,0,1,0,2.054585169337799,0.4054100237582098,0,0,0,5,12,1
56,15,33,2,0,3,0.05357142857142857,0,1,0,1.3787834934861753,0.6615002660867868,0,0,0,4,5,0
68,18,43,2,4,7,0.10294117647058823,0,1,0,1.7381493331928664,0.4430471709222061,0,0,0,6,4,0
38,12,18,1,0,0,0.0,0,0,0,1.1488348542809166,0.49217187888184705,0,0,0,5,4,1
24,10,6,1,0,2,0.08333333333333333,0,0,0,1.3709505944546687,0.9359271418647851,0,0,0,3,2,1
33,26,0,2,0,1,0.030303030303030304,0,1,0,1.5219280948873621,0.5626418832419219,0,0,0,2,8,1
69,15,19,4,0,0,0.0,0,1,0,2.263809173883546,0.5226079457360239,0,0,0,5,5,0
70,44,19,5,0,11,0.15714285714285714,0,3,0,1.360964047443681,0.7950369310477013,1,0,0,4,7,1
33,25,1,2,0,0,0.0,0,1,0,1.4591479170272448,0.41335141992137897,0,0,0,3,5,0
53,25,21,2,0,0,0.0,0,1,0,1.2987949406953985,0.327469173861851,0,0,0,5,8,0
28,20,1,1,1,0,0.0,0,0,0,1.792481250360578,0.6245256147767309,0,0,0,3,7,1
19,12,0,2,0,0,0.0,0,1,0,1.5219280948873621,0.7798702124232678,0,0,0,2,2,0
34,15,12,1,0,0,0.0,0,0,0,1.1488348542809166,0.651674134886935,0,0,0,5,8,1
70,24,39,3,0,17,0.24285714285714285,0,1,0,1.610577243331642,0.9610266665181739,0,0,0,8,7,0
60,42,11,4,3,3,0.05,0,3,0,1.867633890971212,0.47037523918662116,1,2,0,3,12,1
104,28,69,4,1,23,0.22115384615384615,0,2,0,1.6258145836939115,0.8046507179463198,1,0,0,6,7,1
37,18,12,2,0,0,0.0,0,1,0,1.4591479170272448,0.5879520544229413,0,0,0,3,5,1
20,11,1,2,0,0,0.0,0,1,0,1.4591479170272448,1.0861651849024783,0,0,0,3,3,0
35,28,0,2,0,0,0.0,0,1,0,1.5219280948873621,0.710822216218044,0,0,0,2,9,0
23,14,1,2,0,0,0.0,0,1,0,1.4591479170272448,0.8516019616938993,0,0,0,3,5,1
80,32,40,3,3,0,0.0,0,2,0,1.867633890971212,0.2777457352979541,0,0,0,4,12,0
55,16,32,3,0,0,0.0,0,1,0,1.3516441151533924,0.46188450452279073,0,0,0,5,3,0
41,21,13,1,1,3,0.07317073170731707,0,0,0,1.792481250360578,0.6207334812809172,0,0,0,3,9,0
41,24,10,4,0,0,0.0,0,2,0,1.4056390622295665,0.59052212244647,0,0,0,3,5,1
30,17,6,1,1,0,0.0,0,0,0,1.792481250360578,0.37716441014545793,0,0,0,3,6,1
30,22,0,2,0,2,0.06666666666666667,0,1,0,1.5219280948873621,0.8271490579290496,0,0,0,2,6,1
45,16,22,3,2,0,0.0,0,1,0,1.8910611120726526,0.46705116688496834,0,0,0,3,3,0
30,23,0,2,0,1,0.03333333333333333,0,1,0,1.5219280948873621,0.7549414624205373,0,0,0,2,6,1
51,10,33,3,2,0,0.0,0,1,0,1.6691803368667308,0.25714950899174227,0,0,0,7,2,1
89,13,69,3,2,0,0.0,0,1,0,2.1055872616982603,0.3776691248037404,0,0,0,6,2,0
104,16,80,2,2,5,0.04807692307692308,0,1,0,1.7804463148460088,0.3226435522384368,2,0,0,10,3,1
31,13,11,3,0,10,0.3225806451612903,1,0,0,1.3516441151533924,1.9026168878510579,0,0,0,5,0,1
26,18,1,3,0,0,0.0,0,2,0,1.4488156357251847,0.9877985877462605,0,0,0,3,2,0
66,22,36,2,4,0,0.0,0,1,0,1.823067982273661,0.3014075541897397,0,0,0,4,8,0
74,27,39,2,5,8,0.10810810810810811,0,1,0,1.760495029766198,0.4883234633014699,0,0,0,5,9,0
27,19,1,2,1,0,0.0,0,1,0,1.8423709931771084,0.7624076330813939,0,0,0,3,5,0
48,16,5,2,0,11,0.22916666666666666,0,1,0,2.4193819456463714,1.1913386335864558,0,0,0,3,5,1
74,19,48,3,3,6,0.08108108108108109,0,1,0,1.8250112108241772,0.38212215885926754,0,0,0,5,5,0
123,46,19,5,0,21,0.17073170731707318,0,4,0,2.5941178916311856,0.9182186130164841,3,2,0,4,15,1
48,16,24,2,0,0,0.0,0,1,0,1.224394445405986,0.3970222713867345,2,0,0,6,5,1
19,12,0,1,0,0,0.0,0,0,0,1.5,0.9229796930830871,0,0,0,2,4,0
52,17,27,3,0,1,0.019230769230769232,0,1,0,1.8464393446710154,0.557146745291206,0,0,0,4,3,0
31,24,0,2,0,0,0.0,0,1,0,1.5219280948873621,0.8234377080953917,0,0,0,2,7,0
73,28,37,2,2,12,0.1643835616438356,0,1,0,1.6140054628542204,0.5587391833387194,0,0,0,7,7,0
30,13,9,2,0,0,0.0,0,1,0,1.3787834934861753,0.6885131042950556,0,0,0,4,2,1
24,16,1,3,0,0,0.0,0,2,0,1.4488156357251847,0.832719748668975,0,0,0,3,4,0
112,13,92,3,6,2,0.017857142857142856,0,1,0,1.9523612813926658,0.30476138614030684,0,0,0,7,2,0
54,16,31,2,0,0,0.0,0,1,0,1.8464393446710154,0.42012368014509976,0,0,0,4,4,0
24,16,1,2,0,0,0.0,0,1,0,1.4591479170272448,0.759024640545132,0,0,0,3,3,0
49,13,28,1,3,0,0.0,0,0,0,1.7527152789797047,0.4504068079972506,0,0,0,4,4,0
35,27,1,2,0,2,0.05714285714285714,0,1,0,1.4591479170272448,0.9038102527006316,0,0,0,3,6,1
66,20,38,2,0,0,0.0,0,1,0,1.224394445405986,0.40853349033460234,0,0,0,6,5,0
38,15,16,2,1,0,0.0,0,1,0,1.75,0.3488143172331528,0,0,0,4,3,0
53,25,21,3,1,0,0.0,0,1,0,1.7527152789797047,0.5270483956214009,0,0,0,4,7,0
204,15,23,3,0,79,0.3872549019607843,0,1,0,2.498077546623641,1.810890330674398,2,0,0,6,5,1
34,13,14,2,2,0,0.0,0,1,0,1.9056390622295665,0.5332299136593168,0,0,0,3,4,0
60,22,30,3,0,3,0.05,0,1,0,1.188721875540867,0.6592689792891742,0,0,0,8,6,0
40,16,17,2,0,0,0.0,0,0,0,1.3787834934861753,0.5090452512331751,0,0,0,4,7,1
31,24,0,3,0,0,0.0,0,2,0,1.4591479170272448,0.4166369100655014,0,0,0,2,7,0
88,21,60,3,1,0,0.0,0,1,0,1.4299111709758698,0.2846598198395051,0,0,0,9,8,1
21,13,1,1,0,1,0.047619047619047616,0,0,0,1.3709505944546687,0.8252187959478572,0,0,0,3,4,1
45,14,24,3,0,8,0.17777777777777778,0,1,0,1.3516441151533924,0.851189379183471,0,0,0,5,6,0
32,25,0,1,0,0,0.0,0,0,0,1.5,0.5004305688887951,0,0,0,2,11,0
47,18,22,2,1,0,0.0,0,1,0,1.75,0.3775577839033062,0,0,0,4,5,0
32,12,13,1,1,0,0.0,0,0,0,1.6644977792004612,0.5216333683385914,0,0,0,4,4,0
28,19,1,1,0,0,0.0,0,0,0,1.3709505944546687,0.7620252174471837,0,0,0,3,6,0
47,14,26,3,0,0,0.0,0,1,0,1.4056390622295665,0.3137319696216562,0,0,0,4,3,0
23,15,1,2,0,0,0.0,0,1,0,1.4591479170272448,0.7062130875861479,0,0,0,3,3,1
21,13,1,2,0,0,0.0,0,1,0,1.4591479170272448,0.6474950209837852,0,0,0,3,3,0
49,13,29,5,0,10,0.20408163265306123,1,0,0,1.3250112108241772,1.2733742723927555,0,0,0,6,0,1
36,20,9,2,0,0,0.0,0,1,0,1.4591479170272448,0.42478612702557866,0,0,0,3,6,0
70,16,46,2,0,10,0.14285714285714285,0,1,0,1.224394445405986,0.6365708913312436,0,0,0,6,6,1
43,36,0,4,0,0,0.0,0,3,0,1.3787834934861753,0.6233116016687237,0,0,0,2,13,1
30,22,1,2,0,0,0.0,0,1,0,1.4591479170272448,0.6089661129413604,0,0,0,3,6,0
66,20,39,3,0,0,0.0,0,1,0,1.3516441151533924,0.3048110126976897,0,0,0,5,6,0
49,14,27,2,2,0,0.0,0,1,0,1.8365916681089791,0.4830602561272876,0,0,0,4,4,0
132,16,24,3,2,13,0.09848484848484848,0,1,0,2.3553885422075336,0.6384122767127044,0,0,0,4,5,1
24,15,1,2,0,0,0.0,0,1,0,1.4591479170272448,0.8429913635827533,0,0,0,3,2,0
24,16,1,2,0,0,0.0,0,1,0,1.4591479170272448,0.7901145213722237,0,0,0,3,4,0
43,17,18,2,0,0,0.0,0,0,0,1.3787834934861753,0.8535182091079045,0,0,0,4,6,1
32,23,1,2,0,0,0.0,0,1,0,1.4591479170272448,0.4483267327612259,0,0,0,3,8,0
69,18,43,3,3,0,0.0,0,1,0,1.867633890971212,0.3447888874643623,0,0,0,4,4,0
22,15,0,2,0,1,0.045454545454545456,0,1,0,1.5219280948873621,0.5251806323342215,0,0,0,2,4,1
44,16,21,1,0,0,0.0,0,0,0,1.1488348542809166,0.4144603569251644,1,0,0,5,4,1
58,50,1,5,2,4,0.06896551724137931,0,4,0,1.789929075309999,0.6823413577866848,0,2,0,3,19,1
20,12,1,2,1,0,0.0,0,1,0,1.8423709931771084,1.1411684708526866,0,0,0,3,1,0
90,23,60,3,5,5,0.05555555555555555,0,1,0,1.8250112108241772,0.5433902256981213,0,0,0,3,6,0
59,21,30,2,0,4,0.06779661016949153,0,1,0,1.224394445405986,0.402495369968285,0,0,0,6,6,0
43,34,1,2,1,0,0.0,0,1,0,1.8423709931771084,0.4361433940483055,0,0,0,3,9,0
24,16,1,2,0,1,0.041666666666666664,0,1,0,1.4591479170272448,0.7904822973167716,0,0,0,3,3,0
28,19,1,2,0,0,0.0,0,1,0,1.4591479170272448,0.5956761649998623,0,0,0,3,4,0
61,30,23,5,1,2,0.03278688524590164,0,3,0,1.6767370300521325,0.5824686832679157,0,0,0,4,10,1
31,16,8,2,0,0,0.0,0,1,0,1.3787834934861753,0.3979452851047349,0,0,0,4,4,0
58,18,33,1,0,0,0.0,0,0,0,1.4466166676282082,0.5494125623299198,0,0,0,6,7,1
93,21,64,2,5,0,0.0,0,1,0,1.760495029766198,0.25698121503740534,0,0,0,5,6,0
68,40,21,6,0,2,0.029411764705882353,0,3,0,1.3221793455166666,0.47626976878858934,1,0,0,4,13,1
74,12,55,4,2,5,0.06756756756756757,0,1,0,1.7381493331928664,0.37078195171966916,0,0,0,6,2,1
82,14,60,1,6,3,0.036585365853658534,0,0,0,1.5916727785823275,0.31721496347069406,0,0,0,6,6,0
40,16,16,2,0,0,0.0,0,1,0,1.2987949406953985,0.6228159351587644,0,0,0,5,6,1
56,20,29,2,1,10,0.17857142857142858,0,1,0,2.0588138903312014,0.7925395554061976,0,0,0,4,5,1
56,16,32,2,0,0,0.0,0,1,0,1.8464393446710154,0.4498873932133641,0,0,0,4,7,0
60,21,31,3,1,0,0.0,0,2,0,1.617189572592715,0.38206213531106054,0,0,0,6,6,1
51,15,28,2,5,0,0.0,0,1,0,1.7841591278514217,0.43072894944530077,0,0,0,4,4,0
24,16,1,3,0,0,0.0,0,2,0,1.4488156357251847,0.8463625460353859,0,0,0,3,2,0
49,10,32,3,0,0,0.0,0,0,0,1.3516441151533924,0.5269103177610321,1,0,0,5,3,1
30,14,9,3,0,11,0.36666666666666664,1,0,0,1.4056390622295665,1.9217498897377518,0,0,0,4,0,1
68,38,23,2,1,0,0.0,0,1,0,1.75,0.3615005811084109,0,0,0,4,12,0
32,16,9,3,0,0,0.0,0,1,0,1.4488156357251847,0.921149333235584,0,0,0,3,4,1
51,20,23,2,0,0,0.0,0,1,0,1.224394445405986,0.483608796206953,0,0,0,6,6,1
41,18,15,2,0,0,0.0,0,1,0,1.3787834934861753,0.440271885694356,0,0,0,4,5,0
50,15,28,3,0,6,0.12,0,1,0,1.3516441151533924,0.6185363079732797,0,0,0,5,2,0
227,22,31,4,0,72,0.31718061674008813,0,1,0,2.7550576199383077,1.4089326277272791,2,0,0,5,8,1
95,37,50,3,1,5,0.05263157894736842,0,1,0,1.5510981710072647,0.46174500848923106,1,0,0,7,13,1
38,14,16,2,1,0,0.0,0,1,0,1.75,0.46874070124225237,0,0,0,4,4,0
34,13,14,2,0,0,0.0,0,1,0,1.657742726504889,0.7653185507266599,0,0,0,5,3,0
38,21,10,3,0,1,0.02631578947368421,0,1,0,1.4488156357251847,0.7120367226049464,1,0,0,3,5,1
57,15,35,2,4,0,0.0,0,1,0,1.823067982273661,0.42715640764038726,0,0,0,4,4,0
33,12,6,2,0,7,0.21212121212121213,0,1,0,1.8423709931771084,1.2429229738182461,0,0,0,3,2,0
42,17,18,2,1,1,0.023809523809523808,0,1,0,1.657742726504889,0.46587921632854906,0,0,0,5,6,1
57,7,33,1,1,4,0.07017543859649122,0,0,0,2.5219280948873624,1.077733651145134,0,0,0,4,0,1
28,19,1,2,0,0,0.0,0,1,0,1.4591479170272448,0.7894701999231881,0,0,0,3,5,0
29,20,1,2,0,0,0.0,0,1,0,1.4591479170272448,0.5834895246278389,0,0,0,3,4,0
28,17,4,2,0,0,0.0,0,1,0,1.3787834934861753,0.6618520211720597,0,0,0,4,3,1
60,19,34,5,0,0,0.0,0,1,0,1.3485878960124222,0.8124053896762441,2,0,0,5,6,1
48,16,24,3,0,0,0.0,0,1,0,1.3516441151533924,0.44135137031327615,0,0,0,5,6,0
22,13,1,2,0,0,0.0,0,1,0,1.4591479170272448,0.909641444657767,0,0,0,3,3,0
51,15,29,1,1,0,0.0,0,0,0,1.207518749639422,0.4843797483324439,0,0,0,9,6,1
40,33,0,2,0,0,0.0,0,1,0,1.5219280948873621,0.38971652882585517,0,0,0,2,9,0
39,30,1,2,0,0,0.0,0,1,0,1.4591479170272448,0.435567571759071,0,0,0,3,10,0
44,10,27,3,0,0,0.0,0,1,0,1.3516441151533924,0.4764773126428592,0,0,0,5,2,1
119,17,61,4,1,0,0.0,0,0,1,2.140518056276712,0.5265711536443379,0,0,0,9,7,1
101,17,77,2,9,8,0.07920792079207921,0,1,0,1.6068322783181097,0.31327645725376935,0,0,0,7,5,0
36,15,13,2,0,0,0.0,0,1,0,1.2987949406953985,0.899008250554785,0,1,0,5,2,1
26,17,1,2,0,0,0.0,0,1,0,1.4591479170272448,0.5596058976785958,0,0,0,3,4,0
92,17,68,3,3,3,0.03260869565217391,0,1,0,1.672905595320056,0.2530166484179879,0,0,0,8,5,1
143,35,62,2,3,15,0.1048951048951049,0,1,0,2.9019469592513696,0.509266455922776,0,0,0,6,13,1
121,19,95,1,5,0,0.0,0,0,0,1.4108478748063633,0.3354169557956646,2,0,0,11,6,1
51,17,27,2,0,0,0.0,0,0,0,1.2987949406953985,0.5376091555009337,1,0,0,5,6,1
43,7,29,1,0,0,0.0,0,0,0,1.1488348542809166,0.7243861719300181,0,0,0,5,1,1
49,41,1,2,0,0,0.0,0,1,0,1.4591479170272448,0.3197862995112693,0,0,0,3,14,0
38,16,15,2,1,3,0.07894736842105263,0,1,0,1.75,0.7543785881806577,0,0,0,4,4,1
124,50,19,4,1,18,0.14516129032258066,0,3,0,2.794653473544342,0.8986069922393338,3,2,0,4,17,1
50,15,27,2,2,6,0.12,0,1,0,1.7609640474436812,0.6620496357145367,0,0,0,5,3,0
36,13,16,2,0,0,0.0,0,1,0,1.3787834934861753,0.5125814784014016,0,0,0,4,4,0
36,16,13,2,0,0,0.0,0,1,0,1.3787834934861753,0.5448574623715321,0,0,0,4,6,0
57,15,35,4,0,12,0.21052631578947367,1,0,0,1.6258145836939115,0.8835425057995951,1,0,0,6,0,1
46,24,15,2,0,2,0.043478260869565216,0,0,0,1.3787834934861753,0.5004292769143949,0,0,0,4,8,1
103,29,66,2,5,5,0.04854368932038835,0,1,0,1.760495029766198,0.3918282317919541,0,0,0,5,9,0
45,36,1,2,4,0,0.0,0,1,0,1.8464393446710154,0.5577619883528998,0,0,0,3,11,1
58,50,1,2,5,0,0.0,0,1,0,1.789929075309999,0.5370466918140167,0,0,0,3,12,1
29,22,0,2,0,0,0.0,0,1,0,1.5219280948873621,0.7724431544931716,0,0,0,2,6,1
31,23,1,2,0,0,0.0,0,1,0,1.4591479170272448,0.5465127719261974,0,0,0,3,8,0
80,27,45,3,0,25,0.3125,0,1,0,1.4056390622295665,1.18985903900389,0,0,0,4,8,1
133,25,82,2,2,9,0.06766917293233082,0,1,0,2.8611925523313806,0.5907059415207171,0,0,0,7,9,1
34,26,1,2,1,0,0.0,0,1,0,1.8423709931771084,0.6226534545140248,0,0,0,3,12,1
49,15,26,3,0,1,0.02040816326530612,0,1,0,1.3516441151533924,0.38899587585213385,1,0,0,5,4,1
45,23,15,4,0,3,0.06666666666666667,0,1,0,1.360964047443681,0.7148499089077008,0,0,0,5,9,1
34,21,6,1,0,0,0.0,0,0,0,1.3709505944546687,0.40458442105503517,0,0,0,3,7,0
53,25,21,3,0,0,0.0,0,1,0,1.7527152789797047,0.40774226297606153,0,0,0,4,6,0
55,19,28,2,4,0,0.0,0,1,0,1.823067982273661,0.3688064689456446,0,0,0,4,4,0
144,32,105,3,2,9,0.0625,0,1,0,1.8910611120726526,0.5101271849401346,1,0,0,3,12,1
38,13,17,1,0,4,0.10526315789473684,0,0,0,1.5487949406953985,0.5996959670400709,0,0,0,5,3,1
65,15,43,2,1,3,0.046153846153846156,0,1,0,1.8676338909712122,0.32302108087539344,0,0,0,6,4,1
69,12,50,3,3,7,0.10144927536231885,0,1,0,2.2295739585136225,0.44824548718972473,0,0,0,3,3,0
55,14,34,2,0,21,0.38181818181818183,0,1,0,1.3787834934861753,1.8557450133606666,0,0,0,4,1,1
26,17,1,2,0,0,0.0,0,1,0,1.4591479170272448,0.6671185217847978,0,0,0,3,3,0
57,26,24,3,4,0,0.0,0,1,0,1.867633890971212,0.3317830367945182,0,0,0,3,8,0
71,15,19,3,0,0,0.0,0,1,0,2.287783719941071,0.575090417877615,0,0,0,5,5,0
31,23,1,2,0,0,0.0,0,1,0,1.4591479170272448,0.614267372261703,0,0,0,3,7,0
34,21,1,2,1,1,0.029411764705882353,0,1,0,2.4193819456463714,0.7098589662623104,0,0,0,3,7,1
77,15,54,3,0,12,0.15584415584415584,0,1,0,1.3752793655393791,0.7009942141879788,0,0,0,10,5,0
24,16,1,3,0,0,0.0,0,2,0,1.4488156357251847,0.8584815755317793,0,0,0,3,3,0
45,8,7,1,0,6,0.13333333333333333,0,0,0,2.1609640474436813,0.9441517246297435,0,0,0,5,1,1
127,15,104,2,3,14,0.11023622047244094,0,1,0,2.0524212838293647,0.9425202985001243,0,0,0,7,5,1
85,61,17,3,1,22,0.25882352941176473,0,1,0,1.7527152789797047,1.2122650869892817,0,0,0,4,12,1
57,30,20,2,0,0,0.0,0,1,0,1.3787834934861753,0.41890325065665784,0,0,0,4,8,0
76,50,19,4,1,10,0.13157894736842105,0,3,0,1.721928094887362,0.5830283820234755,2,2,0,4,17,1
41,17,17,3,0,0,0.0,0,1,0,1.4056390622295665,0.5750003838418256,0,0,0,4,4,0
37,16,14,2,0,0,0.0,0,1,0,1.2987949406953985,0.6438801963909812,0,0,0,5,4,1
27,19,1,2,0,0,0.0,0,1,0,1.4591479170272448,0.8259881565311301,0,0,0,3,5,0
25,17,0,2,0,0,0.0,0,1,0,1.5219280948873621,0.5538548863001121,0,0,0,2,5,0
45,27,11,3,0,1,0.022222222222222223,0,1,0,1.4488156357251847,0.398435614604786,0,0,0,3,10,1
59,18,34,2,2,0,0.0,0,1,0,1.7609640474436812,0.22869245117312365,0,0,0,5,4,0
43,21,15,2,0,0,0.0,0,1,0,1.3787834934861753,0.4006200043732259,0,0,0,4,6,0
32,23,1,2,0,3,0.09375,0,1,0,1.4591479170272448,0.7605497124520294,0,0,0,3,6,1
43,28,8,2,1,0,0.0,0,1,0,1.657742726504889,0.4680265597197957,0,0,0,5,8,1
45,18,19,2,0,0,0.0,0,1,0,1.3787834934861753,0.366285601625265,0,0,0,4,5,0
37,16,13,2,0,6,0.16216216216216217,0,1,0,1.2987949406953985,1.0630137043232577,0,0,0,5,5,0
39,16,15,2,0,0,0.0,0,1,0,1.3787834934861753,0.47087487891911,0,0,0,4,5,0
35,26,1,3,0,0,0.0,0,2,0,1.4488156357251847,0.5022404852302388,0,0,0,3,9,0
54,31,16,2,1,2,0.037037037037037035,0,1,0,2.0588138903312014,0.39637358757896873,0,0,0,4,10,0
26,17,1,2,0,0,0.0,0,1,0,1.4591479170272448,0.7394835342101033,0,0,0,3,3,0
33,24,1,3,0,0,0.0,0,2,0,1.4488156357251847,0.5629666446624214,0,0,0,3,9,0
27,15,4,2,0,0,0.0,0,1,0,1.3787834934861753,0.5237655745995642,0,0,0,4,4,0
59,31,21,5,0,10,0.1694915254237288,0,3,0,1.3516441151533924,0.8564072418288924,0,0,0,3,6,1
22,7,7,1,0,0,0.0,0,0,0,1.3709505944546687,1.0081610247912471,0,0,0,3,3,1
147,30,38,6,4,21,0.14285714285714285,0,1,1,2.7032433566073992,0.7507675316214935,0,0,0,7,13,1
43,19,17,3,1,2,0.046511627906976744,0,2,0,1.617189572592715,0.7467436127868747,0,0,0,6,5,1
289,33,64,3,1,67,0.23183391003460208,0,1,0,2.8879838176914108,0.7990636677703498,0,0,0,9,7,1
21,7,6,1,0,1,0.047619047619047616,0,0,0,1.3709505944546687,1.2526098422053917,0,0,0,3,3,1
51,19,25,2,1,0,0.0,0,1,0,1.5709505944546687,0.3189785646302954,0,0,0,6,6,1
36,27,1,2,1,3,0.08333333333333333,0,1,0,1.8423709931771084,0.493063800149447,0,0,0,3,7,1
22,14,1,2,0,0,0.0,0,1,0,1.4591479170272448,0.7720546480895836,0,0,0,3,3,0
26,18,1,2,0,0,0.0,0,1,0,1.4591479170272448,0.7214932519574629,0,0,0,3,5,0
81,27,47,2,0,17,0.20987654320987653,0,1,0,1.2987949406953985,0.7409407669745638,0,0,0,5,8,1
111,18,86,2,4,0,0.0,0,0,0,1.7381493331928664,0.2879331715210411,2,0,0,6,8,1
28,21,0,2,0,1,0.03571428571428571,0,1,0,1.5219280948873621,0.7785692720656285,0,0,0,2,6,1
84,9,68,1,9,0,0.0,0,0,0,1.4716022614097979,0.48221548956611254,0,0,0,4,4,0
27,20,0,2,0,0,0.0,0,1,0,1.5219280948873621,0.934686028103364,0,0,0,2,4,0
33,13,13,2,0,0,0.0,0,1,0,1.2987949406953985,0.6506796148546338,0,0,0,5,3,0
36,27,1,2,1,0,0.0,0,1,0,1.8423709931771084,0.4484326475406045,0,0,0,3,11,1
55,47,1,3,2,0,0.0,0,2,0,1.8910611120726526,0.31394565707426175,0,0,0,3,15,0
236,15,48,2,1,88,0.3728813559322034,0,0,0,2.673785595221648,1.5050004909211263,2,0,0,9,5,1
40,17,16,1,1,0,0.0,0,0,0,1.6644977792004612,0.5195903465049811,0,0,0,4,5,0
32,25,0,2,0,1,0.03125,0,1,0,1.5219280948873621,0.5182974709043259,0,0,0,2,7,1
51,32,12,2,0,0,0.0,0,1,0,1.2987949406953985,0.4593879722583929,0,0,0,5,10,0
27,11,9,2,0,0,0.0,0,1,0,1.3787834934861753,0.8684753345091446,0,0,0,4,3,0
38,31,0,2,0,4,0.10526315789473684,0,1,0,1.5219280948873621,0.7971054836783079,0,0,0,2,7,1
35,28,0,2,0,1,0.02857142857142857,0,1,0,1.5219280948873621,0.6102907146304208,0,0,0,2,8,1
64,15,5,2,0,7,0.109375,0,1,0,2.610577243331642,0.9057283310259971,0,0,0,4,4,0
44,20,16,2,1,0,0.0,0,1,0,1.75,0.47068732094932414,0,0,0,4,8,0
70,37,26,3,4,4,0.05714285714285714,0,1,0,1.867633890971212,0.4060629531854173,0,1,0,3,12,1
51,23,20,2,1,0,0.0,0,1,0,1.657742726504889,0.33058791333535975,0,0,0,5,8,1
58,22,15,2,0,0,0.0,0,0,0,2.0588138903312014,0.510429066823687,0,0,0,4,6,1
105,17,81,3,1,5,0.047619047619047616,0,2,0,1.6879430945989,0.23350910000270642,2,0,0,9,4,1
26,19,0,1,0,0,0.0,0,0,0,1.5,0.8553746855349273,0,0,0,2,7,0
110,13,89,2,14,6,0.05454545454545454,0,1,0,1.4447470033120826,0.43320801018373667,0,0,0,6,3,0
51,42,1,6,0,0,0.0,0,5,0,1.295461844238322,0.7194151945280539,0,0,0,3,14,1
33,26,0,2,0,0,0.0,0,1,0,1.5219280948873621,0.6288797864566029,0,0,0,2,11,0
55,36,11,4,3,3,0.05454545454545454,0,3,0,1.867633890971212,0.48120886223764764,1,0,0,3,9,1
101,25,69,3,1,0,0.0,0,1,0,1.4299111709758698,0.31999006369252175,0,0,0,9,9,1
31,22,1,2,0,0,0.0,0,1,0,1.4591479170272448,0.40090978289468804,0,0,0,3,8,0
136,38,81,2,1,13,0.09558823529411764,0,1,0,2.4164997849817103,0.6751843234904517,0,0,0,7,13,1
53,24,22,2,0,1,0.018867924528301886,0,1,0,1.2987949406953985,0.367948266164719,0,0,0,5,8,1
53,17,29,2,0,0,0.0,0,1,0,1.8365916681089791,0.4305111510709863,0,0,0,4,6,0
29,11,10,1,0,0,0.0,0,0,0,1.792481250360578,0.5405156794214324,0,0,0,3,3,0
43,16,19,2,1,0,0.0,0,1,0,1.75,0.6777011776483284,0,0,0,4,4,0
121,13,18,7,1,2,0.01652892561983471,0,1,0,2.3184111211812897,0.48727541210753417,2,0,0,14,0,1
64,17,40,2,4,6,0.09375,0,1,0,1.7381493331928664,0.40702916863334443,0,0,0,6,6,0
24,15,1,2,0,0,0.0,0,1,0,1.4591479170272448,0.717093784018219,0,0,0,3,4,0
52,24,21,3,0,0,0.0,0,2,0,1.6854752972273344,0.4482866241876107,0,0,0,5,9,0
33,26,0,2,0,4,0.12121212121212122,0,1,0,1.5219280948873621,0.6899127654545433,0,0,0,2,6,0
20,11,1,2,0,0,0.0,0,1,0,1.4591479170272448,0.917896507713544,0,0,0,3,3,0
77,14,55,2,8,2,0.025974025974025976,0,1,0,1.6457113704075783,0.3626203308952545,0,0,0,6,5,0
102,17,77,2,14,6,0.058823529411764705,0,1,0,1.4179493739444213,0.4728724940728995,0,0,0,5,5,0
61,27,26,2,4,0,0.0,0,1,0,1.8464393446710154,0.23217190120713785,0,0,0,3,9,0
56,16,32,2,0,0,0.0,0,1,0,1.3787834934861753,0.41485435532441656,0,0,0,4,6,1
37,28,1,2,0,0,0.0,0,1,0,1.4591479170272448,0.3394130974897862,0,0,0,3,10,0
121,46,19,5,0,27,0.2231404958677686,0,4,0,2.5941178916311856,1.0312957347335354,3,2,0,4,15,1
48,15,25,3,1,0,0.0,0,1,0,1.811278124459133,0.29021709419761255,0,0,0,3,3,0
32,23,1,3,0,0,0.0,0,2,0,1.4488156357251847,0.7625293419416413,0,0,0,3,6,0
23,16,0,2,0,0,0.0,0,1,0,1.5219280948873621,0.9216656990271193,0,0,0,2,5,0
19,10,1,2,0,0,0.0,0,1,0,1.4591479170272448,1.25823255670542,0,0,0,3,1,0
35,16,12,2,1,0,0.0,0,1,0,1.8423709931771084,0.5193234256090355,0,0,0,3,4,0
28,19,1,1,0,0,0.0,0,0,0,1.3709505944546687,0.6412548542625466,0,0,0,3,7,0
57,17,32,2,4,2,0.03508771929824561,0,1,0,1.823067982273661,0.33284689956908037,0,0,0,4,2,0
42,13,22,3,7,0,0.0,0,1,0,2.440251218626855,1.6359390840159065,0,0,0,4,3,1
113,15,76,2,1,10,0.08849557522123894,0,1,0,2.260820318171659,0.5088121494314487,0,0,0,7,5,1
83,15,61,2,7,11,0.13253012048192772,0,1,0,1.6691803368667308,0.6364934466187729,0,0,0,3,6,0
127,50,19,4,1,19,0.14960629921259844,0,3,0,2.794653473544342,0.8582690825018575,3,2,0,4,17,1
79,17,55,3,2,0,0.0,0,1,0,1.610577243331642,0.2760604778597382,0,0,0,8,5,1
70,24,39,2,1,4,0.05714285714285714,0,1,0,1.4911148500551856,0.4650552269253037,0,0,0,7,9,1
66,21,18,4,1,0,0.0,0,1,1,2.469670487371862,1.1013206317241846,0,0,0,4,8,1
63,21,35,2,0,2,0.031746031746031744,0,1,0,1.1567796494470395,0.42624635725525245,0,0,0,7,5,1
76,14,34,2,0,13,0.17105263157894737,0,1,0,2.0588138903312014,1.0281951501248516,0,0,0,4,3,1
30,18,5,2,0,0,0.0,0,1,0,1.3787834934861753,0.5795895736834406,0,0,0,4,6,1
72,16,49,3,1,1,0.013888888888888888,0,1,0,1.5510981710072647,0.22651886057530285,0,0,0,7,5,1
133,27,99,2,2,0,0.0,0,1,0,1.3216069583883467,0.3290719448761949,2,0,0,12,8,1
127,50,19,4,1,23,0.18110236220472442,0,3,0,2.794653473544342,0.891181757819882,3,2,0,4,17,1
21,13,1,2,0,4,0.19047619047619047,0,1,0,1.4591479170272448,1.611395456300618,0,0,0,3,2,1
47,21,19,1,1,2,0.0425531914893617,0,0,0,1.6644977792004612,0.5671801625818113,0,0,0,4,8,1
154,40,97,2,2,8,0.05194805194805195,0,1,0,2.502598068247261,0.3861936816270323,0,0,0,7,13,1
53,23,22,2,1,2,0.03773584905660377,0,1,0,2.0588138903312014,0.35848289273049666,0,0,0,4,6,0
52,15,30,2,2,5,0.09615384615384616,0,1,0,2.1219280948873624,0.6302852456062523,0,0,0,4,4,0
67,26,34,3,2,0,0.0,0,1,0,1.8464393446710154,0.2109499692235004,0,0,0,4,8,0
28,20,1,1,0,0,0.0,0,0,0,1.3709505944546687,0.6199408155082159,0,0,0,3,6,0
35,28,0,2,0,0,0.0,0,1,0,1.5219280948873621,0.6746777281423182,0,0,0,2,11,0
75,39,29,3,2,6,0.08,0,2,0,2.054585169337799,0.34854534822695554,0,2,0,5,13,1
26,17,1,2,0,0,0.0,0,1,0,1.4591479170272448,0.7494604644008537,0,0,0,3,5,0
76,44,24,5,0,1,0.013157894736842105,0,3,0,1.3485878960124222,0.3605239273069517,1,0,0,5,15,1
33,25,1,2,0,0,0.0,0,1,0,1.4591479170272448,0.3827058719324181,0,0,0,3,8,0
29,22,0,2,0,0,0.0,0,1,0,1.5219280948873621,1.0124699074928039,0,0,0,2,6,1
45,18,20,2,1,0,0.0,0,1,0,1.75,0.28732188740125,0,0,0,4,5,0
23,15,1,2,0,0,0.0,0,1,0,1.4591479170272448,0.8461198662327266,0,0,0,3,3,0
40,23,10,5,0,0,0.0,0,3,0,1.3516441151533924,0.4866166150128481,0,0,0,3,4,0
47,29,11,2,0,0,0.0,0,1,0,1.3787834934861753,0.33212395071135214,0,0,0,4,8,0
47,12,27,2,0,0,0.0,0,1,0,1.75,0.42399559873564224,0,0,0,4,2,0
24,17,0,2,0,0,0.0,0,1,0,1.5219280948873621,1.01102615622893,0,0,0,2,5,0
36,28,1,3,0,0,0.0,0,2,0,1.4488156357251847,0.6547012075793497,0,0,0,3,10,0
61,31,23,2,1,0,0.0,0,1,0,1.75,0.38249590887402324,0,0,0,4,9,0
82,15,60,3,0,0,0.0,0,1,0,1.7295739585136223,0.42216890774615057,0,0,0,6,4,0
38,19,11,1,1,0,0.0,0,0,0,1.792481250360578,0.48204142199259936,1,0,0,3,7,1
61,20,33,2,0,0,0.0,0,1,0,1.0408520829727552,0.38441916418484423,1,0,0,9,7,1
65,29,29,2,1,10,0.15384615384615385,0,1,0,2.0588138903312014,0.7665630293107009,0,0,0,4,9,1
41,13,21,3,1,7,0.17073170731707318,0,1,0,1.7527152789797047,0.7996536937409473,0,0,0,4,3,0
21,12,1,2,0,0,0.0,0,1,0,1.4591479170272448,1.0044810443230479,0,0,0,3,3,0
41,17,16,2,0,0,0.0,0,1,0,1.3787834934861753,0.5104678793606714,0,0,0,4,6,0
45,25,12,3,0,0,0.0,0,1,0,1.4488156357251847,0.2690577298910301,0,0,0,3,7,0
59,19,33,1,1,0,0.0,0,0,0,1.4466166676282082,0.29719149437286657,1,0,0,6,6,1
58,41,10,5,0,0,0.0,0,3,0,1.3516441151533924,0.36363554073267,0,0,0,3,12,1
71,19,45,3,4,0,0.0,0,1,0,1.8262452584026092,0.42388688413920017,0,0,0,5,5,0
25,16,1,3,0,0,0.0,0,2,0,1.4488156357251847,0.8229478457759376,0,0,0,3,1,0
148,31,109,2,18,16,0.10810810810810811,0,0,0,1.2901208527411523,0.62621183819398,0,1,0,5,11,1
25,16,1,2,0,0,0.0,0,1,0,1.4591479170272448,0.5448756919703984,0,0,0,3,5,0
137,15,114,3,0,36,0.26277372262773724,0,1,0,1.1069944266864,3.0501861610303864,0,0,0,4,5,0
51,25,19,3,0,0,0.0,0,1,0,1.4056390622295665,0.3886256846535465,0,0,0,4,8,1
66,28,31,3,0,0,0.0,0,1,0,1.3516441151533924,0.43796220688456716,0,0,0,5,8,0
55,38,10,5,2,0,0.0,0,3,0,1.789929075309999,0.5185898899901026,0,0,0,3,12,1
29,21,1,2,1,0,0.0,0,1,0,1.8423709931771084,0.7178017084771366,0,0,0,3,6,0
80,21,52,4,0,2,0.025,0,2,0,1.4716022614097979,0.4298524799975116,0,0,0,9,5,1
102,13,81,1,10,6,0.058823529411764705,0,0,0,1.450467463408549,0.5977368589698795,0,0,0,5,5,0
29,21,1,2,0,2,0.06896551724137931,0,1,0,1.4591479170272448,0.8000884516541333,0,0,0,3,5,0
75,15,52,3,1,0,0.0,0,1,0,1.4299111709758698,0.2580540418934525,0,0,0,9,4,1
52,19,25,1,1,0,0.0,0,0,0,1.6644977792004612,0.41775925833660443,0,0,0,4,7,0
39,19,13,3,0,0,0.0,0,1,0,1.4488156357251847,0.6033702378220911,0,0,0,3,5,0
96,31,58,2,6,0,0.0,0,1,0,1.7381493331928664,0.32338055422490997,0,0,0,4,9,0
49,16,25,2,0,0,0.0,0,1,0,1.8365916681089791,0.5864540538899471,0,0,0,4,7,0
56,17,32,1,3,6,0.10714285714285714,0,0,0,1.617189572592715,0.49023245531051096,0,0,0,6,6,0
124,24,83,2,2,6,0.04838709677419355,0,1,0,2.5016094970590275,0.4533304263219644,0,0,0,7,8,1
126,61,10,3,4,43,0.3412698412698413,0,1,0,2.6062389286533896,1.3170963517559708,0,0,0,3,11,1
18,11,0,1,0,0,0.0,0,0,0,1.5,0.9149061024263845,0,0,0,2,2,0
53,20,26,3,0,0,0.0,0,1,0,1.4056390622295665,0.2713970227966177,0,0,0,4,7,0
44,20,17,3,0,0,0.0,0,2,0,1.4056390622295665,0.4183198182963521,0,0,0,4,6,1
50,16,27,3,0,3,0.06,0,0,0,1.4056390622295665,0.608973596312613,1,0,0,4,6,1
56,12,36,3,0,2,0.03571428571428571,0,1,0,1.617189572592715,0.4791463067961078,0,0,0,6,5,0
25,17,1,2,0,0,0.0,0,1,0,1.4591479170272448,0.6625189437235267,0,0,0,3,4,0
34,16,10,2,0,0,0.0,0,1,0,1.3787834934861753,0.7148547756915797,0,0,0,4,7,0
25,17,1,2,0,0,0.0,0,1,0,1.4591479170272448,0.7884390704294086,0,0,0,3,8,1
62,15,40,2,3,6,0.0967741935483871,0,0,0,1.7295739585136223,0.5490379642176274,0,0,0,6,6,0
57,14,28,3,0,6,0.10526315789473684,0,1,0,1.9717472571281809,0.5902866466290047,0,0,0,5,3,1
358,23,2,2,0,51,0.1424581005586592,0,1,0,1.919240704636849,1.0708070902440427,0,0,0,4,7,1
106,14,85,3,1,4,0.03773584905660377,0,1,0,1.962806631693174,0.2973737929333688,0,0,0,7,3,0
48,15,25,2,0,0,0.0,0,1,0,1.8423709931771084,0.5012900482336496,0,0,0,3,5,0
38,29,1,2,0,0,0.0,0,1,0,1.4591479170272448,0.6159007709855494,0,0,0,3,10,1
58,15,36,1,5,1,0.017241379310344827,0,0,0,1.6767370300521325,0.4865363847265745,0,0,0,4,3,0
131,19,104,2,4,15,0.11450381679389313,0,1,0,2.440223928941852,0.576510123809086,0,0,0,4,5,1
99,15,76,2,2,8,0.08080808080808081,0,1,0,1.6140054628542204,0.5735183668668473,0,0,0,7,5,1
31,18,0,2,0,4,0.12903225806451613,0,1,0,1.584962500721156,0.8749902173511831,0,0,0,2,6,0
92,15,18,3,1,2,0.021739130434782608,0,1,0,2.4772170014624826,0.65072395885203,0,0,0,4,5,1
25,16,1,2,0,0,0.0,0,1,0,1.4591479170272448,0.7634530214021662,0,0,0,3,4,0
94,24,43,7,0,15,0.1595744680851064,0,2,1,1.8322488896002307,1.0194754196605031,0,0,0,4,9,1
31,23,0,2,0,0,0.0,0,1,0,1.5219280948873621,0.43952782023982845,0,0,0,2,7,0
126,50,19,4,1,19,0.15079365079365079,0,3,0,2.794653473544342,0.7712596825937261,3,2,0,4,17,1
97,16,73,3,4,0,0.0,0,1,0,1.8262452584026092,0.2744140820197051,0,0,0,5,4,0
20,13,0,2,0,0,0.0,0,1,0,1.5219280948873621,1.0306219054818897,0,0,0,2,4,1
39,13,19,1,0,3,0.07692307692307693,0,0,0,1.061278124459133,0.7281541862940121,0,0,0,6,2,1
51,16,22,2,0,5,0.09803921568627451,0,0,0,1.5,0.6046157682273348,0,0,0,4,5,1
90,15,68,2,5,6,0.06666666666666667,0,1,0,1.6493974703476992,0.453952405704221,0,0,0,8,4,0
60,16,37,1,2,3,0.05,0,0,0,1.4911148500551856,0.4103427471611277,0,0,0,7,5,1
56,20,29,2,2,10,0.17857142857142858,0,1,0,2.1219280948873624,0.9982306525508519,0,0,0,4,7,1
29,20,1,2,0,0,0.0,0,1,0,1.4591479170272448,0.5739260509545063,0,0,0,3,7,0
45,12,26,1,0,3,0.06666666666666667,0,0,0,1.061278124459133,0.505489224381884,0,0,0,6,4,0
31,22,1,2,0,0,0.0,0,1,0,1.4591479170272448,0.4004574747919917,0,0,0,3,8,0
78,69,1,4,2,9,0.11538461538461539,0,3,0,1.8464393446710154,0.6690726290583097,0,0,0,3,11,1
91,12,71,2,0,9,0.0989010989010989,0,0,0,1.6493974703476992,0.5830909863525364,0,0,0,8,5,0
77,17,53,1,4,8,0.1038961038961039,0,0,0,1.6767370300521325,0.42721971275823284,0,0,0,5,5,0
63,24,32,3,3,0,0.0,0,1,0,1.8954618442383218,0.3310138655244616,0,0,0,3,6,0
41,16,18,3,0,4,0.0975609756097561,0,1,0,1.3516441151533924,0.8871488214691803,0,0,0,5,4,1
54,45,1,4,2,5,0.09259259259259259,0,3,0,1.8464393446710154,0.4875150850008184,0,0,0,3,9,1
26,9,10,2,0,1,0.038461538461538464,0,0,0,1.4591479170272448,1.0065657418515288,0,0,0,3,2,1
84,17,60,2,10,2,0.023809523809523808,0,1,0,1.5683182557028439,0.44688264725228305,0,0,0,5,6,0
21,6,7,1,0,3,0.14285714285714285,0,0,0,1.3709505944546687,1.1714491635480384,0,0,0,3,2,1
99,16,9,2,2,11,0.1111111111111111,0,1,0,2.996630848284676,0.948162212713607,0,0,0,4,6,0
34,25,1,2,0,0,0.0,0,1,0,1.4591479170272448,0.7349765756996003,0,0,0,3,6,0
81,27,47,2,0,15,0.18518518518518517,0,1,0,1.2987949406953985,0.7397909379961275,0,0,0,5,8,1
42,21,14,1,0,0,0.0,0,0,0,1.1488348542809166,0.5860033391014529,0,0,0,5,9,1
62,19,35,2,2,0,0.0,0,1,0,1.8365916681089791,0.30925567818824073,0,0,0,4,4,0
45,25,13,2,0,0,0.0,0,1,0,1.8423709931771084,0.4563506896529792,0,0,0,3,8,0
126,50,19,4,1,21,0.16666666666666666,0,3,0,2.794653473544342,0.8976528957246324,3,2,0,4,17,1
20,13,0,2,0,0,0.0,0,1,0,1.5219280948873621,0.9545514421578433,0,0,0,2,5,0
86,17,3,3,1,5,0.05813953488372093,0,1,0,2.5220552088742005,0.8307168103335607,0,0,0,4,6,1
45,20,18,2,1,0,0.0,0,1,0,1.657742726504889,0.33785317317985375,0,0,0,5,5,0
59,20,31,3,3,0,0.0,0,1,0,1.8954618442383218,0.4110825011943515,0,0,0,3,4,0
48,25,16,3,1,1,0.020833333333333332,0,1,0,1.811278124459133,0.3117674387932981,0,0,0,3,7,0
104,17,61,3,1,0,0.0,0,0,1,2.0602489763846963,0.6968983718056571,0,0,0,10,7,1
41,34,0,2,0,0,0.0,0,1,0,1.5219280948873621,0.6983980157078402,0,0,0,2,12,1
43,12,23,3,0,0,0.0,0,0,0,1.4056390622295665,0.5780617903216029,0,0,0,4,5,1
41,17,17,1,2,0,0.0,0,0,0,1.75,0.6275621536553123,0,0,0,4,5,0
38,18,12,2,0,0,0.0,0,0,0,1.3787834934861753,0.627927743261227,0,0,0,4,6,1
21,6,8,1,0,3,0.14285714285714285,0,0,0,1.3709505944546687,1.8786001037163649,0,0,0,3,1,1
30,6,4,1,0,12,0.4,0,0,0,1.8423709931771084,2.6735511319321774,0,0,0,3,0,1
44,35,1,2,0,0,0.0,0,1,0,1.4591479170272448,0.5500666391799802,0,0,0,3,14,0
44,24,13,2,0,1,0.022727272727272728,0,1,0,1.2987949406953985,0.3346530252120278,0,0,0,5,8,1
33,24,1,2,0,0,0.0,0,1,0,1.4591479170272448,0.7083906250418418,0,0,0,3,8,1
31,23,1,2,0,0,0.0,0,1,0,1.4591479170272448,0.5054979248586771,0,0,0,3,8,0
67,21,39,1,0,4,0.05970149253731343,0,0,0,1.5709505944546687,0.5852275027604519,1,0,0,6,9,1
57,16,33,2,0,0,0.0,0,1,0,1.8365916681089791,0.562323824413028,0,0,0,4,7,0
33,18,7,1,0,0,0.0,0,0,0,1.3709505944546687,0.5991680612670548,0,0,0,3,6,1
71,28,36,2,3,0,0.0,0,1,0,1.8464393446710154,0.39031652689188107,0,0,0,4,9,0
49,14,8,4,1,0,0.0,0,1,1,2.469670487371862,1.300919819936501,0,0,0,4,9,1
36,20,9,2,0,0,0.0,0,1,0,1.8423709931771084,0.4581918172208457,0,0,0,3,6,0
29,8,13,2,0,2,0.06896551724137931,0,0,0,1.3787834934861753,0.8707940304822352,0,0,0,4,1,0
112,9,10,2,0,27,0.24107142857142858,0,0,0,2.660673233416842,1.5621512624133174,1,0,0,3,3,1
61,15,39,2,5,0,0.0,0,1,0,2.287783719941071,0.48179596708589867,0,0,0,3,4,0
110,23,64,3,1,4,0.03636363636363636,0,1,0,2.7373227798185953,1.5419671029588196,0,0,0,8,5,1
32,23,1,2,0,0,0.0,0,1,0,1.4591479170272448,0.5177752350824985,0,0,0,3,5,0
127,61,10,3,4,38,0.2992125984251969,0,1,0,2.6062389286533896,1.1647993986105758,0,0,0,3,13,1
135,19,109,2,14,0,0.0,0,1,0,1.3778903318832147,0.3981062945656614,0,0,0,4,5,0
42,25,9,2,0,8,0.19047619047619047,0,1,0,1.4591479170272448,1.260601156702974,0,0,0,3,6,1
35,28,0,2,0,1,0.02857142857142857,0,1,0,1.5219280948873621,0.7608504569320796,0,0,0,2,10,1
34,14,13,2,0,0,0.0,0,1,0,1.8423709931771084,0.5502986549554326,0,0,0,3,5,0
21,12,1,2,0,0,0.0,0,1,0,1.4591479170272448,0.8073500942852797,0,0,0,3,2,0
27,18,1,2,0,0,0.0,0,1,0,1.4591479170272448,0.646744229891798,0,0,0,3,3,0
49,14,28,2,1,0,0.0,0,1,0,1.657742726504889,0.635921188091516,1,0,0,5,2,1
71,31,33,3,2,0,0.0,0,1,0,1.8464393446710154,0.3878003753202518,0,0,0,4,10,0
56,7,42,1,0,3,0.05357142857142857,0,0,0,1.6767370300521325,0.5058318580053395,1,1,0,5,2,0
35,16,11,2,0,0,0.0,0,1,0,1.4591479170272448,0.48516145140765493,0,0,0,3,5,0
66,19,39,3,1,3,0.045454545454545456,0,1,0,1.617189572592715,0.3570103700980762,0,0,0,6,4,1
103,18,78,3,11,7,0.06796116504854369,0,2,0,1.6152502650882519,0.4511728189457824,0,0,0,6,4,0
106,22,77,3,2,16,0.1509433962264151,0,1,0,1.610577243331642,0.39197497837807255,0,0,0,8,10,1
41,18,16,3,0,1,0.024390243902439025,0,1,0,1.4488156357251847,0.5911513540244521,0,0,0,3,5,1
38,18,13,3,0,0,0.0,0,1,0,1.4488156357251847,0.5727830950488171,0,0,0,3,6,0
38,21,9,2,1,1,0.02631578947368421,0,1,0,1.8423709931771084,0.5448092084536574,0,0,0,3,6,1
25,17,1,2,0,0,0.0,0,1,0,1.4591479170272448,0.6486238226533555,0,0,0,3,6,0
27,19,1,2,0,0,0.0,0,1,0,1.4591479170272448,0.6209067674878015,0,0,0,3,6,0
186,20,42,2,7,58,0.3118279569892473,0,1,0,2.9261071038295574,1.4343072343471857,0,0,0,5,5,1
78,16,55,2,7,0,0.0,0,1,0,1.6894822670191825,0.2702943641544753,0,0,0,5,5,0
37,20,9,3,0,0,0.0,0,1,0,1.4488156357251847,0.5969082822354125,0,0,0,3,6,0
55,26,21,5,0,4,0.07272727272727272,0,3,0,1.3516441151533924,0.5057766978614283,0,0,0,3,7,1
177,17,33,3,1,54,0.3050847457627119,0,1,0,2.813209829505895,1.2119970022617026,1,0,0,7,5,1
59,12,39,2,3,4,0.06779661016949153,0,1,0,2.054585169337799,0.4458158342222883,0,0,0,5,2,0
55,33,14,7,0,0,0.0,0,3,0,1.2406705316766884,0.6058763539751677,0,0,0,3,5,1
21,14,0,3,0,0,0.0,0,2,0,1.4591479170272448,1.214026293521713,0,0,0,2,3,0
43,25,11,4,0,0,0.0,0,2,0,1.4056390622295665,0.450335907381907,0,0,0,3,8,1
77,8,62,2,2,3,0.03896103896103896,0,0,0,1.483831706844689,0.3999305135470294,3,0,0,9,4,1
50,42,1,4,2,2,0.04,0,3,0,1.8464393446710154,0.6934249568243669,0,0,0,3,8,1
36,17,11,2,0,0,0.0,0,1,0,1.3787834934861753,0.8217712936705939,0,0,0,4,5,0
42,10,24,1,2,0,0.0,0,0,0,1.4182958340544896,0.9886800088840731,0,0,0,8,3,1
64,20,37,2,3,0,0.0,0,1,0,1.8464393446710154,0.22124507240442776,0,0,0,4,5,0
42,33,1,2,0,0,0.0,0,1,0,1.4591479170272448,0.9493237965562592,0,0,0,3,11,1
66,17,42,4,0,0,0.0,0,2,0,1.4716022614097979,0.4493512030115,0,0,0,9,3,1
69,18,44,2,0,18,0.2608695652173913,0,1,0,1.2987949406953985,1.0359022348285454,0,0,0,5,5,1
30,9,14,1,0,0,0.0,0,0,0,1.1488348542809166,0.7248623545736572,0,0,0,5,4,1
37,13,17,3,0,0,0.0,0,1,0,1.4488156357251847,0.5356813698412808,0,0,0,3,3,0
27,15,5,2,0,0,0.0,0,1,0,1.3787834934861753,0.6391402602702465,0,0,0,4,6,1
23,7,8,1,0,0,0.0,0,0,0,1.3709505944546687,1.1907358530040724,0,0,0,3,1,1
43,12,24,3,0,2,0.046511627906976744,0,1,0,1.3516441151533924,0.5352336960853585,0,0,0,5,4,0
41,29,5,1,2,0,0.0,0,0,0,1.75,0.5338960704796918,0,0,0,4,10,1
63,21,34,2,1,0,0.0,0,1,0,1.8810947601100747,0.3473039833230093,0,0,0,7,8,0
30,22,1,2,0,0,0.0,0,1,0,1.4591479170272448,0.7409124409118716,0,0,0,3,7,0
23,15,1,2,0,0,0.0,0,1,0,1.4591479170272448,0.8055009426398093,0,0,0,3,4,0
36,7,21,1,1,0,0.0,0,0,0,1.6644977792004612,0.5962929319758946,0,0,0,4,2,0
103,15,81,1,1,3,0.02912621359223301,0,0,0,1.5589385323502771,0.43460651958330887,0,0,0,10,5,0
44,16,20,2,0,0,0.0,0,1,0,1.75,0.41895367091300556,0,0,0,4,7,0
48,25,1,5,0,2,0.041666666666666664,0,4,0,2.287783719941071,1.045263032956308,0,0,0,3,5,1
33,24,1,2,0,0,0.0,0,1,0,1.4591479170272448,0.659585961688045,0,0,0,3,8,1
68,22,38,2,0,18,0.2647058823529412,0,1,0,1.3787834934861753,1.290959342950481,0,0,0,4,7,1
22,13,1,2,0,0,0.0,0,1,0,1.4591479170272448,0.8909997974336388,0,0,0,3,2,0
68,16,45,1,1,20,0.29411764705882354,0,0,0,1.4466166676282082,1.11585232043892,1,0,0,6,6,1
28,19,1,2,0,0,0.0,0,1,0,1.4591479170272448,0.8816944878628863,0,0,0,3,4,0
138,34,96,2,7,32,0.2318840579710145,0,1,0,1.9653059184883495,0.7795885152671772,0,0,0,10,11,1
45,11,26,3,0,6,0.13333333333333333,0,1,0,1.3516441151533924,0.6136535110035186,0,0,0,5,1,0
34,25,1,2,0,0,0.0,0,1,0,1.4591479170272448,0.4291059130262883,0,0,0,3,7,0
43,25,11,2,0,0,0.0,0,1,0,1.4591479170272448,0.2808521014635423,0,0,0,3,8,0
26,17,1,2,0,0,0.0,0,1,0,1.4591479170272448,0.8370123969761668,0,0,0,3,5,0
137,22,108,3,8,0,0.0,0,1,0,1.7002237262558646,0.29383478414298364,0,0,0,7,8,0
30,19,4,1,1,0,0.0,0,0,0,1.6644977792004612,0.5821280889080419,0,0,0,4,9,1
39,19,13,2,2,0,0.0,0,1,0,1.9056390622295665,0.3125439619553196,0,0,0,3,4,0
26,16,3,2,0,1,0.038461538461538464,0,1,0,1.3787834934861753,1.0564055854726713,0,0,0,4,6,1
128,50,20,4,1,26,0.203125,0,3,0,2.7550576199383077,0.9026921979252684,3,2,0,5,17,1
22,13,1,2,0,0,0.0,0,1,0,1.4591479170272448,0.7962534907547734,0,0,0,3,2,0
27,16,4,2,1,0,0.0,0,1,0,1.75,0.6628586493442068,0,0,0,4,3,0
75,37,30,4,3,8,0.10666666666666667,0,2,0,1.8262452584026092,0.420424947447893,0,0,0,5,12,0
130,54,19,5,1,21,0.16153846153846155,0,4,0,2.7550576199383077,0.7835666858407211,3,2,0,4,17,1
42,34,1,3,2,0,0.0,0,2,0,1.8910611120726526,0.38337965915602923,0,2,0,3,10,1
100,18,74,3,4,12,0.12,0,1,0,2.217021885879718,0.5368306859049924,0,0,0,3,5,0
162,9,146,1,2,41,0.25308641975308643,0,0,0,1.780672129520887,1.035429607088314,2,0,0,7,4,1
107,19,81,2,1,23,0.21495327102803738,0,1,0,1.2916919971380596,0.6886218044852457,0,0,0,10,5,1
62,19,35,2,2,0,0.0,0,1,0,1.6858157091530304,0.23455644284730864,0,0,0,6,4,0
29,9,13,1,4,0,0.0,0,0,0,1.6767370300521325,0.7428613152193844,0,0,0,5,3,1
27,19,1,2,0,0,0.0,0,1,0,1.4591479170272448,0.652135072396489,0,0,0,3,5,0
32,24,1,2,0,0,0.0,0,1,0,1.4591479170272448,0.7495727963125004,0,0,0,3,8,0
74,21,46,2,0,0,0.0,0,0,0,1.0957952550009336,0.35070423378643517,0,0,0,8,7,1
29,20,1,2,0,0,0.0,0,1,0,1.4591479170272448,0.3718404937432437,0,0,0,3,5,0
45,24,14,3,0,0,0.0,0,2,0,1.3516441151533924,0.2722512043422222,0,0,0,5,5,1
112,24,81,3,0,13,0.11607142857142858,0,1,0,1.7002237262558646,0.5638587606770548,0,0,0,7,9,0
160,43,87,2,1,16,0.1,0,1,0,2.8045965297024473,0.4998526164356192,0,0,0,7,12,1
51,10,34,1,0,18,0.35294117647058826,0,0,0,1.2516291673878228,2.051156334495552,0,0,0,4,3,1
82,23,52,3,6,5,0.06097560975609756,0,1,0,1.7758589482446405,0.48740575402667524,0,0,0,3,6,0
50,21,22,2,0,4,0.08,0,1,0,1.2987949406953985,0.542702318010534,0,0,0,5,9,1
61,14,40,2,3,0,0.0,0,1,0,1.8464393446710154,0.31392497884622905,0,0,0,4,3,0
31,24,0,2,0,0,0.0,0,1,0,1.5219280948873621,0.5650683336996103,0,0,0,2,8,1
32,23,1,2,0,0,0.0,0,1,0,1.4591479170272448,0.5249635127833745,0,0,0,3,7,0
31,23,0,2,0,3,0.0967741935483871,0,1,0,1.5219280948873621,0.8383279731229659,0,0,0,2,6,1
122,68,47,22,0,36,0.29508196721311475,0,11,0,0.824980257347893,1.7447144378732573,0,0,0,4,9,1
29,20,1,2,1,0,0.0,0,1,0,1.8423709931771084,0.5937943515195666,0,0,0,3,8,0
28,21,0,2,0,1,0.03571428571428571,0,1,0,1.5219280948873621,0.7300896403216218,0,0,0,2,4,0
35,28,0,2,1,0,0.0,0,1,0,1.9182958340544896,0.5047318261158404,0,0,0,2,7,0
37,16,13,2,0,6,0.16216216216216217,0,1,0,1.2987949406953985,0.9411508665992977,0,0,0,5,5,0
77,23,47,1,0,23,0.2987012987012987,0,0,0,1.1488348542809166,1.0668595894574109,0,0,0,5,8,1
28,19,1,2,2,0,0.0,0,1,0,1.9056390622295665,0.7176683395005959,0,0,0,3,5,0
36,21,8,2,0,0,0.0,0,1,0,1.4591479170272448,0.4578323925711174,0,0,0,3,7,0
24,15,1,2,0,0,0.0,0,1,0,1.4591479170272448,0.8123636714799115,0,0,0,3,3,0
29,20,1,2,0,2,0.06896551724137931,0,1,0,1.4591479170272448,0.87533158267255,0,0,0,3,6,1
21,14,0,2,0,0,0.0,0,1,0,1.5219280948873621,0.9659305138717609,0,0,0,2,2,0
58,18,26,2,0,0,0.0,0,0,0,2.321928094887362,0.5618004828872105,0,0,0,4,7,1
83,13,11,3,0,6,0.07228915662650602,0,1,0,2.490468570732828,1.2843813257665566,0,0,0,3,3,1
24,15,1,2,0,0,0.0,0,1,0,1.4591479170272448,0.7292396638974609,0,0,0,3,6,0
155,47,8,7,1,22,0.14193548387096774,0,5,0,2.9344340657990293,1.3857318049394836,1,0,0,3,13,1
52,14,30,1,3,0,0.0,0,0,0,1.7527152789797047,0.37204069188449845,0,0,0,4,5,0
31,23,1,2,0,2,0.06451612903225806,0,1,0,1.4591479170272448,0.757072187755247,0,0,0,3,6,1
28,13,8,3,0,1,0.03571428571428571,0,1,0,1.4488156357251847,0.9308540767335352,0,0,0,3,3,0
48,18,6,2,0,4,0.08333333333333333,0,1,0,2.0588138903312014,0.8155336637441848,0,0,0,4,4,1
34,11,15,1,0,0,0.0,0,0,0,1.3709505944546687,0.4466328994666485,0,0,0,3,3,0
42,34,1,2,2,5,0.11904761904761904,0,1,0,1.9056390622295665,0.8261294291621097,0,0,0,3,9,1
23,14,1,2,0,0,0.0,0,1,0,1.4591479170272448,0.8589515720661675,0,0,0,3,3,0
72,28,36,3,1,3,0.041666666666666664,0,1,0,1.5510981710072647,0.5066739120637377,1,0,0,7,7,1
39,30,1,2,1,0,0.0,0,1,0,1.8423709931771084,0.3418964482777614,0,0,0,3,11,1
83,14,10,4,4,4,0.04819277108433735,0,1,0,2.5724312513221195,0.6366812599693166,0,0,0,3,2,0
26,17,1,2,0,0,0.0,0,1,0,1.4591479170272448,0.6138955181875683,0,0,0,3,4,0
33,25,1,2,0,0,0.0,0,1,0,1.4591479170272448,0.6517252659083259,0,0,0,3,9,0
174,37,129,2,15,40,0.22988505747126436,0,1,0,1.446464374520793,0.6945109815482388,0,0,0,8,11,1
34,16,11,2,0,1,0.029411764705882353,0,0,0,1.224394445405986,0.949328009127296,0,0,0,6,7,1
35,26,1,4,0,2,0.05714285714285714,0,3,0,1.4056390622295665,0.6301849289702692,0,0,0,3,6,1
47,17,23,2,0,0,0.0,0,0,0,1.2987949406953985,0.43267185723186374,0,0,0,5,7,1
66,27,32,3,3,21,0.3181818181818182,0,2,0,1.867633890971212,1.1259562994855297,0,0,0,4,6,1
34,25,1,2,1,0,0.0,0,1,0,1.8423709931771084,0.47685083520864063,0,0,0,3,9,1
100,18,75,3,1,21,0.21,0,1,0,1.4885252948977485,0.6629222734694085,1,0,0,8,4,1
90,17,10,3,0,16,0.17777777777777778,0,1,0,2.3709505944546687,0.9435715288250374,0,0,0,3,5,0
29,20,1,2,0,0,0.0,0,1,0,1.4591479170272448,0.4985969103464167,0,0,0,3,5,0
63,22,34,3,0,0,0.0,0,2,0,1.2406705316766884,0.47376326912763245,0,0,0,7,4,1
46,11,28,1,0,2,0.043478260869565216,0,0,0,1.5487949406953985,0.590434546373838,0,0,0,5,4,1
42,30,5,2,0,1,0.023809523809523808,0,1,0,1.4591479170272448,0.5462407425989465,0,0,0,3,12,1
95,12,75,2,7,0,0.0,0,1,0,1.6774212838293647,0.3049418216337332,0,0,0,6,2,0
127,21,99,2,7,0,0.0,0,1,0,1.6774212838293647,0.4599939789018591,0,0,0,6,4,0
23,14,1,2,0,0,0.0,0,1,0,1.4591479170272448,0.9577997118310353,0,0,0,3,2,0
41,23,11,2,1,0,0.0,0,1,0,1.657742726504889,0.5684333298763621,0,0,0,5,7,1
30,19,4,1,0,10,0.3333333333333333,0,0,0,1.2516291673878228,1.7291774356691807,0,0,0,4,4,1
33,16,10,1,0,0,0.0,0,0,0,1.2516291673878228,0.7327649486919952,0,0,0,4,5,1
92,17,68,4,1,7,0.07608695652173914,0,2,0,1.875,0.35424656112402697,0,0,0,8,4,1
43,26,10,4,0,0,0.0,0,2,0,1.4056390622295665,0.5093513059734275,1,0,0,3,8,1
32,24,1,2,0,0,0.0,0,1,0,1.4591479170272448,0.7383553254218689,0,0,0,3,8,1
74,14,53,2,0,0,0.0,0,1,0,1.2987949406953985,0.3790303014837907,0,0,0,5,2,1
35,20,7,2,1,0,0.0,0,1,0,1.75,0.5127368452290457,0,0,0,4,7,0
41,34,0,2,0,1,0.024390243902439025,0,1,0,1.5219280948873621,0.53629284951432,0,0,0,2,11,1
57,21,28,3,1,6,0.10526315789473684,0,1,0,1.6854752972273344,0.4577385407906743,0,0,0,5,6,0
24,15,1,2,0,0,0.0,0,1,0,1.4591479170272448,0.6914345003690455,0,0,0,3,4,0
276,31,72,4,0,100,0.36231884057971014,0,1,0,2.6069367321753214,1.5317494220742582,2,0,0,8,13,1
29,22,0,2,0,0,0.0,0,1,0,1.5219280948873621,1.0220495891022296,0,0,0,2,5,0
32,23,1,2,1,0,0.0,0,1,0,1.8423709931771084,0.40930196334584984,0,0,0,3,6,0
55,37,10,5,0,0,0.0,0,3,0,1.3516441151533924,0.35187569187833506,0,0,0,3,11,1
65,15,22,3,1,1,0.015384615384615385,0,0,1,2.4416298737872246,0.9343271104022186,0,0,0,5,5,1
76,23,45,2,3,0,0.0,0,1,0,1.7295739585136223,0.33182007798062135,0,0,0,6,7,0
118,42,19,4,0,24,0.2033898305084746,0,3,0,2.6312929881819,1.009839635635152,3,2,0,4,15,1
23,14,1,2,1,0,0.0,0,1,0,1.8423709931771084,0.6645574415698116,0,0,0,3,4,0
57,18,31,4,0,0,0.0,0,1,0,1.360964047443681,0.4542308710601804,2,0,0,5,4,1
64,18,39,2,4,4,0.0625,0,1,0,1.823067982273661,0.30511543589447754,0,0,0,4,5,0
100,19,74,2,4,0,0.0,0,0,0,1.640223928941852,0.24951786232646064,0,0,0,8,8,1
50,43,0,3,3,1,0.02,0,2,0,1.8910611120726526,0.3361177597760058,0,0,0,2,13,1
36,19,9,2,0,0,0.0,0,1,0,1.4591479170272448,0.5055260082700554,0,0,0,3,5,1
77,23,47,1,0,24,0.3116883116883117,0,0,0,1.1488348542809166,1.1744523153515902,0,0,0,5,8,1
80,15,29,2,1,0,0.0,0,0,1,2.353533948577482,0.8118262244741378,0,0,0,6,5,1
27,18,1,2,0,0,0.0,0,1,0,1.4591479170272448,0.6715590354959297,0,0,0,3,5,0
36,29,0,2,0,0,0.0,0,1,0,1.5219280948873621,0.5707690958773862,0,0,0,2,7,0
74,14,10,4,1,11,0.14864864864864866,0,1,0,2.5232314287976205,0.962552055853822,0,0,0,3,2,0
22,14,0,1,0,0,0.0,0,0,0,1.5,0.9370862375972089,0,0,0,2,4,0
148,16,74,2,1,32,0.21621621621621623,0,1,0,2.3846026962555835,1.0795054423668362,1,0,0,11,3,1
59,18,34,2,4,0,0.0,0,1,0,1.823067982273661,0.5357039389316629,0,0,0,4,5,0
41,32,1,2,0,0,0.0,0,1,0,1.4591479170272448,0.4388702920348102,0,0,0,3,11,0
23,10,6,1,0,0,0.0,0,0,0,1.2516291673878228,0.8451496841397691,0,0,0,4,3,1
74,23,22,3,0,7,0.0945945945945946,0,1,0,2.0464393446710156,0.4720848846373329,1,0,0,4,8,1
21,12,1,2,0,0,0.0,0,1,0,1.4591479170272448,1.0487336607046795,0,0,0,3,1,0
133,18,107,4,7,31,0.23308270676691728,0,2,0,2.1140368018373032,1.0765427068814928,0,0,0,7,4,0
59,22,30,2,0,0,0.0,0,1,0,1.1567796494470395,0.4469203059028744,0,0,0,7,7,0
26,17,1,2,0,0,0.0,0,1,0,1.4591479170272448,0.5682940243261149,0,0,0,3,4,0
89,20,62,2,6,2,0.02247191011235955,0,1,0,1.7055872616982601,0.46686321547229276,0,0,0,6,6,0
27,16,4,1,1,0,0.0,0,0,0,1.6644977792004612,0.8398646403854712,0,0,0,4,3,1
98,19,72,2,2,17,0.17346938775510204,0,1,0,1.6140054628542204,0.5153994091913843,0,0,0,7,6,1
32,18,6,2,0,0,0.0,0,1,0,1.3787834934861753,0.5659394184081014,0,0,0,4,5,0
58,16,35,3,3,0,0.0,0,1,0,1.8954618442383218,0.3139301959290193,0,0,0,3,5,0
35,26,1,3,0,0,0.0,0,2,0,1.4488156357251847,0.3942266092885471,0,0,0,3,8,0
115,15,76,2,0,10,0.08695652173913043,0,1,0,2.1735572622751853,0.6798424843885771,0,0,0,8,5,1
61,44,10,4,3,0,0.0,0,3,0,1.867633890971212,0.3834555151554984,2,0,0,3,15,1
79,21,51,3,2,7,0.08860759493670886,0,1,0,1.7295739585136223,0.37940869270265637,0,0,0,6,5,0
64,19,38,4,1,0,0.0,0,2,0,1.573402452417767,0.4322112934174547,0,0,0,7,6,0
63,14,42,3,4,5,0.07936507936507936,0,1,0,1.867633890971212,0.46614126953264434,0,0,0,3,3,0
54,15,32,3,0,4,0.07407407407407407,0,1,0,1.295461844238322,0.5476747719787693,0,0,0,6,6,0
31,24,0,3,0,0,0.0,0,2,0,1.4591479170272448,0.6959953646128404,0,0,0,2,6,0
33,22,4,2,0,0,0.0,0,1,0,1.3787834934861753,0.35700236562028326,0,0,0,4,6,1
22,15,0,2,0,0,0.0,0,1,0,1.5219280948873621,1.0016782356580574,0,0,0,2,5,0
210,14,31,4,0,76,0.3619047619047619,0,0,0,2.577819531114783,1.7647015282723193,2,0,0,4,5,1
22,13,1,2,0,0,0.0,0,1,0,1.4591479170272448,0.8939180838450658,0,0,0,3,3,0
30,14,7,2,0,0,0.0,0,1,0,1.75,0.7033282237551353,0,0,0,4,3,0
36,10,18,1,1,0,0.0,0,0,0,1.5487949406953985,0.5236986988393825,0,0,0,5,3,1
21,12,1,2,0,0,0.0,0,1,0,1.4591479170272448,0.9246190802701306,0,0,0,3,1,0
39,15,16,3,0,0,0.0,0,1,0,1.4056390622295665,0.6018135401259456,1,0,0,4,6,1
70,22,41,2,5,0,0.0,0,1,0,1.7841591278514217,0.4330816088770108,0,0,0,4,6,0
40,33,0,2,0,0,0.0,0,1,0,1.5219280948873621,0.47167070529492394,0,0,0,2,11,1
30,21,1,2,0,0,0.0,0,1,0,1.4591479170272448,0.5528438749511828,0,0,0,3,7,0
326,19,16,6,6,62,0.1901840490797546,0,1,1,2.907894275177697,1.4069356763435639,1,1,0,4,5,1
112,48,9,2,3,16,0.14285714285714285,0,1,0,2.6556390622295662,0.5982909318631985,1,0,0,4,13,1
35,26,1,2,1,0,0.0,0,1,0,1.8423709931771084,0.5398591327221748,0,0,0,3,12,1
21,13,1,2,0,2,0.09523809523809523,0,1,0,1.4591479170272448,1.0945637805729242,0,0,0,3,2,0
22,13,1,2,0,0,0.0,0,1,0,1.4591479170272448,0.8492692543837468,0,0,0,3,2,0
52,15,29,2,2,0,0.0,0,1,0,1.7609640474436812,0.2847335195809596,0,0,0,5,4,0
237,29,19,3,1,13,0.05485232067510549,0,1,0,2.9393486129540656,0.7820105091980165,0,0,0,4,8,1
87,31,48,4,4,9,0.10344827586206896,0,2,0,1.8352377453121176,0.42238247649650434,0,0,0,5,9,0
45,18,20,2,2,0,0.0,0,1,0,1.7609640474436812,0.3502653797487764,0,0,0,5,8,0
23,15,1,1,0,0,0.0,0,0,0,1.3709505944546687,0.7196742185435819,0,0,0,3,4,0
28,20,1,2,0,0,0.0,0,1,0,1.4591479170272448,0.7737954271805728,0,0,0,3,5,0
77,17,9,2,0,5,0.06493506493506493,0,0,0,2.41379956460568,0.9300052855896113,0,0,0,3,7,1
24,15,1,2,0,0,0.0,0,1,0,1.4591479170272448,0.653679688580364,0,0,0,3,4,0
35,26,1,1,3,1,0.02857142857142857,0,0,0,1.811278124459133,0.7045989205268149,0,0,0,3,7,1
59,18,34,2,4,0,0.0,0,1,0,1.823067982273661,0.3791160933537321,0,0,0,4,4,0
33,14,12,3,0,0,0.0,0,2,0,1.295461844238322,0.913161535883571,0,0,0,6,2,1
77,20,50,3,1,0,0.0,0,1,0,1.4299111709758698,0.3285909077874029,0,0,0,9,6,1
40,20,12,3,0,1,0.025,0,1,0,1.4488156357251847,0.7732001271868167,0,0,0,3,7,1
125,50,19,4,1,17,0.136,0,3,0,2.794653473544342,0.9138357614850554,3,2,0,4,17,1
21,6,8,1,0,3,0.14285714285714285,0,0,0,1.3709505944546687,1.6364414222608699,0,0,0,3,1,1
19,6,6,1,0,0,0.0,0,0,0,1.3709505944546687,1.0369905412606277,0,0,0,3,2,1
202,18,176,2,0,24,0.1188118811881188,0,1,0,1.75,0.887546186283006,0,0,0,4,4,1
33,16,9,2,0,0,0.0,0,1,0,1.3787834934861753,0.6755827896234772,0,0,0,4,7,0
57,28,22,3,0,0,0.0,0,2,0,1.2406705316766884,0.38225369143749227,0,0,0,7,9,1
235,18,61,4,4,11,0.04680851063829787,0,1,0,2.0306390622295662,0.39188551650443154,0,0,0,6,4,1
339,30,302,4,3,53,0.15634218289085547,0,3,0,2.1552215288595122,1.0249173378589846,0,0,0,4,10,1
38,12,19,2,0,7,0.18421052631578946,0,1,0,1.2987949406953985,0.9819959127948714,0,0,0,5,2,0
25,16,1,3,0,1,0.04,0,2,0,1.4488156357251847,0.6880525213828653,0,0,0,3,4,0
51,43,1,3,2,10,0.19607843137254902,0,2,0,1.8910611120726526,0.8020600050149257,0,0,0,3,12,1
32,24,1,2,0,0,0.0,0,1,0,1.4591479170272448,0.9639083296907329,0,0,0,3,7,0
78,16,55,3,4,1,0.01282051282051282,0,1,0,1.8262452584026092,0.34038094272809527,0,0,0,5,4,0
47,23,7,1,1,0,0.0,0,0,0,2.7321588913645702,2.070047535662536,0,0,0,4,7,1
36,29,0,2,0,0,0.0,0,1,0,1.5219280948873621,0.6907868193035359,0,0,0,2,9,0
31,22,1,2,0,1,0.03225806451612903,0,1,0,1.4591479170272448,0.72390433908099,0,0,0,3,6,1
28,20,1,2,0,0,0.0,0,1,0,1.4591479170272448,0.7306659493862847,0,0,0,3,4,0
20,7,5,1,0,1,0.05,0,0,0,1.3709505944546687,1.4253324846481092,0,0,0,3,1,1
61,20,34,2,0,17,0.2786885245901639,0,1,0,1.3787834934861753,1.0743984384731917,0,0,0,4,4,1
33,16,10,2,0,0,0.0,0,0,0,1.4591479170272448,0.7191539382206698,0,0,0,3,4,1
24,16,1,2,0,0,0.0,0,1,0,1.4591479170272448,0.7575124604851873,0,0,0,3,5,0
47,16,24,3,3,0,0.0,0,1,0,1.8954618442383218,0.45428928451000206,0,0,0,3,5,0
68,42,19,4,0,11,0.16176470588235295,0,3,0,1.3921472236645345,0.8385083194955483,2,2,0,4,15,1
38,27,4,2,0,0,0.0,0,1,0,1.4591479170272448,0.43107105786953753,0,0,0,3,9,1
22,14,1,2,0,0,0.0,0,1,0,1.4591479170272448,1.0174144631669797,0,0,0,3,5,0
51,18,16,3,0,1,0.0196078431372549,0,1,0,2.0464393446710156,0.4872464616871251,0,0,0,4,6,0
54,12,34,2,4,2,0.037037037037037035,0,1,0,1.823067982273661,0.5076071411064708,0,0,0,4,1,0
37,20,10,2,0,0,0.0,0,1,0,1.3787834934861753,0.48271886713753753,0,0,0,4,6,1
46,17,21,3,0,1,0.021739130434782608,0,1,0,1.7527152789797047,0.7188149604953273,0,0,0,4,3,0
38,21,10,2,0,0,0.0,0,0,0,1.4591479170272448,0.6607154233053751,0,0,0,3,7,1
22,11,4,3,0,0,0.0,0,1,0,1.4488156357251847,0.7643750238046174,0,0,0,3,5,1
30,21,1,2,0,0,0.0,0,1,0,1.4591479170272448,0.49315257466353385,0,0,0,3,5,0
44,25,12,2,0,0,0.0,0,1,0,1.4591479170272448,0.3671713512123643,0,0,0,3,8,0
79,21,50,3,7,4,0.05063291139240506,0,1,0,1.7244078178625923,0.3784044146575167,0,0,0,3,6,0
464,14,139,9,3,143,0.3081896551724138,1,0,0,2.706653170541255,1.2419355550081985,1,0,0,12,0,1
38,30,0,2,0,4,0.10526315789473684,0,1,0,1.5219280948873621,0.7290476507784105,0,0,0,2,7,1
70,14,49,3,5,5,0.07142857142857142,0,1,0,1.8250112108241772,0.3567972919600863,0,0,0,3,3,0
28,19,1,2,0,0,0.0,0,1,0,1.4591479170272448,0.9095575202026498,0,0,0,3,4,0
58,25,26,3,3,0,0.0,0,1,0,1.8954618442383218,0.34133696423841214,0,0,0,3,7,0
60,18,35,4,0,9,0.15,0,1,0,1.2806721295208872,0.7819630001000383,0,0,0,7,5,0
219,12,33,3,1,89,0.4063926940639269,0,1,0,2.8709505944546687,1.6575021886709536,2,0,0,6,3,1
52,35,10,3,1,3,0.057692307692307696,0,1,0,1.811278124459133,0.5436236181705268,1,0,0,3,9,1
71,29,35,5,0,3,0.04225352112676056,0,2,0,1.3485878960124222,0.3541048901326895,1,0,0,5,8,1
39,15,17,2,0,0,0.0,0,0,0,1.3787834934861753,0.4547735683382157,0,0,0,4,4,1
23,15,1,2,0,0,0.0,0,1,0,1.4591479170272448,0.8074047328673546,0,0,0,3,3,0
44,17,20,5,1,4,0.09090909090909091,0,1,0,1.6854752972273344,0.8597301622620893,0,1,0,3,3,1
56,16,32,2,0,0,0.0,0,1,0,1.8365916681089791,0.6044978162157556,0,0,0,4,7,0
71,63,1,4,1,8,0.11267605633802817,0,3,0,1.7527152789797047,0.8988781741721831,0,0,0,3,11,1
127,50,20,4,1,19,0.14960629921259844,0,3,0,2.7550576199383077,0.8556381054691793,3,2,0,5,17,1
24,15,1,2,0,0,0.0,0,1,0,1.4591479170272448,0.6365188950750408,0,0,0,3,4,0
61,21,33,2,3,8,0.13114754098360656,0,1,0,1.6691803368667308,0.47963247321615937,0,0,0,7,6,0
37,29,1,2,0,0,0.0,0,1,0,1.4591479170272448,0.5868592750376332,0,0,0,3,9,0
53,12,34,4,0,10,0.18867924528301888,1,0,0,1.3221793455166666,0.7559150054877397,0,0,0,6,0,1
81,19,55,2,0,24,0.2962962962962963,0,1,0,1.1567796494470395,1.187217288465499,0,0,0,7,4,1
130,6,9,4,2,16,0.12307692307692308,0,0,0,3.1590795706241748,0.9186239799502411,0,0,0,3,1,1
59,26,25,2,0,0,0.0,0,1,0,1.224394445405986,0.29513327766401976,0,0,0,6,7,0
25,18,0,2,0,0,0.0,0,1,0,1.5219280948873621,0.7519411961343477,0,0,0,2,4,1
32,11,13,1,0,0,0.0,0,0,0,1.792481250360578,0.6095422046246189,0,0,0,3,4,0
75,44,24,4,3,0,0.0,0,3,0,1.8892464285091581,0.3512576032272238,2,0,0,6,15,1
243,37,129,2,16,48,0.19753086419753085,0,1,0,1.9068905956085187,0.6610591703358571,0,0,0,8,11,1
24,5,12,1,0,5,0.20833333333333334,0,0,0,1.3709505944546687,1.641891373367895,0,0,0,3,0,1
46,15,24,2,0,0,0.0,0,0,0,1.2987949406953985,0.618331305554468,1,0,0,5,5,1
25,6,12,1,0,3,0.12,0,0,0,1.3709505944546687,1.0618201161161145,0,0,0,3,2,1
30,23,0,2,1,0,0.0,0,1,0,1.9182958340544896,0.563698220645479,0,0,0,2,6,0
47,14,26,2,2,0,0.0,0,1,0,1.7609640474436812,0.5590510618816315,0,0,0,5,4,0
59,17,35,3,0,0,0.0,0,1,0,1.6854752972273344,0.2192684517947707,0,0,0,5,6,0
128,50,20,4,1,26,0.203125,0,3,0,2.7550576199383077,0.916473563037155,3,2,0,5,17,1
92,18,67,2,1,21,0.22826086956521738,0,1,0,1.4182958340544896,0.7049767231076011,1,0,0,8,4,1
37,17,13,1,1,0,0.0,0,0,0,1.6644977792004612,0.3947739141774593,0,0,0,4,5,1
73,19,47,1,1,0,0.0,0,0,0,1.2776134368191154,0.3860216849083264,0,0,0,8,6,1
37,24,1,2,0,0,0.0,0,1,0,2.4464393446710155,0.8799845530673299,0,0,0,3,7,0
47,15,25,1,1,0,0.0,0,0,0,1.5487949406953985,0.4205876424521564,1,0,0,5,5,1
103,17,79,3,0,0,0.0,0,1,0,1.7028195311147831,0.634356326550094,0,0,0,4,6,0
58,16,27,3,0,2,0.034482758620689655,0,0,0,2.0464393446710156,0.5795948145703506,1,0,0,4,6,1
21,13,1,3,0,10,0.47619047619047616,1,0,0,1.4488156357251847,2.570886787383253,0,0,0,3,0,1
102,23,72,3,1,1,0.00980392156862745,0,1,0,1.9197367178034825,0.34620561701900504,0,0,0,9,6,1
83,23,5,1,2,19,0.2289156626506024,0,0,0,2.765957320949175,1.72906955187916,0,0,0,5,7,1
48,20,20,3,0,6,0.125,0,1,0,1.4056390622295665,0.7806525030107764,0,0,0,4,6,0
128,50,20,4,1,23,0.1796875,0,3,0,2.7550576199383077,0.8637891285766911,3,2,0,5,17,1
24,15,1,2,0,0,0.0,0,1,0,1.4591479170272448,0.8901482881321643,0,0,0,3,3,0
46,18,21,3,1,0,0.0,0,1,0,1.811278124459133,0.6229970667433383,0,0,0,3,5,0
20,12,1,2,0,0,0.0,0,1,0,1.4591479170272448,1.0073714671105087,0,0,0,3,2,0
17,9,1,1,0,0,0.0,0,0,0,1.3709505944546687,1.072130181451138,0,0,0,3,3,0
115,11,97,2,1,12,0.10434782608695652,0,0,0,1.8638263900908159,0.504478766326905,0,0,0,8,4,0
40,24,9,3,2,0,0.0,0,1,0,1.8910611120726526,0.5139695320674432,0,0,0,3,5,1
126,61,10,3,4,47,0.373015873015873,0,1,0,2.6062389286533896,1.3818577633440496,0,0,0,3,9,1
19,12,0,2,0,0,0.0,0,1,0,1.5219280948873621,0.9454870759889876,0,0,0,2,4,0
60,20,32,4,0,0,0.0,0,1,0,1.721928094887362,0.36567547121694044,0,0,0,4,6,1
67,39,21,5,2,4,0.05970149253731343,0,3,0,1.789929075309999,0.3544668254878658,0,0,0,3,9,1
26,17,1,3,0,0,0.0,0,2,0,1.4488156357251847,0.6325484881990446,0,0,0,3,4,0
91,20,63,3,1,7,0.07692307692307693,0,2,0,1.8230264907128848,0.34080838348049386,2,0,0,7,6,1
32,25,0,2,0,0,0.0,0,1,0,1.5219280948873621,0.580256499322807,0,0,0,2,7,1
31,24,0,2,0,0,0.0,0,1,0,1.5219280948873621,0.5819804091069471,0,0,0,2,6,1
23,15,1,2,0,0,0.0,0,1,0,1.4591479170272448,0.6524561783877673,0,0,0,3,4,1
58,30,16,2,1,3,0.05172413793103448,0,1,0,1.8365916681089791,0.4370738366078251,0,0,0,4,10,1
44,14,23,3,0,7,0.1590909090909091,0,1,0,1.3516441151533924,0.7886648837493541,0,0,0,5,6,0
26,17,1,3,0,0,0.0,0,2,0,1.4488156357251847,0.6701439536020302,0,0,0,3,7,0
93,22,64,1,2,26,0.27956989247311825,0,0,0,1.3520301017579528,0.859736029539943,0,0,0,9,9,1
43,14,22,3,0,6,0.13953488372093023,0,1,0,1.3516441151533924,0.6728690429942648,0,0,0,5,6,0
26,18,1,2,0,0,0.0,0,1,0,1.4591479170272448,0.6193439251653446,0,0,0,3,6,0
62,10,45,1,0,16,0.25806451612903225,0,0,0,1.1488348542809166,1.394585940836492,0,0,0,5,2,1
16,7,1,1,0,0,0.0,0,0,0,1.3709505944546687,1.54357240465871,0,0,0,3,2,0
24,17,0,2,0,0,0.0,0,1,0,1.5219280948873621,0.8433588104915815,0,0,0,2,6,1
110,15,88,2,13,11,0.1,0,1,0,1.3605273114437082,0.4479033703247833,0,0,0,3,4,0
30,22,1,2,0,0,0.0,0,1,0,1.4591479170272448,0.44612938623686693,0,0,0,3,6,0
55,16,31,2,0,0,0.0,0,1,0,2.3158243335257076,0.8676494563696422,0,0,0,4,7,0
76,50,19,4,1,9,0.11842105263157894,0,3,0,1.721928094887362,0.6134671171817854,2,2,0,4,17,1
24,15,1,2,0,0,0.0,0,1,0,1.4591479170272448,0.5537740525269046,0,0,0,3,4,0
40,15,18,2,0,0,0.0,0,0,0,1.2987949406953985,0.803700502691467,1,0,0,5,5,1
47,11,29,1,0,0,0.0,0,0,0,2.0464393446710156,0.7910611378636235,0,0,0,4,3,0
49,24,18,2,1,2,0.04081632653061224,0,1,0,1.9609640474436811,0.3781558746048659,0,0,0,5,8,0
49,16,25,2,0,0,0.0,0,1,0,2.3685225277282065,0.7341886164683114,0,0,0,4,7,0
39,18,13,2,2,0,0.0,0,1,0,1.8365916681089791,0.5596497236374341,1,0,0,4,4,1
49,20,21,3,0,6,0.12244897959183673,0,1,0,1.3516441151533924,0.7558001831239556,0,0,0,5,4,1
69,30,0,2,0,4,0.057971014492753624,0,1,0,2.197159723424149,0.8225782998896156,0,0,0,2,9,1
38,15,16,2,0,0,0.0,0,1,0,1.4591479170272448,0.4473581183913701,0,0,0,3,5,0
53,23,22,2,1,0,0.0,0,1,0,1.75,0.2871370428125194,0,0,0,4,6,0
26,13,6,2,0,2,0.07692307692307693,0,1,0,1.4591479170272448,1.0162254347756823,0,0,0,3,2,1
97,11,1,1,0,29,0.29896907216494845,0,0,0,2.8218881955261788,1.739374021364319,0,0,0,3,4,1
46,17,22,3,0,1,0.021739130434782608,0,1,0,1.4056390622295665,0.5008192522561118,0,0,0,4,4,1
32,23,1,2,1,0,0.0,0,1,0,1.8423709931771084,0.692029944065193,0,0,0,3,6,1
110,19,84,2,0,26,0.23636363636363636,0,1,0,1.75,1.0525105863258335,1,0,0,4,5,1
26,18,1,2,0,0,0.0,0,1,0,1.4591479170272448,0.5651447611708471,0,0,0,3,5,0
31,22,1,2,0,0,0.0,0,1,0,1.4591479170272448,0.5822454001845195,0,0,0,3,7,0
25,17,1,2,0,0,0.0,0,1,0,1.4591479170272448,0.7512324223348766,0,0,0,3,4,0
28,20,1,2,0,0,0.0,0,1,0,1.4591479170272448,0.4147071147020992,0,0,0,3,5,0
48,20,20,3,0,6,0.125,0,1,0,1.4056390622295665,0.7704984694617725,0,0,0,4,6,0
86,23,55,3,1,10,0.11627906976744186,0,1,0,1.3752793655393791,0.5118172257918933,0,0,0,10,8,1
32,24,1,2,0,0,0.0,0,1,0,1.4591479170272448,0.341180429921219,0,0,0,3,8,0
45,15,23,2,0,0,0.0,0,1,0,1.8365916681089791,0.47653865792060734,0,0,0,4,3,0
84,22,55,4,1,0,0.0,0,1,0,1.4716022614097979,0.32347025951989106,0,0,0,9,8,1
80,19,53,1,5,1,0.0125,0,0,0,1.6143308351592656,0.47454315522618007,0,0,0,6,7,0
68,16,45,1,1,25,0.36764705882352944,0,0,0,1.4466166676282082,1.3830579767606637,1,0,0,6,6,1
74,25,42,2,5,0,0.0,0,1,0,1.7841591278514217,0.43532922198184826,0,0,0,4,10,0
32,24,1,2,0,0,0.0,0,1,0,1.4591479170272448,0.6028442761351801,0,0,0,3,7,0
39,24,1,2,1,4,0.10256410256410256,0,1,0,2.4193819456463714,0.9313553243176123,0,0,0,3,7,1
51,13,31,3,0,15,0.29411764705882354,0,1,0,1.867633890971212,1.5416747361272687,0,0,0,4,2,0
19,11,1,2,0,0,0.0,0,1,0,1.4591479170272448,1.2078439921658877,0,0,0,3,2,0
25,13,4,2,0,0,0.0,0,1,0,1.3787834934861753,0.5757291570567145,0,0,0,4,3,0
77,27,42,3,0,26,0.33766233766233766,0,1,0,1.4056390622295665,1.2082847756045385,0,0,0,4,8,1
21,13,1,3,0,0,0.0,0,2,0,1.4488156357251847,1.033935237294309,0,0,0,3,2,0
52,25,20,3,0,0,0.0,0,1,0,1.4056390622295665,0.30741542047454484,0,0,0,4,8,1
27,18,1,2,1,0,0.0,0,1,0,1.8423709931771084,0.6814327249609475,0,0,0,3,6,0
43,18,17,1,0,2,0.046511627906976744,0,0,0,1.6644977792004612,0.9268028823358091,0,0,0,4,8,1
35,27,0,2,0,0,0.0,0,1,0,1.5219280948873621,0.6804302506655571,0,0,0,2,9,1
14,7,0,1,0,0,0.0,0,0,0,1.5,1.0291945406629428,0,0,0,2,1,0
95,26,62,2,1,0,0.0,0,1,0,1.186278124459133,0.28431765998973163,0,0,0,12,8,1
32,25,0,2,0,0,0.0,0,1,0,1.5219280948873621,0.5980584680841369,0,0,0,2,9,0
42,16,18,2,0,0,0.0,0,1,0,1.2987949406953985,0.5610443023052933,0,0,0,5,6,1
111,14,89,7,0,7,0.06306306306306306,0,2,0,1.7794238321465292,0.3561675452563564,0,0,0,10,2,0
45,9,29,2,0,0,0.0,0,0,0,1.224394445405986,0.504653659732853,0,0,0,6,2,1
37,21,9,2,0,5,0.13513513513513514,0,1,0,1.4591479170272448,0.9666333406889345,0,0,0,3,5,1
118,13,36,3,2,6,0.05084745762711865,0,0,0,2.421127473337187,0.667911690123827,0,1,0,7,3,1
25,16,1,2,0,0,0.0,0,1,0,1.4591479170272448,0.6544181395972478,0,0,0,3,4,0
26,18,1,2,0,0,0.0,0,1,0,1.4591479170272448,0.6504009318306329,0,0,0,3,6,0
157,14,135,2,11,18,0.11464968152866242,0,1,0,1.528801814525318,0.5127270028358261,0,0,0,5,2,0
71,19,45,2,0,0,0.0,0,1,0,1.789929075309999,0.5259122730200267,0,0,0,3,6,0
84,18,58,4,4,7,0.08333333333333333,0,2,0,1.8352377453121176,0.38427617404908015,0,0,0,5,5,0
129,6,9,3,2,16,0.12403100775193798,0,0,0,3.044912733238945,0.6348674475490738,0,0,0,3,1,1
56,16,32,1,1,0,0.0,0,0,0,1.5487949406953985,0.6658387434394353,0,0,0,5,5,0
33,24,1,2,0,0,0.0,0,1,0,1.4591479170272448,0.8254995593753155,0,0,0,3,7,0
71,25,26,2,1,12,0.16901408450704225,0,0,0,2.550340709546388,0.7659302555302334,0,0,0,4,12,1
25,16,1,2,0,0,0.0,0,1,0,1.4591479170272448,0.7772370568492041,0,0,0,3,5,0
35,13,15,3,0,0,0.0,0,1,0,1.4488156357251847,0.6295283850323896,0,0,0,3,3,0
189,51,63,6,1,37,0.19576719576719576,0,5,0,2.6572682296173893,0.7074009273695683,2,2,0,8,15,1
33,24,1,2,0,0,0.0,0,1,0,1.4591479170272448,0.6071690612226119,0,0,0,3,8,0
30,21,1,2,0,0,0.0,0,1,0,1.4591479170272448,0.3764015543654002,0,0,0,3,8,0
37,30,0,2,1,0,0.0,0,1,0,1.9182958340544896,0.37990304117375284,0,0,0,2,11,1
114,16,14,4,1,6,0.05263157894736842,0,1,0,2.087462841250339,0.2408603313449605,0,0,0,8,3,1
113,15,91,1,10,9,0.07964601769911504,0,0,0,1.4609640474436811,0.42808069094530143,0,0,0,8,4,0
26,14,5,2,0,2,0.07692307692307693,0,1,0,1.3787834934861753,1.1291289920863725,0,0,0,4,3,1
120,42,20,4,0,19,0.15833333333333333,0,3,0,2.5941178916311856,0.8105463879598532,3,2,0,5,15,1
27,19,1,2,0,0,0.0,0,1,0,1.4591479170272448,0.6681678324234835,0,0,0,3,6,0
62,22,26,3,0,0,0.0,0,1,0,2.2998963911678914,0.44898495727175497,0,0,0,4,7,1
18,11,0,1,0,0,0.0,0,0,0,1.5,1.057436958780545,0,0,0,2,4,0
125,50,19,4,1,16,0.128,0,3,0,2.794653473544342,0.7086712387069213,3,2,0,4,17,1
34,26,1,2,1,0,0.0,0,1,0,1.8423709931771084,0.6023480819965575,0,0,0,3,9,0
34,18,8,2,1,0,0.0,0,1,0,1.75,0.7762473292142216,0,0,0,4,7,0
117,41,11,3,0,15,0.1282051282051282,0,2,0,2.6556390622295662,0.6241378540953003,3,0,0,4,15,1
60,29,24,4,0,1,0.016666666666666666,0,3,0,1.4591479170272448,0.3408871903900205,0,0,0,6,8,1
75,56,12,5,19,0,0.0,0,3,0,1.510562004367972,0.8093810186857412,2,2,0,3,14,1
52,24,21,1,1,0,0.0,0,0,0,1.6644977792004612,0.480345824129367,0,0,0,4,7,0
47,25,15,2,0,0,0.0,0,1,0,1.4591479170272448,0.3763699169631282,0,0,0,3,8,0
47,10,30,2,0,4,0.0851063829787234,0,0,0,1.657742726504889,0.606452585199967,0,0,0,5,2,0
105,22,75,4,2,18,0.17142857142857143,0,2,0,2.0031088905778542,0.6945554047629421,0,0,0,9,5,0
54,21,25,2,0,1,0.018518518518518517,0,0,0,1.2987949406953985,0.3912567250309587,2,0,0,5,7,1
81,19,55,2,0,21,0.25925925925925924,0,1,0,1.1567796494470395,1.0963536243681677,0,0,0,7,4,1
18,11,0,2,0,0,0.0,0,1,0,1.5219280948873621,1.2823948790261073,0,0,0,2,4,1
99,14,77,2,1,3,0.030303030303030304,0,0,0,1.2916919971380596,0.39654442215652036,1,0,0,10,5,1
50,16,27,2,0,0,0.0,0,1,0,1.8464393446710154,0.6048221975766429,0,0,0,4,6,0
36,25,3,4,0,0,0.0,0,3,0,1.4056390622295665,1.0499179781063244,0,1,0,3,9,1
43,18,18,3,1,0,0.0,0,2,0,1.617189572592715,0.46007986688879615,0,0,0,6,4,1
30,23,0,2,0,3,0.1,0,1,0,1.5219280948873621,0.940510266856998,0,0,0,2,6,1
37,19,11,2,0,0,0.0,0,1,0,1.3787834934861753,0.6104700068077923,0,0,0,4,4,1
124,46,20,5,0,20,0.16129032258064516,0,4,0,2.56507654233637,0.8447745172360829,3,2,0,5,15,1
73,40,26,5,2,3,0.0410958904109589,0,3,1,2.054585169337799,0.9602357779266636,1,0,0,3,13,1
77,27,22,3,0,10,0.12987012987012986,0,0,0,1.7527152789797047,0.7951607386237832,0,0,0,4,10,1
98,14,77,4,0,31,0.3163265306122449,1,0,0,1.4237949406953985,1.099629492263065,0,0,0,10,0,1
38,15,16,3,1,0,0.0,0,1,0,1.7527152789797047,0.5562475637965645,0,0,0,4,2,0
17,10,0,1,0,0,0.0,0,0,0,1.5,0.994749737341629,0,0,0,2,4,0
38,24,7,2,0,0,0.0,0,0,0,1.3787834934861753,0.47815892291916084,0,0,0,4,5,1
21,12,1,2,0,0,0.0,0,1,0,1.4591479170272448,0.7243083678671597,0,0,0,3,2,0
16,9,0,1,0,0,0.0,0,0,0,1.5,1.13739293808952,0,0,0,2,2,0
243,25,36,14,1,62,0.2551440329218107,0,1,0,2.3439358784452597,1.221685649807846,0,0,0,8,8,1
73,26,40,3,2,0,0.0,0,1,0,1.8464393446710154,0.26030743473839896,0,0,0,4,8,0
12,5,0,1,0,0,0.0,0,0,0,1.5,1.9749010043957211,0,0,0,2,0,0
46,21,18,2,0,9,0.1956521739130435,0,1,0,1.2987949406953985,0.8201892597476667,0,0,0,5,6,1
98,17,73,6,2,0,0.0,0,1,0,1.7273966735744792,0.3328172659546662,0,0,0,5,5,1
38,25,6,2,0,0,0.0,0,1,0,1.4591479170272448,0.47198092419180043,0,0,0,3,8,0
34,25,1,2,0,0,0.0,0,1,0,1.4591479170272448,0.4869800029418725,0,0,0,3,7,0
31,11,13,2,0,0,0.0,0,1,0,1.3787834934861753,0.706021197232136,0,0,0,4,2,0
50,22,21,2,0,0,0.0,0,1,0,1.224394445405986,0.4877863217304477,1,0,0,6,8,1
24,15,1,2,0,0,0.0,0,1,0,1.4591479170272448,0.5664791895632654,0,0,0,3,5,0
88,18,62,2,5,5,0.056818181818181816,0,1,0,1.760495029766198,0.3831819201213979,0,0,0,5,6,0
43,16,19,2,3,8,0.18604651162790697,0,1,0,1.8910611120726526,0.8401042214760271,0,0,0,3,5,0
128,50,20,4,1,18,0.140625,0,3,0,2.7550576199383077,0.8142940674190327,3,2,0,5,17,1
27,19,1,2,0,0,0.0,0,1,0,1.4591479170272448,0.5829625555791785,0,0,0,3,7,0
34,26,1,2,1,1,0.029411764705882353,0,1,0,1.8423709931771084,0.5259978342862494,0,0,0,3,9,1
23,7,8,1,0,1,0.043478260869565216,0,0,0,1.3709505944546687,1.116466746916434,0,0,0,3,1,1
31,23,1,2,0,0,0.0,0,1,0,1.4591479170272448,0.52427289547234,0,0,0,3,9,1
25,16,1,2,0,0,0.0,0,1,0,1.4591479170272448,0.6945539837923799,0,0,0,3,4,0
23,14,1,2,0,0,0.0,0,1,0,1.4591479170272448,0.8652537687103946,0,0,0,3,3,0
40,15,18,3,0,0,0.0,0,1,0,1.7527152789797047,0.6365438054322381,0,0,0,4,5,1
71,22,41,2,7,0,0.0,0,1,0,1.6691803368667308,0.39674730467763886,0,0,0,3,5,0
25,16,1,2,0,0,0.0,0,1,0,1.4591479170272448,0.8329462384538353,0,0,0,3,4,0
69,14,48,1,1,0,0.0,0,0,0,1.3567796494470397,0.5894047595797657,0,0,0,7,4,1
28,19,1,2,0,0,0.0,0,1,0,1.4591479170272448,0.4645911671444586,0,0,0,3,5,0
44,13,24,2,1,1,0.022727272727272728,0,1,0,2.0588138903312014,0.5237758398769663,0,0,0,4,4,0
201,18,18,3,0,92,0.4577114427860697,0,1,0,2.5550365325772657,1.9464011827318757,2,0,0,5,4,1
49,19,22,2,2,0,0.0,0,1,0,1.9056390622295665,0.37752357172336193,0,0,0,3,6,0
27,11,8,1,1,2,0.07407407407407407,0,0,0,1.6644977792004612,0.797285983911169,0,0,0,4,3,1
39,24,7,1,0,0,0.0,0,0,0,1.2516291673878228,1.075850318785363,0,0,0,4,4,1
65,20,38,3,1,2,0.03076923076923077,0,1,0,1.617189572592715,0.27332574584044145,0,0,0,6,5,0
70,21,42,2,2,1,0.014285714285714285,0,1,0,1.9591479170272446,0.3673098218929843,0,0,0,6,5,0
93,19,67,3,7,0,0.0,0,1,0,1.7244078178625923,0.40097624418819255,0,0,0,3,5,0
35,27,1,2,0,0,0.0,0,1,0,1.4591479170272448,0.5649567849428669,0,0,0,3,10,1
29,22,0,2,0,1,0.034482758620689655,0,1,0,1.5219280948873621,0.7730274375764573,0,0,0,2,7,1
90,34,48,4,6,10,0.1111111111111111,0,2,0,1.8050365325772657,0.47208829123778545,0,0,0,5,9,0
31,20,4,1,1,0,0.0,0,0,0,1.6644977792004612,0.4759964889900262,0,0,0,4,9,1
47,18,21,3,0,0,0.0,0,2,0,1.7527152789797047,0.5632101755615624,0,0,0,4,7,0
56,15,34,2,0,6,0.10714285714285714,0,1,0,1.789929075309999,0.8334448495404028,0,0,0,5,5,1
27,19,1,2,0,0,0.0,0,1,0,1.4591479170272448,0.6855047873555951,0,0,0,3,5,0
46,22,16,1,1,1,0.021739130434782608,0,0,0,1.5487949406953985,0.4650877759135273,0,0,0,5,6,1
22,14,1,3,0,11,0.5,1,0,0,1.4488156357251847,2.640713094048246,0,0,0,3,0,1
54,19,28,3,0,1,0.018518518518518517,0,1,0,1.867633890971212,0.5056300606898693,0,0,0,4,6,0
124,46,20,5,0,15,0.12096774193548387,0,4,0,2.56507654233637,0.7830232912638099,3,2,0,5,15,1
39,30,1,3,0,0,0.0,0,2,0,1.4488156357251847,0.6600242785206705,0,0,0,3,10,1
35,23,4,2,1,0,0.0,0,1,0,1.75,0.30877063667456706,0,0,0,4,8,0
26,11,8,1,0,2,0.07692307692307693,0,0,0,1.2516291673878228,0.9003583372823214,0,0,0,4,3,1
127,50,19,4,1,26,0.2047244094488189,0,3,0,2.794653473544342,0.9651648074498275,3,2,0,4,17,1
32,23,1,2,0,0,0.0,0,1,0,1.4591479170272448,0.6377090203629932,0,0,0,3,7,1
48,21,20,3,1,2,0.041666666666666664,0,2,0,1.6854752972273344,0.5406568282904769,0,0,0,5,5,1
39,20,12,2,0,0,0.0,0,1,0,1.2987949406953985,0.8287567435266272,0,0,0,5,8,1
22,11,4,1,0,2,0.09090909090909091,0,0,0,1.2516291673878228,1.2569167169444921,0,0,0,4,1,1
52,26,19,2,0,0,0.0,0,1,0,1.3787834934861753,0.42247520484181966,0,0,0,4,8,0
37,29,1,4,0,3,0.08108108108108109,0,3,0,1.4056390622295665,0.6767417463675552,0,0,0,3,8,1
102,15,80,1,1,20,0.19607843137254902,0,0,0,1.207518749639422,0.7008830708469437,0,0,0,9,5,1
34,26,0,2,1,1,0.029411764705882353,0,1,0,1.9182958340544896,0.6805255978439918,0,0,0,2,9,1
20,12,0,2,0,0,0.0,0,1,0,1.5219280948873621,0.7083691942323206,0,0,0,2,4,0
97,17,61,2,1,0,0.0,0,0,0,1.871602261409798,0.2966692962285839,0,0,0,9,7,1
21,12,1,2,0,0,0.0,0,1,0,1.4591479170272448,0.8804144766226368,0,0,0,3,3,0
45,13,25,2,0,0,0.0,0,1,0,2.321928094887362,0.6972700841130862,0,0,0,4,4,0
23,12,4,1,0,0,0.0,0,0,0,1.2516291673878228,0.7088478054950258,0,0,0,4,5,1
156,15,106,4,0,23,0.14743589743589744,0,1,0,2.4370658315190226,0.8511899397989101,1,0,0,7,3,1
30,23,0,2,0,2,0.06666666666666667,0,1,0,1.5219280948873621,0.9364892161880488,0,0,0,2,6,1
24,15,1,2,0,0,0.0,0,1,0,1.4591479170272448,0.8706577575211998,0,0,0,3,4,0
33,22,4,1,0,0,0.0,0,0,0,1.2516291673878228,0.5203069390635156,0,0,0,4,8,1
39,31,1,2,2,0,0.0,0,1,0,1.9056390622295665,0.37984818209447013,0,0,0,3,10,1
64,11,35,2,1,8,0.125,0,1,0,2.1258145836939115,0.5688047058788116,0,0,0,6,3,1
18,11,0,2,0,0,0.0,0,1,0,1.5219280948873621,0.8657839225249677,0,0,0,2,3,0
80,22,34,2,0,25,0.3125,0,1,0,2.321928094887362,1.2413439748603292,0,0,0,4,4,1
60,16,36,3,3,0,0.0,0,2,0,1.8250112108241772,0.3194498435737472,0,0,0,5,5,0
40,16,16,2,0,0,0.0,0,1,0,1.3787834934861753,0.7568252285007413,0,0,0,4,5,0
73,18,48,1,1,25,0.3424657534246575,0,0,0,1.5487949406953985,1.182360048701938,1,0,0,5,8,1
93,18,67,4,0,0,0.0,0,2,0,1.7345216647797512,0.383465931392101,0,0,0,8,5,0
44,12,25,1,2,0,0.0,0,0,0,1.5709505944546687,0.4499892232213507,0,0,0,6,4,1
19,12,0,1,1,0,0.0,0,0,0,1.9219280948873623,0.8233994787156594,0,0,0,2,3,1
60,23,30,3,0,6,0.1,0,1,0,1.3516441151533924,0.48885332277008026,0,0,0,5,7,0
34,12,15,3,0,2,0.058823529411764705,0,1,0,1.4056390622295665,0.8014016111422845,0,0,0,4,1,0
71,27,37,1,0,0,0.0,0,0,0,1.2776134368191154,0.44976655302644725,0,0,0,8,11,1
68,42,19,5,3,4,0.058823529411764705,0,3,0,1.8262452584026092,0.3883693132745973,0,0,0,4,12,1
20,11,1,1,0,0,0.0,0,0,0,1.3709505944546687,0.7532914696454145,0,0,0,3,4,0
28,19,1,2,0,0,0.0,0,1,0,1.4591479170272448,0.6636009972087841,0,0,0,3,4,0
52,44,1,5,2,0,0.0,0,4,0,1.789929075309999,0.2938688156165733,1,2,0,3,14,1
41,25,9,3,0,1,0.024390243902439025,0,1,0,1.4488156357251847,0.7100183684984603,1,0,0,3,9,1
44,11,26,2,0,0,0.0,0,0,0,1.2987949406953985,0.6154406881091917,0,0,0,5,3,1
64,21,35,2,2,0,0.0,0,1,0,1.7609640474436812,0.5158366122964441,0,0,0,5,8,0
61,16,38,2,1,0,0.0,0,0,0,1.4911148500551856,0.3425520103988211,0,0,0,7,5,1
32,20,5,2,0,0,0.0,0,1,0,1.3787834934861753,0.48055168240639207,0,0,0,4,7,1
34,15,12,1,0,0,0.0,0,0,0,1.1488348542809166,0.6253461548276212,0,0,0,5,4,1
65,25,33,2,1,0,0.0,0,1,0,1.5709505944546687,0.2800742635348847,1,0,0,6,7,1
59,21,31,2,1,0,0.0,0,0,0,1.4911148500551856,0.37253716771512974,0,0,0,7,7,1
35,27,1,2,0,0,0.0,0,1,0,1.4591479170272448,0.47487279333277654,0,0,0,3,8,1
31,24,0,2,0,2,0.06451612903225806,0,1,0,1.5219280948873621,0.7275665592633536,0,0,0,2,6,1
45,27,10,5,0,0,0.0,0,3,0,1.3516441151533924,0.6411968002917725,0,0,0,3,6,1
47,16,23,2,0,0,0.0,0,1,0,1.2987949406953985,0.45225354199926887,0,0,0,5,6,1
29,21,1,1,0,0,0.0,0,0,0,1.3709505944546687,0.7554685929094532,0,0,0,3,7,0
85,19,59,2,7,10,0.11764705882352941,0,1,0,1.6578764348499595,0.44527074783671594,0,0,0,7,4,0
44,17,20,2,0,5,0.11363636363636363,0,1,0,1.224394445405986,0.7438310713178595,0,0,0,6,3,0
32,19,1,2,0,0,0.0,0,1,0,2.4464393446710155,0.8942306711691459,0,0,0,3,5,0
81,27,47,2,0,24,0.2962962962962963,0,1,0,1.2987949406953985,0.9302373103548975,0,0,0,5,8,1
27,18,1,3,0,0,0.0,0,2,0,1.4488156357251847,0.5698586002091287,0,0,0,3,6,0
33,11,14,1,0,0,0.0,0,0,0,1.792481250360578,0.5151732775176188,0,0,0,3,3,0
28,17,4,2,0,0,0.0,0,1,0,1.4591479170272448,1.2430891120652394,0,0,0,3,4,0
99,15,76,2,0,11,0.1111111111111111,0,1,0,1.1567796494470395,0.7130237489038092,0,0,0,7,5,1
113,24,31,3,0,18,0.1592920353982301,0,1,0,2.5654483718208256,0.8833782059280487,0,0,0,4,7,1
28,19,1,2,0,0,0.0,0,1,0,1.4591479170272448,0.8652558669596857,0,0,0,3,5,0
30,21,1,2,0,0,0.0,0,1,0,1.4591479170272448,0.4772415563261075,0,0,0,3,6,0
48,25,16,4,0,1,0.020833333333333332,0,2,0,1.3921472236645345,0.4620469689429693,0,0,0,4,6,1
59,14,15,3,1,5,0.0847457627118644,0,1,0,2.8423709931771084,0.6128330615522322,1,0,0,3,3,1
88,14,10,4,1,4,0.045454545454545456,0,1,0,2.5232314287976205,0.563323827877843,0,0,0,3,2,0
48,19,21,3,1,0,0.0,0,2,0,1.6854752972273344,0.30495581332255417,0,0,0,5,5,0
94,20,67,3,0,22,0.23404255319148937,0,2,0,1.188721875540867,0.7956134309665116,1,0,0,8,3,1
86,22,34,3,1,24,0.27906976744186046,0,2,0,2.5220552088742005,1.0104394960240213,0,0,0,4,6,1
99,20,72,3,0,32,0.32323232323232326,0,1,0,2.4116022179746714,1.121150105357303,0,0,0,4,5,0
64,26,31,3,2,0,0.0,0,1,0,1.8910611120726526,0.30412914443049355,0,0,0,3,8,0
43,14,22,3,0,6,0.13953488372093023,0,1,0,1.3516441151533924,0.7309063416524273,0,0,0,5,6,0
62,18,37,2,2,0,0.0,0,1,0,1.5465935642949384,0.4081452908229566,0,1,0,8,3,1
24,16,1,3,0,0,0.0,0,2,0,1.4488156357251847,0.841578939590249,0,0,0,3,3,0
68,42,19,4,0,10,0.14705882352941177,0,3,0,1.3921472236645345,0.6544095485706544,2,2,0,4,15,1
24,16,1,2,0,0,0.0,0,1,0,1.4591479170272448,0.8675071319947293,0,0,0,3,5,1
32,23,1,2,0,0,0.0,0,1,0,1.4591479170272448,0.4502596299540601,0,0,0,3,7,0
126,50,19,4,1,17,0.1349206349206349,0,3,0,2.794653473544342,0.9495472488474376,3,2,0,4,17,1
40,31,1,2,2,0,0.0,0,1,0,1.9056390622295665,0.44090485635091964,0,0,0,3,12,1
50,22,21,2,2,0,0.0,0,1,0,1.9056390622295665,0.34170181752329154,0,0,0,3,6,0
20,11,1,1,0,0,0.0,0,0,0,1.3709505944546687,0.9679677015269889,0,0,0,3,3,0
35,14,14,2,0,0,0.0,0,1,0,1.8423709931771084,0.5685777967890255,0,0,0,3,5,0
128,50,20,4,1,19,0.1484375,0,3,0,2.7550576199383077,0.8122736858797414,3,2,0,5,17,1
30,21,1,2,0,0,0.0,0,1,0,1.4591479170272448,0.5345710323973583,0,0,0,3,9,0
19,11,1,2,0,0,0.0,0,1,0,1.4591479170272448,1.4100706198896475,0,0,0,3,1,0
33,25,1,2,0,0,0.0,0,1,0,1.4591479170272448,0.6605676019709956,0,0,0,3,11,0
69,42,19,4,0,6,0.08695652173913043,0,3,0,1.3921472236645345,0.6238883339795647,2,2,0,4,15,1
61,14,40,1,4,4,0.06557377049180328,0,0,0,1.5216406363433184,0.5451513901096945,1,0,0,8,5,1
53,40,6,4,2,3,0.05660377358490566,0,3,0,1.8464393446710154,0.4694051518479484,1,0,0,3,13,1
23,14,1,2,0,0,0.0,0,1,0,1.4591479170272448,0.8130319793420825,0,0,0,3,4,0
26,18,1,2,0,0,0.0,0,1,0,1.4591479170272448,0.7978453334452853,0,0,0,3,5,0
26,18,1,2,0,0,0.0,0,1,0,1.4591479170272448,0.7824685994807478,0,0,0,3,4,1
47,39,1,2,0,0,0.0,0,1,0,1.4591479170272448,0.35596823882113365,0,0,0,3,15,0
63,26,30,3,1,0,0.0,0,1,0,1.7527152789797047,0.28599214882164903,0,0,0,4,8,0
46,17,22,2,3,1,0.021739130434782608,0,1,0,1.789929075309999,0.47599294140512405,0,0,0,5,5,0
59,17,35,3,3,3,0.05084745762711865,0,1,0,1.867633890971212,0.4758253285941219,0,0,0,4,5,0
34,25,1,2,0,0,0.0,0,1,0,1.4591479170272448,0.5084671181517922,0,0,0,3,7,1
37,13,17,1,0,0,0.0,0,0,0,1.2516291673878228,0.4590761611134393,0,0,0,4,4,1
68,42,19,4,0,10,0.14705882352941177,0,3,0,1.3921472236645345,0.8398000823864202,2,2,0,4,15,1
34,26,1,2,0,3,0.08823529411764706,0,1,0,1.4591479170272448,0.7192432577576859,0,0,0,3,6,1
53,25,21,3,0,1,0.018867924528301886,0,1,0,1.7527152789797047,0.5202342141149405,0,0,0,4,6,1
90,23,59,3,6,5,0.05555555555555555,0,1,0,1.7884504573082896,0.3387434915314151,0,0,0,4,8,0
27,18,1,2,0,0,0.0,0,1,0,1.4591479170272448,0.7303421432540728,0,0,0,3,3,0
40,25,8,2,0,0,0.0,0,1,0,1.4591479170272448,0.35090647394691327,0,0,0,3,8,0
62,31,24,3,3,1,0.016129032258064516,0,1,0,1.8954618442383218,0.20958572361351913,0,0,0,3,9,0
61,42,12,5,2,1,0.01639344262295082,0,3,0,1.789929075309999,0.4270287880136638,0,0,0,3,11,1
