sample,size_bytes,is_dll,machine,number_of_sections,timestamp,characteristics,entry_point,image_base,subsystem,dll_characteristics,major_linker_version,minor_linker_version,size_of_code,size_of_initialized_data,size_of_uninitialized_data,number_of_rva_and_sizes,num_imports,num_unique_imports,num_dlls,num_strings,num_sections_listed,avg_section_entropy,max_section_entropy,avg_section_raw_size,avg_section_virtual_size,dlls,imports,strings,section_names,dlls_text,imports_text,strings_text,sections_text,combined_text,embedding_document
1F2EB7B090018D975E6D9B40868C94CA,5120,0,332,3,1263576056,271,27632,4194304,2,0,6,0,4096,4096,20480,16,7,7,4,49,3,3.3795851309671936,7.565065380188014,1365.3333333333333,9557.333333333334,"['KERNEL32.DLL', 'MSVCRT.dll', 'USER32.dll', 'WS2_32.dll']","['LoadLibraryA', 'ExitProcess', 'GetProcAddress', 'VirtualProtect', 'atol', 'LoadStringA', 'send']","['!This program cannot be run in DOS mode.', '""L^B`', ""'6<_`BdS'p$jp"", '*(SY)# cmd', '-EyDu<icat&s', '.>Pbm', '.exe', '.rsrc', '4M>FP`l', '9R@WP', '9{=0(', '>""u:F', '>32PipSDisconnJ', 'ABCDEFGHIJKLMNO', 'CloseHandle', 'D@TPL', 'Ex""Th', 'ExitProcess', 'GetCompu$rName', 'GetProcAddress', 'KERNEL32.DLL', 'L40!F ;', 'LoadLibraryA', 'LoadStringA', 'MSVCRT.dll', 'Object!rea', 'RPX48', 'RtpEppZDH', 'StartXInfoA', 'T*md#ro', 'USER32.dll', 'V3P;-', 'VirtualProtect', 'WS2_32.dll', 'WaitForSing', 'XPTPSW', 'XYZabcdefghij', 'Xcpt{', 'YY4.c#l', '_strn', 'cesszMult!|sl6,`)t[', 'f(amal', 'jQ<8D', 'klmnopqrstuvwxyz0123456789-//', 'mWL8f', 'nd = %d', 't2Ht~', 't_fdiv', 'teEventA']","['UPX0', 'UPX1', '.rsrc']",kernel32.dll msvcrt.dll user32.dll ws2_32.dll,loadlibrarya exitprocess getprocaddress virtualprotect atol loadstringa send,this program cannot be run in dos mode. l b 6 _ bds p jp sy cmd -eydu icat s . pbm .exe .rsrc 4m fp l 9r wp 9 0 u:f 32pipsdisconnj abcdefghijklmno closehandle d tpl ex th exitprocess getcompu rname getprocaddress kernel32.dll l40 f loadlibrarya loadstringa msvcrt.dll object rea rpx48 rtpeppzdh startxinfoa t md ro user32.dll v3p - virtualprotect ws2_32.dll waitforsing xptpsw xyzabcdefghij xcpt yy4.c l _strn cesszmult sl6 t f amal jq 8d klmnopqrstuvwxyz0123456789-// mwl8f nd d t2ht t_fdiv teeventa,upx0 upx1 .rsrc,kernel32.dll msvcrt.dll user32.dll ws2_32.dll loadlibrarya exitprocess getprocaddress virtualprotect atol loadstringa send upx0 upx1 .rsrc this program cannot be run in dos mode. l b 6 _ bds p jp sy cmd -eydu icat s . pbm .exe .rsrc 4m fp l 9r wp 9 0 u:f 32pipsdisconnj abcdefghijklmno closehandle d tpl ex th exitprocess getcompu rname getprocaddress kernel32.dll l40 f loadlibrarya loadstringa msvcrt.dll object rea rpx48 rtpeppzdh startxinfoa t md ro user32.dll v3p - virtualprotect ws2_32.dll waitforsing xptpsw xyzabcdefghij xcpt yy4.c l _strn cesszmult sl6 t f amal jq 8d klmnopqrstuvwxyz0123456789-// mwl8f nd d t2ht t_fdiv teeventa,"sample 1F2EB7B090018D975E6D9B40868C94CA header machine 332 subsystem 2 sections UPX0 UPX1 .rsrc dlls KERNEL32.DLL MSVCRT.dll USER32.dll WS2_32.dll imports LoadLibraryA ExitProcess GetProcAddress VirtualProtect atol LoadStringA send strings !This program cannot be run in DOS mode. ""L^B` '6<_`BdS'p$jp *(SY)# cmd -EyDu<icat&s .>Pbm .exe .rsrc 4M>FP`l 9R@WP 9{=0( >""u:F >32PipSDisconnJ ABCDEFGHIJKLMNO CloseHandle D@TPL Ex""Th ExitProcess GetCompu$rName GetProcAddress KERNEL32.DLL L40!F ; LoadLibraryA LoadStringA MSVCRT.dll Object!rea RPX48 RtpEppZDH StartXInfoA T*md#ro USER32.dll V3P;- VirtualProtect WS2_32.dll WaitForSing XPTPSW XYZabcdefghij Xcpt{ YY4.c#l _strn cesszMult!|sl6,`)t[ f(amal jQ<8D klmnopqrstuvwxyz0123456789-// mWL8f nd = %d t2Ht~ t_fdiv teEventA"
33DE5067A433A6EC5C328067DC18EC37,5632,0,332,3,1195429813,271,28048,4194304,2,0,6,0,4096,4096,20480,16,8,8,5,68,3,3.5070040252189663,7.533359674945775,1536.0,9557.333333333334,"['KERNEL32.DLL', 'MSVCRT.dll', 'SHELL32.dll', 'USER32.dll', 'WS2_32.dll']","['LoadLibraryA', 'ExitProcess', 'GetProcAddress', 'VirtualProtect', 'atol', 'SHChangeNotify', 'LoadStringA', 'closesocket']","['!This program cannot be run in DOS mode.', '$TERPI44', '*(SY)# cmd', ',!F ;', '.rsrc', '.ueope', '1http://w', '4MLbv', '4hp;', '5X,^0cl', '7Envifnm;Va.abak', '9R@WP', '>""u:F', '@7tHj@', 'ABCDEFGHIJKLMNO', 'CloseHandle', 'DNV`h', 'Ex""Th', 'ExitProcess', 'EyDu<icat', 'GetCompu$rNam', 'GetProcAddress', 'IG:3V', 'IHPE$', 'Info$4,', 'J~E{c;', 'KERNEL32.DLL', 'LoadLibraryA', 'LoadStringA', 'MSVCRT.dll', 'NNRU}', 'O1|Sv', 'ON? > n', 'Object!re', 'RZuXC', 'Richo', 'SHChangeNotify', 'SHELL32.dll', 'Sh=C0h[', 'T*md#r', 'TVTpf', 'USER32.dll', 'VirtualProtect', 'WS2_32.dll', 'WaitForSing', 'X5Sn{:t', 'XPTPSW', 'XYZabcdefghijklmnopq?', '^St5t', '`]_X&I', 'a;-DH', 'ateEventA', 'com/test.', 'e2PipSDisconnJ_', 'k.ouN', 'm3JcT', 'mS$ep', 'ocesszMult!|6', 'on.dllq', 'prQL8D4M', 're#Se', 'rstuvwxyz0123456789-/', 's)d = %d', 't_fdiv', ""uJ/c del'COMSPEC"", 'yBo2t', '|ox3<', '}}l;r']","['UPX0', 'UPX1', '.rsrc']",kernel32.dll msvcrt.dll shell32.dll user32.dll ws2_32.dll,loadlibrarya exitprocess getprocaddress virtualprotect atol shchangenotify loadstringa closesocket,this program cannot be run in dos mode. terpi44 sy cmd f .rsrc .ueope 1http://w 4mlbv 4hp 5x 0cl 7envifnm va.abak 9r wp u:f 7thj abcdefghijklmno closehandle dnv h ex th exitprocess eydu icat getcompu rnam getprocaddress ig:3v ihpe info 4 j e c kernel32.dll loadlibrarya loadstringa msvcrt.dll nnru o1 sv on n object re rzuxc richo shchangenotify shell32.dll sh c0h t md r tvtpf user32.dll virtualprotect ws2_32.dll waitforsing x5sn :t xptpsw xyzabcdefghijklmnopq st5t _x i a -dh ateeventa com/test. e2pipsdisconnj_ k.oun m3jct ms ep ocesszmult 6 on.dllq prql8d4m re se rstuvwxyz0123456789-/ s d d t_fdiv uj/c del comspec ybo2t ox3 l r,upx0 upx1 .rsrc,kernel32.dll msvcrt.dll shell32.dll user32.dll ws2_32.dll loadlibrarya exitprocess getprocaddress virtualprotect atol shchangenotify loadstringa closesocket upx0 upx1 .rsrc this program cannot be run in dos mode. terpi44 sy cmd f .rsrc .ueope 1http://w 4mlbv 4hp 5x 0cl 7envifnm va.abak 9r wp u:f 7thj abcdefghijklmno closehandle dnv h ex th exitprocess eydu icat getcompu rnam getprocaddress ig:3v ihpe info 4 j e c kernel32.dll loadlibrarya loadstringa msvcrt.dll nnru o1 sv on n object re rzuxc richo shchangenotify shell32.dll sh c0h t md r tvtpf user32.dll virtualprotect ws2_32.dll waitforsing x5sn :t xptpsw xyzabcdefghijklmnopq st5t _x i a -dh ateeventa com/test. e2pipsdisconnj_ k.oun m3jct ms ep ocesszmult 6 on.dllq prql8d4m re se rstuvwxyz0123456789-/ s d d t_fdiv uj/c del comspec ybo2t ox3 l r,"sample 33DE5067A433A6EC5C328067DC18EC37 header machine 332 subsystem 2 sections UPX0 UPX1 .rsrc dlls KERNEL32.DLL MSVCRT.dll SHELL32.dll USER32.dll WS2_32.dll imports LoadLibraryA ExitProcess GetProcAddress VirtualProtect atol SHChangeNotify LoadStringA closesocket strings !This program cannot be run in DOS mode. $TERPI44 *(SY)# cmd ,!F ; .rsrc .ueope 1http://w 4MLbv 4hp; 5X,^0cl 7Envifnm;Va.abak 9R@WP >""u:F @7tHj@ ABCDEFGHIJKLMNO CloseHandle DNV`h Ex""Th ExitProcess EyDu<icat GetCompu$rNam GetProcAddress IG:3V IHPE$ Info$4, J~E{c; KERNEL32.DLL LoadLibraryA LoadStringA MSVCRT.dll NNRU} O1|Sv ON? > n Object!re RZuXC Richo SHChangeNotify SHELL32.dll Sh=C0h[ T*md#r TVTpf USER32.dll VirtualProtect WS2_32.dll WaitForSing X5Sn{:t XPTPSW XYZabcdefghijklmnopq? ^St5t `]_X&I a;-DH ateEventA com/test. e2PipSDisconnJ_ k.ouN m3JcT mS$ep ocesszMult!|6 on.dllq prQL8D4M re#Se rstuvwxyz0123456789-/ s)d = %d t_fdiv uJ/c del'COMSPEC yBo2t |ox3< }}l;r"
65018CD542145A3792BA09985734C12A,5632,0,332,3,1195429813,271,28048,4194304,2,0,6,0,4096,4096,20480,16,8,8,5,70,3,3.5065024516507237,7.53185495424105,1536.0,9557.333333333334,"['KERNEL32.DLL', 'MSVCRT.dll', 'SHELL32.dll', 'USER32.dll', 'WS2_32.dll']","['LoadLibraryA', 'ExitProcess', 'GetProcAddress', 'VirtualProtect', 'atol', 'SHChangeNotify', 'LoadStringA', 'closesocket']","['!This program cannot be run in DOS mode.', '$TERPI44', '*(SY)# cmd', ',!F ;', '.rsrc', '.ueope', '1http://w', '4MLbv', '4hp;', '5X,^0cl', '7Envifnm;Va.abak', '9R@WP', '>""u:F', '@7tHj@', 'ABCDEFGHIJKLMNO', 'CloseHandle', 'DNV`h', 'Ex""Th', 'ExitProcess', 'EyDu<icat', 'GetCompu$rNam', 'GetProcAddress', 'IG:3V', 'IHPE$', 'Info$4,', 'J~E{c;', 'KERNEL32.DLL', 'LoadLibraryA', 'LoadStringA', 'MSVCRT.dll', 'NNRU}', 'O1|Sv', 'ON? > n', 'Object!re', 'PA%GU', 'RZuXC', 'Richo', 'SHChangeNotify', 'SHELL32.dll', 'Sh=C0h[', 'T*md#r', 'TVTpf', 'USER32.dll', 'VirtualProtect', 'WS2_32.dll', 'WaitForSing', 'X5Sn{:t', 'XPTPSW', 'XYZabcdefghijklmnopq?', '^St5t', '`]_X&I', 'a;-DH', 'ateEventA', 'com/test.', 'e2PipSDisconnJ_', 'k.ouN', 'lwa.Jxt', 'm3JcT', 'mS$ep', 'ocesszMult!|6', 'on.dllq', 'prQL8D4M', 're#Se', 'rstuvwxyz0123456789-/', 's)d = %d', 't_fdiv', ""uJ/c del'COMSPEC"", 'yBo2t', '|ox3<', '}}l;r']","['UPX0', 'UPX1', '.rsrc']",kernel32.dll msvcrt.dll shell32.dll user32.dll ws2_32.dll,loadlibrarya exitprocess getprocaddress virtualprotect atol shchangenotify loadstringa closesocket,this program cannot be run in dos mode. terpi44 sy cmd f .rsrc .ueope 1http://w 4mlbv 4hp 5x 0cl 7envifnm va.abak 9r wp u:f 7thj abcdefghijklmno closehandle dnv h ex th exitprocess eydu icat getcompu rnam getprocaddress ig:3v ihpe info 4 j e c kernel32.dll loadlibrarya loadstringa msvcrt.dll nnru o1 sv on n object re pa gu rzuxc richo shchangenotify shell32.dll sh c0h t md r tvtpf user32.dll virtualprotect ws2_32.dll waitforsing x5sn :t xptpsw xyzabcdefghijklmnopq st5t _x i a -dh ateeventa com/test. e2pipsdisconnj_ k.oun lwa.jxt m3jct ms ep ocesszmult 6 on.dllq prql8d4m re se rstuvwxyz0123456789-/ s d d t_fdiv uj/c del comspec ybo2t ox3 l r,upx0 upx1 .rsrc,kernel32.dll msvcrt.dll shell32.dll user32.dll ws2_32.dll loadlibrarya exitprocess getprocaddress virtualprotect atol shchangenotify loadstringa closesocket upx0 upx1 .rsrc this program cannot be run in dos mode. terpi44 sy cmd f .rsrc .ueope 1http://w 4mlbv 4hp 5x 0cl 7envifnm va.abak 9r wp u:f 7thj abcdefghijklmno closehandle dnv h ex th exitprocess eydu icat getcompu rnam getprocaddress ig:3v ihpe info 4 j e c kernel32.dll loadlibrarya loadstringa msvcrt.dll nnru o1 sv on n object re pa gu rzuxc richo shchangenotify shell32.dll sh c0h t md r tvtpf user32.dll virtualprotect ws2_32.dll waitforsing x5sn :t xptpsw xyzabcdefghijklmnopq st5t _x i a -dh ateeventa com/test. e2pipsdisconnj_ k.oun lwa.jxt m3jct ms ep ocesszmult 6 on.dllq prql8d4m re se rstuvwxyz0123456789-/ s d d t_fdiv uj/c del comspec ybo2t ox3 l r,"sample 65018CD542145A3792BA09985734C12A header machine 332 subsystem 2 sections UPX0 UPX1 .rsrc dlls KERNEL32.DLL MSVCRT.dll SHELL32.dll USER32.dll WS2_32.dll imports LoadLibraryA ExitProcess GetProcAddress VirtualProtect atol SHChangeNotify LoadStringA closesocket strings !This program cannot be run in DOS mode. $TERPI44 *(SY)# cmd ,!F ; .rsrc .ueope 1http://w 4MLbv 4hp; 5X,^0cl 7Envifnm;Va.abak 9R@WP >""u:F @7tHj@ ABCDEFGHIJKLMNO CloseHandle DNV`h Ex""Th ExitProcess EyDu<icat GetCompu$rNam GetProcAddress IG:3V IHPE$ Info$4, J~E{c; KERNEL32.DLL LoadLibraryA LoadStringA MSVCRT.dll NNRU} O1|Sv ON? > n Object!re PA%GU RZuXC Richo SHChangeNotify SHELL32.dll Sh=C0h[ T*md#r TVTpf USER32.dll VirtualProtect WS2_32.dll WaitForSing X5Sn{:t XPTPSW XYZabcdefghijklmnopq? ^St5t `]_X&I a;-DH ateEventA com/test. e2PipSDisconnJ_ k.ouN lwa.Jxt m3JcT mS$ep ocesszMult!|6 on.dllq prQL8D4M re#Se rstuvwxyz0123456789-/ s)d = %d t_fdiv uJ/c del'COMSPEC yBo2t |ox3< }}l;r"
650A6FCA433EE243391E4B4C11F09438,5632,0,332,3,1242321160,271,28064,4194304,2,0,6,0,4096,4096,20480,16,8,8,5,68,3,3.508176445220118,7.536876934949231,1536.0,9557.333333333334,"['KERNEL32.DLL', 'MSVCRT.dll', 'SHELL32.dll', 'USER32.dll', 'WS2_32.dll']","['LoadLibraryA', 'ExitProcess', 'GetProcAddress', 'VirtualProtect', 'atol', 'SHChangeNotify', 'LoadStringA', 'closesocket']","['!This program cannot be run in DOS mode.', '""*>Lbi', '""unhP', '*(SY)# cmd', '-S/$\\C7', '.exe', '.rsrc', '.ueope', '0123456789-/', '1http://w', '5X,^0T', '7p4W\\8', '<*""ur', '<}:x-', '= %d', '=[e#Se9', '>""u:F', '@7tHj@', 'ABCDEFGHIJKLMNO', 'CloseHandle', 'Compu$rName2Pip;', 'ExitProcess', 'GetProcAddress', 'Get}f~', 'Info$', 'KERNEL32.DLL', 'L40!F ;', 'LfL8p', 'LoadLibraryA', 'LoadStringA', 'MSVCRT.dll', 'Modm{Y', 'NRhph', 'NV`h~', 'ON? > nuJ/c dU', 'Object!reateEventA', 'PA%Q6', 'RPX48', 'Richo', 'SDisconnJ', 'SHChangeNotify', 'SHELL32.dll', 'USER32.dll', 'V3P;(C,', 'VirtualProtect', 'WS2_32.dll', 'WaitForSing', 'XPTPSW', 'XYZabcdefghijklmnopqrstuvwxyzv=', '_beg\\t', 'bOhKO1|t', 'com/test.', ""el'COMSPEC"", 'fsg\\n', 'ia}l;r', 'jR9Fi', 'k!|s)t', 'ltpDH', 'mal4c/', 'mmd#rocesszMultX', 'n.dllq', 'o`RdSe', 'py7Envifnm', 'pzQL8D4M', 't_fdiv6', 'v;Va.able', 'yBo2t', 'yDu<icat']","['UPX0', 'UPX1', '.rsrc']",kernel32.dll msvcrt.dll shell32.dll user32.dll ws2_32.dll,loadlibrarya exitprocess getprocaddress virtualprotect atol shchangenotify loadstringa closesocket,this program cannot be run in dos mode. lbi unhp sy cmd -s/ c7 .exe .rsrc .ueope 0123456789-/ 1http://w 5x 0t 7p4w 8 ur :x- d e se9 u:f 7thj abcdefghijklmno closehandle compu rname2pip exitprocess getprocaddress get f info kernel32.dll l40 f lfl8p loadlibrarya loadstringa msvcrt.dll modm y nrhph nv h on nuj/c du object reateeventa pa q6 rpx48 richo sdisconnj shchangenotify shell32.dll user32.dll v3p c virtualprotect ws2_32.dll waitforsing xptpsw xyzabcdefghijklmnopqrstuvwxyzv _beg t bohko1 t com/test. el comspec fsg n ia l r jr9fi k s t ltpdh mal4c/ mmd rocesszmultx n.dllq o rdse py7envifnm pzql8d4m t_fdiv6 v va.able ybo2t ydu icat,upx0 upx1 .rsrc,kernel32.dll msvcrt.dll shell32.dll user32.dll ws2_32.dll loadlibrarya exitprocess getprocaddress virtualprotect atol shchangenotify loadstringa closesocket upx0 upx1 .rsrc this program cannot be run in dos mode. lbi unhp sy cmd -s/ c7 .exe .rsrc .ueope 0123456789-/ 1http://w 5x 0t 7p4w 8 ur :x- d e se9 u:f 7thj abcdefghijklmno closehandle compu rname2pip exitprocess getprocaddress get f info kernel32.dll l40 f lfl8p loadlibrarya loadstringa msvcrt.dll modm y nrhph nv h on nuj/c du object reateeventa pa q6 rpx48 richo sdisconnj shchangenotify shell32.dll user32.dll v3p c virtualprotect ws2_32.dll waitforsing xptpsw xyzabcdefghijklmnopqrstuvwxyzv _beg t bohko1 t com/test. el comspec fsg n ia l r jr9fi k s t ltpdh mal4c/ mmd rocesszmultx n.dllq o rdse py7envifnm pzql8d4m t_fdiv6 v va.able ybo2t ydu icat,"sample 650A6FCA433EE243391E4B4C11F09438 header machine 332 subsystem 2 sections UPX0 UPX1 .rsrc dlls KERNEL32.DLL MSVCRT.dll SHELL32.dll USER32.dll WS2_32.dll imports LoadLibraryA ExitProcess GetProcAddress VirtualProtect atol SHChangeNotify LoadStringA closesocket strings !This program cannot be run in DOS mode. ""*>Lbi ""unhP *(SY)# cmd -S/$\C7 .exe .rsrc .ueope 0123456789-/ 1http://w 5X,^0T 7p4W\8 <*""ur <}:x- = %d =[e#Se9 >""u:F @7tHj@ ABCDEFGHIJKLMNO CloseHandle Compu$rName2Pip; ExitProcess GetProcAddress Get}f~ Info$ KERNEL32.DLL L40!F ; LfL8p LoadLibraryA LoadStringA MSVCRT.dll Modm{Y NRhph NV`h~ ON? > nuJ/c dU Object!reateEventA PA%Q6 RPX48 Richo SDisconnJ SHChangeNotify SHELL32.dll USER32.dll V3P;(C, VirtualProtect WS2_32.dll WaitForSing XPTPSW XYZabcdefghijklmnopqrstuvwxyzv= _beg\t bOhKO1|t com/test. el'COMSPEC fsg\n ia}l;r jR9Fi k!|s)t ltpDH mal4c/ mmd#rocesszMultX n.dllq o`RdSe py7Envifnm pzQL8D4M t_fdiv6 v;Va.able yBo2t yDu<icat"
6FAA4740F99408D4D2DDDD0B09BBDEFD,5632,0,332,3,1242321160,271,28064,4194304,2,0,6,0,4096,4096,20480,16,8,8,5,70,3,3.508873408171624,7.53896782380375,1536.0,9557.333333333334,"['KERNEL32.DLL', 'MSVCRT.dll', 'SHELL32.dll', 'USER32.dll', 'WS2_32.dll']","['LoadLibraryA', 'ExitProcess', 'GetProcAddress', 'VirtualProtect', 'atol', 'SHChangeNotify', 'LoadStringA', 'closesocket']","['!This program cannot be run in DOS mode.', '""*>Lbi', '""unhP', '*(SY)# cmd', '-S/$\\C7', '.exe', '.rsrc', '.ueope', '0123456789-/', '1http://w', '5X,^0T', '7p4W\\8', '<*""ur', '<}:x-', '= %d', '>""u:F', '@7tHj@', 'ABCDEFGHIJKLMNO', 'Ex""Th', 'ExitProcess', 'GetCompu', 'GetProcAddress', 'KERNEL32.DLL', 'L40!F ;', 'L7d6]CWI', 'LfL8p', 'LoadLibraryA', 'LoadStringA', 'MSVCRT.dll', 'NRhph', 'NV`h~', 'ON? > nuJ/c dU', 'RPX48', 'Richo', 'SHChangeNotify', 'SHELL32.dll', 'USER32.dll', 'V3P;(C,', 'Va.able', 'VirtualProtect', 'WS2_32.dll', 'WaitForSing', 'XPTPSW', 'XYZabcdefghijklmnopqrstuvwxyzv=', '_beg\\t', 'a\'a`l""et', 'a|s)t', 'bOhKO1|t', 'com/test.', 'ct!reateEventA', 'd#rocesszMult!', 'eHandle', ""el'COMSPEC"", 'fsg\\n', 'g#Se9', 'ia}l;r', 'jR9Fi', 'ltpDH', 'mal4c/fp[g', 'ms9,p', 'n.dllq', 'o$rName2PipSDimg', 'o<icat', 'o`RdSe', 'py7Envifnm;', 'pzQL8D4M', 'r3f8]', 'sconnJ', 't_fdiv', 'wolfn']","['UPX0', 'UPX1', '.rsrc']",kernel32.dll msvcrt.dll shell32.dll user32.dll ws2_32.dll,loadlibrarya exitprocess getprocaddress virtualprotect atol shchangenotify loadstringa closesocket,this program cannot be run in dos mode. lbi unhp sy cmd -s/ c7 .exe .rsrc .ueope 0123456789-/ 1http://w 5x 0t 7p4w 8 ur :x- d u:f 7thj abcdefghijklmno ex th exitprocess getcompu getprocaddress kernel32.dll l40 f l7d6 cwi lfl8p loadlibrarya loadstringa msvcrt.dll nrhph nv h on nuj/c du rpx48 richo shchangenotify shell32.dll user32.dll v3p c va.able virtualprotect ws2_32.dll waitforsing xptpsw xyzabcdefghijklmnopqrstuvwxyzv _beg t a a l et a s t bohko1 t com/test. ct reateeventa d rocesszmult ehandle el comspec fsg n g se9 ia l r jr9fi ltpdh mal4c/fp g ms9 p n.dllq o rname2pipsdimg o icat o rdse py7envifnm pzql8d4m r3f8 sconnj t_fdiv wolfn,upx0 upx1 .rsrc,kernel32.dll msvcrt.dll shell32.dll user32.dll ws2_32.dll loadlibrarya exitprocess getprocaddress virtualprotect atol shchangenotify loadstringa closesocket upx0 upx1 .rsrc this program cannot be run in dos mode. lbi unhp sy cmd -s/ c7 .exe .rsrc .ueope 0123456789-/ 1http://w 5x 0t 7p4w 8 ur :x- d u:f 7thj abcdefghijklmno ex th exitprocess getcompu getprocaddress kernel32.dll l40 f l7d6 cwi lfl8p loadlibrarya loadstringa msvcrt.dll nrhph nv h on nuj/c du rpx48 richo shchangenotify shell32.dll user32.dll v3p c va.able virtualprotect ws2_32.dll waitforsing xptpsw xyzabcdefghijklmnopqrstuvwxyzv _beg t a a l et a s t bohko1 t com/test. ct reateeventa d rocesszmult ehandle el comspec fsg n g se9 ia l r jr9fi ltpdh mal4c/fp g ms9 p n.dllq o rname2pipsdimg o icat o rdse py7envifnm pzql8d4m r3f8 sconnj t_fdiv wolfn,"sample 6FAA4740F99408D4D2DDDD0B09BBDEFD header machine 332 subsystem 2 sections UPX0 UPX1 .rsrc dlls KERNEL32.DLL MSVCRT.dll SHELL32.dll USER32.dll WS2_32.dll imports LoadLibraryA ExitProcess GetProcAddress VirtualProtect atol SHChangeNotify LoadStringA closesocket strings !This program cannot be run in DOS mode. ""*>Lbi ""unhP *(SY)# cmd -S/$\C7 .exe .rsrc .ueope 0123456789-/ 1http://w 5X,^0T 7p4W\8 <*""ur <}:x- = %d >""u:F @7tHj@ ABCDEFGHIJKLMNO Ex""Th ExitProcess GetCompu GetProcAddress KERNEL32.DLL L40!F ; L7d6]CWI LfL8p LoadLibraryA LoadStringA MSVCRT.dll NRhph NV`h~ ON? > nuJ/c dU RPX48 Richo SHChangeNotify SHELL32.dll USER32.dll V3P;(C, Va.able VirtualProtect WS2_32.dll WaitForSing XPTPSW XYZabcdefghijklmnopqrstuvwxyzv= _beg\t a'a`l""et a|s)t bOhKO1|t com/test. ct!reateEventA d#rocesszMult! eHandle el'COMSPEC fsg\n g#Se9 ia}l;r jR9Fi ltpDH mal4c/fp[g ms9,p n.dllq o$rName2PipSDimg o<icat o`RdSe py7Envifnm; pzQL8D4M r3f8] sconnJ t_fdiv wolfn"
785003A405BC7A4EBCBB21DDB757BF3F,5632,0,332,3,1242321160,271,28064,4194304,2,0,6,0,4096,4096,20480,16,8,8,5,68,3,3.5105509505056163,7.544000450805727,1536.0,9557.333333333334,"['KERNEL32.DLL', 'MSVCRT.dll', 'SHELL32.dll', 'USER32.dll', 'WS2_32.dll']","['LoadLibraryA', 'ExitProcess', 'GetProcAddress', 'VirtualProtect', 'atol', 'SHChangeNotify', 'LoadStringA', 'closesocket']","['!This program cannot be run in DOS mode.', '""*>Lbi', '""unhP', '*(SY)# cmd', '-S/$\\C7', '.exe', '.rsrc', '.ueope', '0123456789-/', '1http://w', '5X,^0T', '7p4W\\8', '<*""ur', '<}:x-', '= %d', '>""u:F', '@7tHj@', 'ABCDEFGHIJKLMNO', 'ExitProcess', 'GetComp', 'GetProcAddress', 'KERNEL32.DLL', 'L40!F ;', 'LfL8p', 'LoadLibraryA', 'LoadStringA', 'MSVCRT.dll', 'NRhph', 'NV`h~', 'NollOwaf', 'ON? > nuJ/c dU', 'PA!@e', 'RPX48', 'Richo', 'SHChangeNotify', 'SHELL32.dll', 'USER32.dll', 'V3P;(C,', 'VirtualProtect', 'WS2_32.dll', 'WaitForSing', 'XPTPSW', 'XYZabcdefghijklmnopqrstuvwxyzv=', '_beg\\t', 'bOhKO1|t', 'com/test.', 'd#rocesszMult!', 'djR9Fi', 'e#Se9', 'ect!reateEventA', ""el'COMSPEC"", 'fsg\\n', 'ia}l;r', 'isconnJ', 'ltpDH', 'mVa.able', 'mal4c/3', 'n.dllq', 'o`RdSe', 'py7Envifnm;Z{', 'pzQL8D4M', 'seHandle', 't_fdiv', 'u$rName2PipSD', 'u<icat', 'wolf7', 'xR|@`', '|s)t]']","['UPX0', 'UPX1', '.rsrc']",kernel32.dll msvcrt.dll shell32.dll user32.dll ws2_32.dll,loadlibrarya exitprocess getprocaddress virtualprotect atol shchangenotify loadstringa closesocket,this program cannot be run in dos mode. lbi unhp sy cmd -s/ c7 .exe .rsrc .ueope 0123456789-/ 1http://w 5x 0t 7p4w 8 ur :x- d u:f 7thj abcdefghijklmno exitprocess getcomp getprocaddress kernel32.dll l40 f lfl8p loadlibrarya loadstringa msvcrt.dll nrhph nv h nollowaf on nuj/c du pa e rpx48 richo shchangenotify shell32.dll user32.dll v3p c virtualprotect ws2_32.dll waitforsing xptpsw xyzabcdefghijklmnopqrstuvwxyzv _beg t bohko1 t com/test. d rocesszmult djr9fi e se9 ect reateeventa el comspec fsg n ia l r isconnj ltpdh mva.able mal4c/3 n.dllq o rdse py7envifnm z pzql8d4m sehandle t_fdiv u rname2pipsd u icat wolf7 xr s t,upx0 upx1 .rsrc,kernel32.dll msvcrt.dll shell32.dll user32.dll ws2_32.dll loadlibrarya exitprocess getprocaddress virtualprotect atol shchangenotify loadstringa closesocket upx0 upx1 .rsrc this program cannot be run in dos mode. lbi unhp sy cmd -s/ c7 .exe .rsrc .ueope 0123456789-/ 1http://w 5x 0t 7p4w 8 ur :x- d u:f 7thj abcdefghijklmno exitprocess getcomp getprocaddress kernel32.dll l40 f lfl8p loadlibrarya loadstringa msvcrt.dll nrhph nv h nollowaf on nuj/c du pa e rpx48 richo shchangenotify shell32.dll user32.dll v3p c virtualprotect ws2_32.dll waitforsing xptpsw xyzabcdefghijklmnopqrstuvwxyzv _beg t bohko1 t com/test. d rocesszmult djr9fi e se9 ect reateeventa el comspec fsg n ia l r isconnj ltpdh mva.able mal4c/3 n.dllq o rdse py7envifnm z pzql8d4m sehandle t_fdiv u rname2pipsd u icat wolf7 xr s t,"sample 785003A405BC7A4EBCBB21DDB757BF3F header machine 332 subsystem 2 sections UPX0 UPX1 .rsrc dlls KERNEL32.DLL MSVCRT.dll SHELL32.dll USER32.dll WS2_32.dll imports LoadLibraryA ExitProcess GetProcAddress VirtualProtect atol SHChangeNotify LoadStringA closesocket strings !This program cannot be run in DOS mode. ""*>Lbi ""unhP *(SY)# cmd -S/$\C7 .exe .rsrc .ueope 0123456789-/ 1http://w 5X,^0T 7p4W\8 <*""ur <}:x- = %d >""u:F @7tHj@ ABCDEFGHIJKLMNO ExitProcess GetComp GetProcAddress KERNEL32.DLL L40!F ; LfL8p LoadLibraryA LoadStringA MSVCRT.dll NRhph NV`h~ NollOwaf ON? > nuJ/c dU PA!@e RPX48 Richo SHChangeNotify SHELL32.dll USER32.dll V3P;(C, VirtualProtect WS2_32.dll WaitForSing XPTPSW XYZabcdefghijklmnopqrstuvwxyzv= _beg\t bOhKO1|t com/test. d#rocesszMult! djR9Fi e#Se9 ect!reateEventA el'COMSPEC fsg\n ia}l;r isconnJ ltpDH mVa.able mal4c/3 n.dllq o`RdSe py7Envifnm;Z{ pzQL8D4M seHandle t_fdiv u$rName2PipSD u<icat wolf7 xR|@` |s)t]"
8442AE37B91F279A9F06DE4C60B286A3,5120,0,332,3,1263576056,271,27632,4194304,2,0,6,0,4096,4096,20480,16,7,7,4,52,3,3.3860960595073677,7.5806919158085355,1365.3333333333333,9557.333333333334,"['KERNEL32.DLL', 'MSVCRT.dll', 'USER32.dll', 'WS2_32.dll']","['LoadLibraryA', 'ExitProcess', 'GetProcAddress', 'VirtualProtect', 'atol', 'LoadStringA', 'send']","['!This program cannot be run in DOS mode.', '""L^B`', ""'6<_`BdS'p$jp"", '*(SY)# cmd', '.>Pbm', '.exe', '.rsrc', '4M>FP`l', '9R@WP', '9{=0(', '>""u:F', 'ABCDEFGHIJKLMNO', 'CloseHandle', 'Compu$rName2Pip;', 'D@TPL', 'ExitProcess', 'GetProcAddress', 'Get}f~', 'KERNEL32.DLL', 'KXL_beg', 'L40!F ;', 'LoadLibraryA', 'LoadStringA', 'MSVCRT.dll', 'Object!reateEventA', 'PA)Q6', 'RPX48', 'RtpEppZDH', 'SDisconnJ', 'USER32.dll', 'V3P;-', 'VirtualProtect', 'WS2_32.dll', 'WaitForSing', 'XPTPSW', 'XYZabcdefghij', 'Xcpt{N', 'YY4.c#l', '_strn', 'jQ<8D', 'jR9Fi', 'k!|s)t', 'klmnopqrstuvwxyz0123456789-//', 'm""spr', 'mWL8f', 'mmd#rocesszMultX', 'nd = %d', 't2Ht~', 't_fdiv', 'wmf(amal', 'yDu<icat', '}7[e#@StartXInfoA']","['UPX0', 'UPX1', '.rsrc']",kernel32.dll msvcrt.dll user32.dll ws2_32.dll,loadlibrarya exitprocess getprocaddress virtualprotect atol loadstringa send,this program cannot be run in dos mode. l b 6 _ bds p jp sy cmd . pbm .exe .rsrc 4m fp l 9r wp 9 0 u:f abcdefghijklmno closehandle compu rname2pip d tpl exitprocess getprocaddress get f kernel32.dll kxl_beg l40 f loadlibrarya loadstringa msvcrt.dll object reateeventa pa q6 rpx48 rtpeppzdh sdisconnj user32.dll v3p - virtualprotect ws2_32.dll waitforsing xptpsw xyzabcdefghij xcpt n yy4.c l _strn jq 8d jr9fi k s t klmnopqrstuvwxyz0123456789-// m spr mwl8f mmd rocesszmultx nd d t2ht t_fdiv wmf amal ydu icat 7 e startxinfoa,upx0 upx1 .rsrc,kernel32.dll msvcrt.dll user32.dll ws2_32.dll loadlibrarya exitprocess getprocaddress virtualprotect atol loadstringa send upx0 upx1 .rsrc this program cannot be run in dos mode. l b 6 _ bds p jp sy cmd . pbm .exe .rsrc 4m fp l 9r wp 9 0 u:f abcdefghijklmno closehandle compu rname2pip d tpl exitprocess getprocaddress get f kernel32.dll kxl_beg l40 f loadlibrarya loadstringa msvcrt.dll object reateeventa pa q6 rpx48 rtpeppzdh sdisconnj user32.dll v3p - virtualprotect ws2_32.dll waitforsing xptpsw xyzabcdefghij xcpt n yy4.c l _strn jq 8d jr9fi k s t klmnopqrstuvwxyz0123456789-// m spr mwl8f mmd rocesszmultx nd d t2ht t_fdiv wmf amal ydu icat 7 e startxinfoa,"sample 8442AE37B91F279A9F06DE4C60B286A3 header machine 332 subsystem 2 sections UPX0 UPX1 .rsrc dlls KERNEL32.DLL MSVCRT.dll USER32.dll WS2_32.dll imports LoadLibraryA ExitProcess GetProcAddress VirtualProtect atol LoadStringA send strings !This program cannot be run in DOS mode. ""L^B` '6<_`BdS'p$jp *(SY)# cmd .>Pbm .exe .rsrc 4M>FP`l 9R@WP 9{=0( >""u:F ABCDEFGHIJKLMNO CloseHandle Compu$rName2Pip; D@TPL ExitProcess GetProcAddress Get}f~ KERNEL32.DLL KXL_beg L40!F ; LoadLibraryA LoadStringA MSVCRT.dll Object!reateEventA PA)Q6 RPX48 RtpEppZDH SDisconnJ USER32.dll V3P;- VirtualProtect WS2_32.dll WaitForSing XPTPSW XYZabcdefghij Xcpt{N YY4.c#l _strn jQ<8D jR9Fi k!|s)t klmnopqrstuvwxyz0123456789-// m""spr mWL8f mmd#rocesszMultX nd = %d t2Ht~ t_fdiv wmf(amal yDu<icat }7[e#@StartXInfoA"
99A39866A657A10949FCB6D634BB30D5,5632,0,332,3,1195429813,271,28048,4194304,2,0,6,0,4096,4096,20480,16,8,8,5,68,3,3.503564241852109,7.523040324845204,1536.0,9557.333333333334,"['KERNEL32.DLL', 'MSVCRT.dll', 'SHELL32.dll', 'USER32.dll', 'WS2_32.dll']","['LoadLibraryA', 'ExitProcess', 'GetProcAddress', 'VirtualProtect', 'atol', 'SHChangeNotify', 'LoadStringA', 'closesocket']","['!This program cannot be run in DOS mode.', '$TERPI44', '*(SY)# cmd', '*md#rocesszMu', ',!F ;', '.rsrc', '.ueope', '1http://w', '4MLbv', '4hp;', '5X,^0cl', '9R@WP', '>""u:F', '@7tHj@', 'ABCDEFGHIJKLMNO', 'CloseHandle', 'DNV`h', 'ExitProcess', 'GetProcAddress', 'IG:3V', 'J~E{c;', 'KERNEL32.DLL', 'LoadLibraryA', 'LoadStringA', 'MSVCRT.dll', 'NNRU}', 'O1|Sv', 'ON? > n', 'Object!reateEventA', 'RZuXC', 'Richo', 'SHChangeNotify', 'SHELL32.dll', 'TVTpf', 'USER32.dll', 'VirtualProtect', 'WS2_32.dll', 'WaitForSing', 'X5Sn{:t', 'XPTPSW', 'XYZabcdefghijklmnopq?', '_beg\\t', '`.rdu', '`]_X&I', 'a;-DH', 'akC0h[', 'com/test.', 'etCompu$rName2Pip', 'ia}l;r', 'jR9Fi', 'k.ouN', 'lt!|s)t', 'm3JcT', 'mal4c/', 'mhm_g', 'nm;Va.able', 'on.dllq', 'prQL8D4M', 'py7Envif', 're#Se9', 'rstuvwxyz0123456789-/', 's)d = %d', 't_fdiv', ""uJ/c del'COMSPEC"", 'vyDu<icat', 'wSDisconnJ', 'yBo2t', '}Info$']","['UPX0', 'UPX1', '.rsrc']",kernel32.dll msvcrt.dll shell32.dll user32.dll ws2_32.dll,loadlibrarya exitprocess getprocaddress virtualprotect atol shchangenotify loadstringa closesocket,this program cannot be run in dos mode. terpi44 sy cmd md rocesszmu f .rsrc .ueope 1http://w 4mlbv 4hp 5x 0cl 9r wp u:f 7thj abcdefghijklmno closehandle dnv h exitprocess getprocaddress ig:3v j e c kernel32.dll loadlibrarya loadstringa msvcrt.dll nnru o1 sv on n object reateeventa rzuxc richo shchangenotify shell32.dll tvtpf user32.dll virtualprotect ws2_32.dll waitforsing x5sn :t xptpsw xyzabcdefghijklmnopq _beg t .rdu _x i a -dh akc0h com/test. etcompu rname2pip ia l r jr9fi k.oun lt s t m3jct mal4c/ mhm_g nm va.able on.dllq prql8d4m py7envif re se9 rstuvwxyz0123456789-/ s d d t_fdiv uj/c del comspec vydu icat wsdisconnj ybo2t info,upx0 upx1 .rsrc,kernel32.dll msvcrt.dll shell32.dll user32.dll ws2_32.dll loadlibrarya exitprocess getprocaddress virtualprotect atol shchangenotify loadstringa closesocket upx0 upx1 .rsrc this program cannot be run in dos mode. terpi44 sy cmd md rocesszmu f .rsrc .ueope 1http://w 4mlbv 4hp 5x 0cl 9r wp u:f 7thj abcdefghijklmno closehandle dnv h exitprocess getprocaddress ig:3v j e c kernel32.dll loadlibrarya loadstringa msvcrt.dll nnru o1 sv on n object reateeventa rzuxc richo shchangenotify shell32.dll tvtpf user32.dll virtualprotect ws2_32.dll waitforsing x5sn :t xptpsw xyzabcdefghijklmnopq _beg t .rdu _x i a -dh akc0h com/test. etcompu rname2pip ia l r jr9fi k.oun lt s t m3jct mal4c/ mhm_g nm va.able on.dllq prql8d4m py7envif re se9 rstuvwxyz0123456789-/ s d d t_fdiv uj/c del comspec vydu icat wsdisconnj ybo2t info,"sample 99A39866A657A10949FCB6D634BB30D5 header machine 332 subsystem 2 sections UPX0 UPX1 .rsrc dlls KERNEL32.DLL MSVCRT.dll SHELL32.dll USER32.dll WS2_32.dll imports LoadLibraryA ExitProcess GetProcAddress VirtualProtect atol SHChangeNotify LoadStringA closesocket strings !This program cannot be run in DOS mode. $TERPI44 *(SY)# cmd *md#rocesszMu ,!F ; .rsrc .ueope 1http://w 4MLbv 4hp; 5X,^0cl 9R@WP >""u:F @7tHj@ ABCDEFGHIJKLMNO CloseHandle DNV`h ExitProcess GetProcAddress IG:3V J~E{c; KERNEL32.DLL LoadLibraryA LoadStringA MSVCRT.dll NNRU} O1|Sv ON? > n Object!reateEventA RZuXC Richo SHChangeNotify SHELL32.dll TVTpf USER32.dll VirtualProtect WS2_32.dll WaitForSing X5Sn{:t XPTPSW XYZabcdefghijklmnopq? _beg\t `.rdu `]_X&I a;-DH akC0h[ com/test. etCompu$rName2Pip ia}l;r jR9Fi k.ouN lt!|s)t m3JcT mal4c/ mhm_g nm;Va.able on.dllq prQL8D4M py7Envif re#Se9 rstuvwxyz0123456789-/ s)d = %d t_fdiv uJ/c del'COMSPEC vyDu<icat wSDisconnJ yBo2t }Info$"
A316D5AECA269CA865077E7FFF356E7D,5632,0,332,3,1242321160,271,28064,4194304,2,0,6,0,4096,4096,20480,16,8,8,5,69,3,3.5068254512497767,7.532823953038207,1536.0,9557.333333333334,"['KERNEL32.DLL', 'MSVCRT.dll', 'SHELL32.dll', 'USER32.dll', 'WS2_32.dll']","['LoadLibraryA', 'ExitProcess', 'GetProcAddress', 'VirtualProtect', 'atol', 'SHChangeNotify', 'LoadStringA', 'closesocket']","['!This program cannot be run in DOS mode.', '""*>Lbi', '""unhP', '#rocesszMult!6,`', '$rName2PipSDisc', '&R9Fi', '*(SY)# cmd', '-S/$\\C7', '.exe', '.rsrc', '.ueope', '0123456789-/', '1http://w', '5X,^0T', '7p4W\\8', ';spy7Envifnm;Va', '<*""ur', '<icat', '<}:x-', '= %d', '>""u:F', '@7tHj@', 'ABCDEFGHIJKLMNO', 'CloseH', 'Ex""Th', 'ExitProcess', 'EyDus', 'GetCompu', 'GetProcAddress', 'Info$', 'KERNEL32.DLL', 'L40!F ;', 'LfL8p', 'LoadLibraryA', 'LoadStringA', 'MSVCRT.dll', 'NRhph', 'NV`h~', 'ON? > nuJ/c dU', 'Object', 'RPX48', 'Richo', 'SHChangeNotify', 'SHELL32.dll', 'Sh=C0V', 'USER32.dll', 'V3P;(C,', 'VirtualProtect', 'WS2_32.dll', 'WaitForSing', 'XPTPSW', 'XYZabcdefghijklmnopqrstuvwxyzv=', '_beg\\t', 'andle', 'bOhKO1|t', 'com/test.', ""el'COMSPEC"", 'fsg\\n', 'ia}l;r', 'ltpDH', 'mal4c/', 'n.dllq', 'o.able', 'o`RdSe', 'pzQL8D4M', 't_fdiv', 'w!reateEventA', 'xR|@6', '|s)t[']","['UPX0', 'UPX1', '.rsrc']",kernel32.dll msvcrt.dll shell32.dll user32.dll ws2_32.dll,loadlibrarya exitprocess getprocaddress virtualprotect atol shchangenotify loadstringa closesocket,this program cannot be run in dos mode. lbi unhp rocesszmult 6 rname2pipsdisc r9fi sy cmd -s/ c7 .exe .rsrc .ueope 0123456789-/ 1http://w 5x 0t 7p4w 8 spy7envifnm va ur icat :x- d u:f 7thj abcdefghijklmno closeh ex th exitprocess eydus getcompu getprocaddress info kernel32.dll l40 f lfl8p loadlibrarya loadstringa msvcrt.dll nrhph nv h on nuj/c du object rpx48 richo shchangenotify shell32.dll sh c0v user32.dll v3p c virtualprotect ws2_32.dll waitforsing xptpsw xyzabcdefghijklmnopqrstuvwxyzv _beg t andle bohko1 t com/test. el comspec fsg n ia l r ltpdh mal4c/ n.dllq o.able o rdse pzql8d4m t_fdiv w reateeventa xr 6 s t,upx0 upx1 .rsrc,kernel32.dll msvcrt.dll shell32.dll user32.dll ws2_32.dll loadlibrarya exitprocess getprocaddress virtualprotect atol shchangenotify loadstringa closesocket upx0 upx1 .rsrc this program cannot be run in dos mode. lbi unhp rocesszmult 6 rname2pipsdisc r9fi sy cmd -s/ c7 .exe .rsrc .ueope 0123456789-/ 1http://w 5x 0t 7p4w 8 spy7envifnm va ur icat :x- d u:f 7thj abcdefghijklmno closeh ex th exitprocess eydus getcompu getprocaddress info kernel32.dll l40 f lfl8p loadlibrarya loadstringa msvcrt.dll nrhph nv h on nuj/c du object rpx48 richo shchangenotify shell32.dll sh c0v user32.dll v3p c virtualprotect ws2_32.dll waitforsing xptpsw xyzabcdefghijklmnopqrstuvwxyzv _beg t andle bohko1 t com/test. el comspec fsg n ia l r ltpdh mal4c/ n.dllq o.able o rdse pzql8d4m t_fdiv w reateeventa xr 6 s t,"sample A316D5AECA269CA865077E7FFF356E7D header machine 332 subsystem 2 sections UPX0 UPX1 .rsrc dlls KERNEL32.DLL MSVCRT.dll SHELL32.dll USER32.dll WS2_32.dll imports LoadLibraryA ExitProcess GetProcAddress VirtualProtect atol SHChangeNotify LoadStringA closesocket strings !This program cannot be run in DOS mode. ""*>Lbi ""unhP #rocesszMult!6,` $rName2PipSDisc &R9Fi *(SY)# cmd -S/$\C7 .exe .rsrc .ueope 0123456789-/ 1http://w 5X,^0T 7p4W\8 ;spy7Envifnm;Va <*""ur <icat <}:x- = %d >""u:F @7tHj@ ABCDEFGHIJKLMNO CloseH Ex""Th ExitProcess EyDus GetCompu GetProcAddress Info$ KERNEL32.DLL L40!F ; LfL8p LoadLibraryA LoadStringA MSVCRT.dll NRhph NV`h~ ON? > nuJ/c dU Object RPX48 Richo SHChangeNotify SHELL32.dll Sh=C0V USER32.dll V3P;(C, VirtualProtect WS2_32.dll WaitForSing XPTPSW XYZabcdefghijklmnopqrstuvwxyzv= _beg\t andle bOhKO1|t com/test. el'COMSPEC fsg\n ia}l;r ltpDH mal4c/ n.dllq o.able o`RdSe pzQL8D4M t_fdiv w!reateEventA xR|@6 |s)t["
AAAz2E1B6940985A23E5639450F8391820655,344576,1,332,3,1319015770,8462,804608,268435456,2,0,6,0,344064,4096,458752,16,10,10,8,2500,3,3.617943345686688,7.896621228967558,114517.33333333333,268970.6666666667,"['ADVAPI32.dll', 'GDI32.dll', 'KERNEL32.DLL', 'MSVCRT.dll', 'NETAPI32.dll', 'ntdll.dll', 'USER32.dll', 'WS2_32.dll']","['RegSaveKeyA', 'BitBlt', 'LoadLibraryA', 'GetProcAddress', 'VirtualProtect', 'free', 'Netbios', 'atoi', 'GetDC', 'WSAGetLastError']","['!""#$%&\'()*+,-./', '!""#$%&<', '!""4M', '!""\\kN', '!$zuHh', '!& O%', ""!'()r"", '!--(Z', '!-jL+', '!0*SE', '!2$C2', '!45h;aA', '!4\\x4', '!5!A!I!O!Y![!_!s!}!', '!:% %', '!B_HX_', '!L]3v', '!Li,h` H', '!M=_2N', '!P`:3xS', '!S35X', '!This program cannot be run in DOS mode.', '!UK?!,', '!V\\KZ', '!W$( S', '![ A0', '!\\eota', '!b=z&7?H,MQ>', '!en?', '!hcK+dbF&', '!h|[Tl', '!oT .Md', '!|kNl$', '!}TtPo', '!~PBKDF2O', '""!""%""+""1""9""K""O""c""g""s""u""', '""!tlB', '""&xV,*>', '""(m^]5[9)', '""+t*t', '"",G6sl\'%', '""1\'_TL', '""=><C', '""F`@8', '""IPvpp', '""LU""JZ', '""UU9K', '""Vo\'\\', '""\\7VA', '""b1<a', '""dH48', '""hDQ:h', '""known', '""lbN.', '""qH{j', '""tX6G', '""v(Lr*', '""wU`j', '""~RUyN', '# gtD', '###/', '##$<[', '##2&))**', '#)#/#3#5#E#Q#S#Y#c#k#', '#-pVPV', '#/kt`u', '#@.tt', ""#@EubT'2X"", '#AuYh$&""0', '#Md\\R9', '#RDXL', '#Ttp_', '#Ws<C;#\\ 7', '#Zu""h', '#ZwK(', '#\\tB|', '#\\|L|$<', '#`,cX2B', '#bML""', '#h(;AN', '#hk@C', '#jJ%T', '#k,Aa', '#k}==', '#lZ5.', '#mTf0a', '#qy?Y', '#veN(', '$!GGT', '$""u 0', '$)$=$A$C$M$_$g$k$y$}$', '$.fKDk', '$/Fzw', '$0.3`', '$0?44', '$0\\.#W4<', '$<j7`', '$@ko1', '$BF>!', '$C?y,;', '$DrZX$', '$G1P=[?', '$IVMU\\', '$N%8C', ""$N'KGB"", '$P!<R>', '$Q]tX2g', '$S<>I', '$TUUU', '$T~V^V', '$UQVk4(', '$Y,tl/', '$YY5@D%@f', '$`gDY', '$ct$s', '$hC]jAh', ""$hd'P"", '$jl-.', '$kWtb[CH', '$oOB!h-', '$p,@l', '$pM$H)', '$t5}!', '$tOyG', '${)~I}', '$}-#c*#', '$}Lr2', '$}[5%', '$~LG`+', '%#@QS', ""%'%1%=%C%K%O"", '%.*,dw GMT', '%/cctgDX', '%2%Sr', '%2C.%8', '%<B^[@[@', '%XF`@', '%_HO@\\', '%_IG`', '%`3s %', '%cD)_', '%d Bs', '%g?VQ', '%gYug', '%wghijklmnopqrstuvw', ""&'&)&5&;&?&K&S&Y&e&i&o&{&"", '&( &7', '&/dZw2', '&>1;y', ""&@'kd"", '&E%:3', '&EVP_MAX', ""&N''i"", '&RU3t', '&SRUt', '&Z;ilo1nDd', '&\\nUW', '&^r[t', '&p8VR', '&u-m(', '&|AOA', ""'$d&u"", ""'$g!:0"", ""'%{p<8"", ""'&CYy"", ""''(ne"", ""'*eL)"", ""'.`hO"", ""'.x400q\\"", ""'1cop"", ""'3908r"", ""'5'7'M'S'U'_'k'm"", ""'522vB."", ""'=wW(~"", ""'B:%!"", ""'Dllk<I"", ""'FIELDIDW"", ""'FIXED"", ""'List"", ""'MDHE"", ""'Rc*2"", ""'S{TV"", ""'aWa;&"", ""'bk%_5"", ""'lf8|s"", ""'pcyXch"", ""'s'w'"", ""'t7(tqss"", ""'ymU+"", ""'{)\\$"", '(!(1(=(?(I(Q([(](a(g(u', '(!\\z~', '(""H{\\', '($anZN(', ""('W,v"", '()SPj', '()s^N', '(,(04pg)', '(-%64O2', '(/012', ""(0'yX"", '(60wtyo,', '(9A7z', '(@8(u;', '(Ems8', '(Grz~ bC', '(HThR', '(JP/C,', '(K!x0', '(NPO/', '(PRQx6', '(ZdOt', '(Z{B_', '(fS{ggR', '(h<Xh', '(hyb', '(i,R-', '(l3,DHR9', '(maYS', '(oJIu', '(ojA)f', '(t-objec', '(t4C<', '(u[pXoL', '(wMww', '(}D&)', ')!CH+', "")'t!Id"", ')0^%ZP', ')4OwS', ')9@-I\\', ')=L20sv', ')?)G)])e)i)o)u)', ')?7-ial', ')E\\\\*=', ')I.QW@', ')ItDr', ')L\\ *', ')UF?9:', ')UrzV', ')\\ZEo^m/', ')^`Ww4', ')_7/<', ')cj/%', ')hSB@', ')l:T^8rv', ')q(5[\\', ')t{@#', ')zQRP', '){|S a,', ')}F3x', '*$2Sf&F', '*% aVY', '*%*/*O*', '*)&O?', '*.M@$h|-', '*0-8>Q', '*1YX8', '*5PPj', '*<g6$cs77', '*C$zP', '*DHxln', '*Hz{!UW', '*IASg', '*O!\\B', '*V]8ZL2P', '*X50,l', '*[FB=', '*\\LI3', '*iaG*""$<B', '*inFj', '*j~PMb', '*laM-\\SO', '*mlpj', '*p&@U4R', '*u7)R6& ,', '+,AA0', '+-8w8', '+<>!0', '+=C,W', '+Kou"";($', '+OJuP:', '+P+P?', '+PZ8( <', '+UAE@XZ+3@YAXP', '+W-MD', '+WPQU', '+_j[H', '+d>F>', '+i,aUC', '+j\\E{', '+k<Ru', '+t(,t#-t', '+tQXtL#0|', '+tm.9', '+u;vR|u', '+vC^=', ', CRYPTOGAMS', ',#,/,5,9,A,W,Y,i,w,', ',$[R:@', ',%Kn>^F', "",'0XZD"", "",'tKr"", ',(QUPW', ',,Za', ',-./0', ',.e!b;', ',0rr', ',1Uc*a', ',2&Mmh7u', ',5$<u', ',D.&)', ',K""%D', ',P(+.', ',PJ8u', ',PWW1', ',P`Jb', ',Pc. PKCS', ',UM0z', ',UWQPC', ',WVAH', ',X\\ *[{wk', ',^J$[p', ',briYuu', ',cg52', ',h%Vr', ',i3@h', ',mQx!', ',pKx&', ',uFL4', "",y:'A"", ',}I`:', '- 59G', '- AXe', '-!A7T,RS/H', '-&jQ}', '-&pOIW', ""-'|cUJ"", '-*>PKYw', '-,8*##', '-/cfCF', '-/etZ', '-5mi}', '-<6hV', '-@LPQ', '-B0lxh', '-C),B', '-EC+P;', '-H4:2', '-LbIPV', ""-O'O28"", '-d.oK:l', '-h+~%', '-jU@t', '-lGqU', '-m*5H', '-o21g', '-t>a~', '-tXHc', ""-v3'oid"", '-|o{i\\/%', '-}eY&K', '-~kjy', '. _two', '.$x4K]I', '.%.-.3.7.9.?.W.[.o.y.', '.(SQoI', '.*xJ6t', '.-p&O', '..[0""%', './!C+,', '.1+Z+', '.1494 wd )', '.8|)<', "".=K}'"", '.AV>2', '.EOWSU', '.Ea]QPf', '.H0w?', '.HCKA', '.IX-a', '.LH.', '.MO8)=', '.SV+/]+A', '.SWam5', '.Zx""u', '.c/gcd.cf', '.cCh8', '.cGutl', '.lLN)A', '.pp@0', '.sPr', '.}c8R-', '/ $(,H', '/$xHU', ""/'/)/"", '/)#D"")hQm', '/0XU`', '/12c2tnb4', '/7IBIo', '/88wc', '/8TWQ', '/8sD$', '/@vD9', '/@yhJ', '/C5=g', '/FBOOLEP?m', '/Hh<3', '/I8?.w', '/IKE/', '/MJ`$', '/PQjKXu', '/PWQV', '/RG172', '/S3y_', '/T LTz', '/VS-_^', '/W@-bp', '/XP_', '/Z=%d,', '/]to9', '/dZw2', '/dZw2*X', '/ji-u', '/kisa', '/l60P', '/o@{D0', '/sP#Vb5', ""/v'X$<"", '0#0)070;0U0Y0[0', '0&*P{', '0&dJa', '0(>=(4', '0(VkDaK@', '0,{Cwl', '0/i/faq.DmWa', '03AjqjC', '048< p', '04W0/o', '05 Jean-loup Gailly', '08Uqm', '0;/h2', '0<xtjnKW', '0>|SMjdR', '0B;c=(', '0COkx', '0I!qH', '0IPUA+A', '0K]Ct0', '0Kmt(a#Y', '0LR&)', '0N?qo', '0NUai', '0OI+\\3', '0QR36', '0SWjt1', '0UCRC;', '0X.EY', '0`giedO', '0dWoH', '0g`n', '0hjTJ?', '0laS+a', '0opuE', '0p@8j', '0r!o+', '0tX(/', '0xORZ', '0|^.Xu', '1 ,8HRG', '1 UQ0$(XA', '1 wex', '1#90!', '1,k,y', '10^E}', '123456<', '18T$ g', '18][Yl_', '19176', '19228lj', '19Hu5', '1?(A1', '1A26b', '1B@t3{@', '1C)7-~', '1C~a(', '1E;,@', '1KfacsimixT', '1MK C0J', '1V=j""X', '1[&@{)', '1[;2/', '1charX', '1kKeH8M4', '1l]!Cn|u', '1nm_(d', '1qJBfk', '1rjx$', '1uR@l', '1wsHp', '2 C\\X', '2(HJT', '2)252Y2]2c', ""2222'"", '23456789ABC', '242Dt', '256128', '28.1:8]', '28147-89G A', '2<A*F', '2<ZhFW', '2E1Z t', '2F"":T', '2Hbhp', '2M$HQ', '2N-4/3', '2R|KA', '2SWqWj', ""2T'AR"", '2T:\\Q_', '2VJQ1', '2[BC<', '2^04@', '2bBis', '2k2o2u2w2{2', '2kF>V', ""2r%'(,4\\"", '2rhj v', '2sP!3', '2setSneU', '2|SPSSV&', '2}!%cgu,F', '2}:d7+_A', '3 G M Q _ c', '3$w<`&', '3%=5ZW', '3%d3/353', '3()k@', '3-sha1', '3.TLSv1', '30t h', '33|.2', '38?+a', '39?EKQy', '3:PGB_X', '3=\\$S', '3@4^*$', '3Fl7<', '3J+]<', '3N:>V', '3QBFIbf', '3RnM 1', '3T]?@G}X\\3', '3VWw=', '3WL40', '3[#hC', '3[3_3g3k3s3y3', '3_pk[', ""3bJw-'/"", '3dVg#', '3g$v-.', '3lf~;', '3o\\oMY3', '3uoUet1', '3|rN>', ""4#$%&'"", '4#V7(<', '4(Jlh', '4.0', '40,(hT%', '409283-', '40Tff', '474E4U4W4c4i4m4', '47rd/w', '4;$pTRSA', '4?m/1', '4I`Zh', '4KQWS', '4M3458\\', '4MMEMu', '4MhQ0UR', '4Pag=', '4Ux&Gu', '4VVh_W', '4ZRH>4', '4[+u4z', '4_A?:H#', '4f+_SA +JX', '4fizZ', '4h$muh', '4hRg_', '4piGTF', '4s?)x', '4wdmq1', '4y\\ym', '4{tGj', '4|WV9', '4~^X', '5 /`xD', '5 7mA', '5#Tik', '5($TUBn', '5(70:', '50ja{h', '54/85-<-@-', '571r1', '5;WHO', '5?(M$', '5F`T8', '5OM2o', '5V3N{hP', '5aAKc(', '5bASO', '5bPP@', '5}i>(', '6""  M', '6""_6_<', '6#616', '6&pRoo', ""6'q@Y"", '6-9^y', '6.U?P', ""60'Vo"", '60@<A(n', '60r2/G', '61w1p52Gv4', '63NIST/S', '63_3b', '64vt', '6;#WGUHC', '6;6M6O6S6Y6a6k6m6', '6@Rj-C0;', '6D\\t{Rb', '6I&r]', '6K3s3', '6M0UQrI', '6N\\84,', '6dL;v', '6edRar', '6hGU', '6l /L', '6qTPQi 0', '6tpD4', '6upWA', '6v!Ba', '6x248FU~', '6~<EMPTY>', '6~Y0F', '7 F`@', '7.ddVl4;', '7/Cl2', '71=5$p', '7788', '7>dup1', '7?7E7I7O7]7a7u7', '7P,TABLE', '7P/ K', '7PAla', '7R*[\\V!', '7RFukmO', '7St\\=', '7VU[tf', '7X]/2a', '7aXinak', '7poS !=', ""7s'@U"", '7uaM|U', '7w.RE', '7xUtu', '7{H5[', '8!83858A8G', '8!tW+', '8""Z j', ""8'n%9"", '8)M3)', '8)gaD', '8.~ B[r3O=K', '8/dZw2', '80!Ec', '80u%iB', '81M-cSW', '82K#E#', '88El|', '88LBV*', '89J)h', '8;<B@', '8<Qo', '8?_Wm', ""8AbkQ'"", '8D9I5', '8Gt g', '8J(<A|', '8K8S8W8_8e8o8q8}8', '8M`2e', '8Q%xQ0<tY', '8QWc3', '8SB7@', '8V/-0', '8WPw4M', '8X{i?L', '8[\\Qi', '8\\eH.Jj', '8au+,', '8i%$d', '8nb#_', '8oked', '8wmul', '8yjY_H', '8|rRQ-', '9 Q7ED', '9#9%9)9/9=9A9M9[9k', '904272', '91C1E1K1]1a1g1m1s1', '95%F[', '995-20', '9A\\h,', '9Ajdj', '9Exte', '9G`5qqdt', '9L25ka5', '9P:D0Z@', '9Q=cFI8', '9X-<@', '9YDun_G', '9^$uD7', ""9_'_)W"", ""9dcG'"", '9jr mFIC', '9ljpj', ""9qA'%"", '9wDR6', '9y9}9', '9{>_(', '9|<v5', ': ""5!', ': G', ':""(N@', ':%08lX', ':&]7U', "":':+:1:K:Q:[:c:g:m"", ':(Coe', ':-TPAb', ':17a5L', ':6W8V', ':8@Iu', ':?_XA?', ':QFJ', ':QPbm', ':RSjR; 5Am', ':RUP', ':Rid.', ':WSWuZ', ':ZV?C', ':c|w{', ':f,[X', ':j.dQ', ':tFpRI', ':u*Ot#', ':uvvyyD', ':u|hj', ':wwHdD', ';$*[s', ';$+!&1', "";$P-8'6"", ';*O }', ';.<oK', ';7jmD', ';8?+2*^', ';9;E;S;Y;_;q;{;', ';;==>>@^EEFFIIJJ', ';BX(j', ';C4*I', ';KZhpq', ';V::r', ';]Run', ';d22Vt::Ny', ';d81<', ';hDub', ';j[5h', ';p*q`', "";vZwM@'Xg"", ';x(r!|', '<""?SL){', '<&C_t', '<&n/04', '<&r##Pi', ""<'()*+"", '<)<5<C<O<S<[<e<k<q<', '<)h,$', '<4Enc', '<789:;', '<=>?@', '<=ZNP', '<>&$V', '<@;EF', '<C"",W', ""<D,@$'@"", '<GHIJK', '<Hx$d', '<PKR#', '<PQYtV', '<UpEW', '<\\U!b', '<\\|Pd', '<a`{fA', '<axzy', '<gd\\TLy', '<jz[G!Q', '<p=T><?/G', '<t$x5P', '<x{FK', '<~).`', '=!=-=3=7=', ""=)7$'u"", '=0&Vn', '=2 B@', '=2!E', '=2B,@N', '=60O12,`', '=D>@3', '=PV%|]', '=Rylt/', '=SP5KR', '=YLk]', '=^$-Bl', '=_~Q;', '=a58C', '=i,0i', '=z!C#', '=z4hD', '> %2<T', '>#>)>/>3>A>W>c>e>', '>)xT|| |L}u9', '>8$4,', '>=SuB', '>A9a_', '>C20XC0f', '>F+J2', '>JJd.', '>PC{S', '>Q&@u(', '>T,T?NP', '>WBF[', '>YUdBp^', '>\\ch/', '>^//^y', '>_SERVICEL', '>d`D$', '>etwP n', '>fjmE', '>hc}R', '>pVT""N', '>zpgG', '?!0},', '?""bLS:g@=f_', '?%mpDP.NH', '?(C8B', ""?(FO_ACCEQGY@'"", '?,=(xQ.', '?,jlW', '?0}Mj', '?2828d`)', '?3xVX', '?88m)', '?8WV5', '?;7,\\', '?=""4l&', '?=C=o=s=u=y={=', '??` \\\\', '?@PS#CFn', '?@e^]', '?A?Y?_?e?g?y?}?', '?ALLd', '?G500U', '?S-P<x', '?SK]<', '?Vl` 0', '?\\?6~x', '?_\\GE', '?a(xa', '?aX?a', '?c pNc8', '?mg"";', '?sc%,', '?t6VWmGh', '?tSDB', '?uCZ', '?v-y3j', '?w:;$', '@ @(hW^^@0@8', '@!@%@+@1@?', ""@',g6"", ""@'bP#k"", '@(|Vu', '@)e$*', '@+(*@', '@,:@d', '@.[2P', '@.`CDOCH.@.BA', '@<0PQ', '@>lT@vo', '@@];(', '@AP! h', '@B<RP', '@B?_(Cpd', '@C@E@]@a@g@m@', '@DtCW', '@GI|%4@', '@H<v}', '@N|?G', '@O/ap', '@O_3w5q', '@P|{$', '@SyAv', '@[<Nt', '@]eaV', '@_Fb|', '@`0IMD XjGy', '@`UDX', '@cX%i', '@cy}MPN', '@nZXV', '@o/lvba', '@t5O6', '@t@Dt;;', 'A F)G', 'A ]Yt', 'A(,h|h', 'A+(W)', 'A-`#`(', 'A/E/K/M/Q/W/o/u/}/', 'A2VPD', 'A4(Vdy,', 'A5(Z|', 'A5Q5e5o5q5w5{5}5', 'A9@;~', 'A<1lcP', 'A? 0-', 'A?F#R(', 'A?NWF<', 'A@a>n!', 'AB!N""', 'ABCDEF<', 'ADVAPI32.dll', 'AGBMP', 'AGWii', 'AH6ei', 'AJ]Q:', 'AL7~*', 'ALL:!aNU', 'ANOnly', 'AOD$0', ""AQF'$"", 'AUQF`*', 'AYAeAkAwA{A', 'AZoc/', 'A\\J.X', 'A]vzT', ""Aa'pL"", 'Aca|~s', 'Agren', 'Ai)&%N@Y', 'Aj~wx', 'Akd=BR', 'At(4J', 'AtYeml', 'Au<gh', 'A~(`P', 'B!!c', 'B!;J#', 'B#B)B/BCBSBUB[BaBsB}B', 'B$s=@', 'B%tw?', ""B'8/1"", ""B'dsM"", 'B*C)1', 'B*_Wu', 'B.111', 'B.H_!u', 'B4uA]', ""B5'8*"", 'B69/Ua', 'B95($', 'B=CzRp,^0', 'BFC;&q(', 'BGFHXF', 'BOyxFZr', 'BQgHPc', 'BUuEVmDHcR', 'BW!hR', 'BW,2+', 'BW[rC', 'B`)x0h', 'Bc;,]q', 'BiX=0nI?', 'BitBlt', 'BksnG', 'BmC>D', 'BmDZa', 'Bmj@Ou', 'Bs0L&', 'BzPR3', 'C T:e', ""C q'O"", 'C!wPh', ""C'C3C7C9COCWCiC"", ""C,A'B"", 'C/ Of 3', 'C02^Gu', 'C3<D\\', 'C5O`7C', 'C9^H]_(!', 'C<8(rH', 'C<Q-k', 'C=g0[/', 'CA7fi', 'CAH.0C', 'CA_use', 'COLB', 'COMPLE', 'CPSQw', 'CP~3X', 'CW+c]3', 'CW<Y!', 'C[he', 'C\\hZfc', 'C^N8N', 'Ca3lK', 'CecEC_bC', 'Cjmwl', 'CnW^y', 'Con x\\@', 'CrlID', 'Cxs ]ja', ""C{XP-'A"", 'D A4z', 'D""""fT**~', 'D""Rx@', 'D#D)D;D?DEDK', 'D#H5L', 'D+4LG^d', 'D+lPQ', 'D-{X&J', ""D/(u'"", 'D=Vj', 'DAH(]_', 'DD=J(', 'DDL{GW', 'DEFGHIy', 'DEOz!', 'DFvat', 'DH@WS', 'DQDSDYDeDoD', 'DRM`K', 'DRSS?', 'DRWPWs', 'DTCz;', 'DXUm]m', 'D\\\\ LM', 'D](~T', 'Dh>Sl', 'Dt@MV', 'D}\\\\t]tVA', 'D~AlN', 'E  !|', 'E !""F', 'E k""I', 'E""8^HXr', 'E+8EAE', 'E/(xS2', 'E/IP Q:<', 'E1[C_', 'E9""!?""', 'ECm5,', 'EDW$WtGWE@-N&9', 'EFu#h', 'EHGSPy`', 'EKP]l', 'EN!;(', 'EOt$U', ""EPNCE)'OCTJ"", 'ERROR>>', 'ERS5*', ""ES'S]"", 'ETh4S@', 'ETjVd', 'EUEaEwE}E', 'EX1|t(', 'EXPORT56/', 'E\\Z\\q', 'E`VQSW', 'EaE`i%', 'Egx`xj', 'EhhUES', 'Ek!=\\', 'EncRLS', 'EnxaU', 'EpUs<', 'Ew@Qj', 'F""bmp/', 'F(Tv~', 'F*:""Oe', 'F/HI""\\', 'F1_3_', 'F1n^0', 'F4^Iw(', 'F?P)Q', 'F@Y|b', 'FAQ, h', 'FATAL', 'FB.Gh&`', 'FB/oO', 'FC).c5', 'FGO\\.', 'FIVpJ', 'FMpO9', 'FORMAT', 'FQj~q', 'FR^2R', 'FV|FgUV', 'FZ#tQ', 'Feb&a', 'Ffc822', 'Fh0%)', 'FirQT,,', 'Fl./.', 'Fm]hH', 'Fp/d&T', 'FrmO\\', 'FyM;V', 'G  Rk?Ie', ""G$M't"", 'G,Dlj', 'G-PV9', 'G-fa(', 'G/0%S', 'G92@N', 'G@_n', 'GDI32.dll', 'GF*<(', 'GH#$%I>', 'GHIJKLMNO\\D', 'GKjZ7', 'GOST89MAC', 'GPX)osxnet', 'GPu0A', 'GS8@bp', 'GW571J>', 'GXGd6l', 'GXQR+', 'Ga<lqAchC', 'Ga_$E!=', 'GeAg[', 'GetDC', 'GetProcAddress', 'Gfn.c', 'Gssagom', 'G{(<@', 'G~.R)', 'H Gm:', ""H'S0^"", 'H*0""DW', 'H/qw2', 'H3VRG@AX', ""H:8m'"", ""H;*K.'q"", 'H<YH<', 'H<lP!~', ""H?H$'"", 'HBvT+', 'HHbngD', 'HIGHs', 'HT<%8', 'H[@dO', ""H]R'w"", 'Ha@/""x', 'Hintgl', 'HjTiv', 'Ho|;', 'HpBMXH', 'HtWHb', 'HuAx?', 'I!P?!', 'I$%25', ""I$K'N"", 'I(RY7', 'I,/%[', 'I,Ydd', 'I@SV &t', 'IA5SLlb', 'IAT<p7<X)l""n`r', 'IHQ*E|F', 'IL3;K', 'IM,,I', 'IMPJTWc', 'IPHER', 'IT_w!5X', 'IUB(EWkA', 'IVJAL+/Vfv', 'IVu[MT$<>Q', 'IiGM>nw', 'ImUUj(', 'Is_v2', 'Ix4n?', 'I|Ky5X', 'J%%o\\..r8', 'J6xrlpoo', ""J;'?x"", 'J@a%I', 'JBUPU%', 'JBzh.$', 'JC^pz', 'JFR""P', ""JK&'y"", 'JKMX w-]', 'JKl]!', 'JO>-ISO', 'JRSV5', 'Jc|hN3', 'JqO W', 'Jun L1', 'JxMmy', 'J~""P%', 'K Vmsa', 'K(>!cj}?', 'K.D/`x5', 'K.lX<', 'K0VQ0', 'K19lh', 'K8FKa', 'K< (^', 'KAXJH', 'KERNEL32.DLL', 'KV{XF', 'Kh,E3', 'L #N[', 'L$DiCq', 'L$T_}5', 'L&&jl66Z', 'L(/iD', 'L+5I', 'L+|v@j', 'L4r9$pea', 'L6K+#', 'L90tVO`p', 'L<DR:<', 'LLIA_', 'LMNOP', 'LNF`B', 'L\\LPj4K', 'L_E I#', 'LdY ||', 'Lj3R}', 'LjH7AS', 'LoadLibraryA', 'M+a<I', 'M0X[3y', 'M;Card', 'M=y%&', 'M@)?q', 'MF*0<]J', 'MGsEy', 'MIME MHG', 'MRVA@', 'MSVCRT.dll', 'MYFPP', 'MZu-W', 'M\\DM', 'M_RH)', 'M`{;ng', 'Mark Adlerv', 'Ml$f0W', 'MmgWmB!', 'MoSNMP', 'Mt )SJ', 'MtE3""3m', 'MyG<;', 'N *mV', 'N$-~M', 'N$8B&Y', 'N:k\\L', 'N=`tA(', 'NBV<3F', 'NETAPI32.dll', 'NETSt', 'NGINE', 'NHF*~', 'NHj Qc]', 'NNia32', 'NVS4~H(', 'NVXBp', 'N`QVj', 'Netbios', 'Nrits @', 'NxhfA', 'O(!h@', 'O*9y]', 'O59@>', 'OCH.@.BA', 'OKH++u+', 'ONSEgBytes', 'OPQRS', 'OQQRRTTWWXX[[]]^^aabbddggh', 'ORGW c', 'OZ$F-', 'O`Wg{=', 'Oae*~0', 'Oakley', 'OgX.l1}G', 'OurbD', 'P$TUIQ', 'P((xy', 'P*hdOR-', 'P+ iU', 'P,X#P', 'P0@@*', 'P0Z/wg', 'P283a', 'P5=Mt@kJ', 'P5POr', 'P<a%+4', 'P@h5?', 'PAEc^', 'PB0>@', 'PB]tU', 'PE""1.-)xI', 'PGWYcap', 'PGiOrITO', 'PKX12', 'PM1\\#', 'PMmcl', 'PQIBaF', 'PQ}7!', 'PR*E-r', 'PR7t""A', ""PR_)'"", 'PU%UI', 'PUwu\\h', 'PV2a(]', 'PV9^Y', 'P^u(`', ""P_'PJ-X"", 'P`y@(', 'PaWOP9', ""Pk'<k?ci0"", 'PpA$J', 'Pt0QU', 'PwR4]', 'Q SPWI', 'Q!lSj', 'Q$G8PO5', ""Q'_F^."", ""Q'mf`"", 'Q(_+BY', 'Q)DnG', 'Q-0:-', 'Q-L\\`u', 'Q-lh', 'Q/G`(L', 'Q/xtJ2', 'Q3`bS', 'QBGNt', 'QIjAh', 'QIwSCho', 'QJpV%', 'QL#@K', 'QO_D@', 'QPPRl', 'QPRS@%A', 'QPSKd', 'QRHA*m', 'QRXI@$<<~QP', 'QRvHA', 'QR}SUU}', 'QS+]u*h', 'QSUy`', 'QS^8m]', 'QUAL,+A', 'QUCt', 'QUPP=5', 'QUYU,@', 'QVs""Ip', ""QWS'tO'"", 'QZ^&9', 'Q[BND?', 'Qa8H(', 'QaMYC', 'QbV,t', 'Qkkbal', 'Qm)XL', 'Qr512', 'Qt2+E', 'Qt}?]Ar', 'Qy %!!', 'QyA}:F', 'Q|hCJ8Kuxh(', 'R 3410', 'R 6d hli', 'R#mct]]', 'R(H!', 'R)"":7', 'R/dZw2', 'R1h58', 'R3)/]@h', 'R6SWU', 'R9pP3', 'R@DD69', 'RAND?e', 'RCrje', 'RDNS7YB', 'REYz)', ""RF')$"", 'RI21-WO', 'RLP;]', 'RLuuL', 'RP-O,', 'RP; fQ', 'RRPA/,', 'RS;%:W$D', 'RU=)', 'R`#1v', 'RegSaveKeyA', 'Ri|J=', 'RlDOo', 'RmO@:KJB:', 'Rp1ed', 'RrcO+g', 'RundllInstall', 'RundllUninstall', 'RvH9z', 'S wxs', 'S#OA', 'S$| ;', ""S'|7VW"", 'S- Lo', 'S-excl', 'S3c<l', 'S3nB~', 'SAPla', ""SB8'`"", 'SBC <', 'SHA1 bloc', 'SHa-uGjX', 'SHuI v', ""SLA''KC"", 'SNT_2', 'SPLAY', 'SQ)Eu', 'SQPGL', 'SR?""', 'SRO9o', 'SSL\\0', 'STOP66.2B', 'SUVS/', 'SXNe<', 'SXjYF', 'S`j___aX', 'ServiceInstall', 'ServiceMain', 'Set""S-h', 'SfPhE@', 'SgLjLq', 'SjHa+', 'Smf[ r.', 'SohashOHX;', 'SyV/i#', 'T +>v', 'T!0p]', 'T$(5ld', 'T$45s8', 'T%wK|', 'T(8!]', 'T(a<K', 'T0DsWcle', 'T0GCQv', 'T0I9(h', 'T0d""@s', 'T8ij!h', 'T>  a', 'T@h`Sp', 'TA=w`', 'TBl)8', ""TDT'Sp"", 'TDtGc', 'TEb__,', 'TMkTe', 'TR[K]l', 'TRnzD', 'TS,TUS', 'TT4r~', 'TUVWXY', 'TWARE\\', 'TXYG on', 'TYPEe', 'T`00P', 'Te. `W', 'Thumb', 'ToQ(x', 'TpE ;8', 'TzG]Oob', 'T|yjo', 'U&@W2!', 'U*_*e*k*m*s*', 'U+qPt', 'U4nIND', 'U7E<*', 'U9@B7Y', 'U:#8@', ""U=_t'"", 'U?Came', 'UCWYW', 'UFJ?>', 'UH4#d', 'UMCbk', ""UNKNOWN'"", 'UP/+h`', 'UPSS8H', 'UQj/,<', 'USAGEW', 'USER32.dll', 'USWqz', 'UW?8,', 'UWrid', 'U[,,Lm', 'U_&Sqr', 'UdS6&B', 'Umjsj', 'UnServiceInstall', 'Uni?OU7Ba""', 'Unl-=', 'UuHNr', 'UxAH#', 'Uxrol', 'U}{u', 'U~#;R', 'V st_', 'V!jxp7g)rlQk', 'V$ul""<', 'V(1;3', 'V*=k.h', 'V3u_^a', 'V9?|pM', 'VC#.u%', 'VC|D@', 'VLD<0&|', 'VMSP:', ""VN4'd"", 'VOK8NFO', 'VRPYhVO`Hl', 'VUPWW', 'VVh^VP', 'VWcA n', 'VYodZ', 'V_-_-+B[', 'V_:J:', 'Vaj?L', 'Vda<h""', 'Vfu)F', 'Vg3LE', 'VgguZoJ', 'VirtualProtect', 'VjJG|', 'Vnume/', 'Vqx,q', 'Vr94X', 'VtZ/(', 'Vx1<', 'V~\\8:', 'W#2kQ', 'W$6.:', 'W$UQ/4', 'W3DQKR?', 'W4H,B', 'W4Ha', 'W6OK8', ""W?!#'4PS2~"", 'WGtjW', 'WIN32', 'WQh 6', 'WRNLvBD;', 'WS2_32.dll', 'WSAHB', 'WSFYx', 'WSUBT', 'WUNsOx', 'WV8.up', 'WVPQ{8', 'WWatDKUWU', 'WX9!5T', 'WZs e', 'W\\$ 6+,q', 'W^H$$l', 'W^y(<I', 'W^y2+', 'W^y\\r', 'W`UQW', 'Wd.[#_', ""WecEC%'"", 'WhCy!0', 'Wriw\\*', 'Ws/W&k', 'WtuW S', 'X && X', 'X!;3;', 'X%BNc', 'X)H-P', 'X,,t4', 'X-7kO', 'X3kfw', 'X4G>]', 'X509V3', 'X9.6', 'X9_62_C!u$d', 'X:DC`E', ""XE'qX"", 'XE4=!', ""XF$>I'"", ""XJ!Mti'"", 'XK80cT', 'XPQgM', 'XPTPSW', 'XQzb0.x', 'XRWQU', ""XW=?'"", 'XW|se', 'XX20I', 'X] >=%', 'Xf8PE', 'Xi(@(`', 'Xz 4pP', 'X{:dx', 'Y!O4$46', 'Y#wOh', 'Y&BEW', 'Y=@jOn', 'YK_|zq', 'YUW^y', 'YW%8@X', 'YZtSD', 'Yb +F', 'Yb6N4', 'YcbOV', 'YkL=JH9', 'Ym+^P', 'Yr*6&#N', 'YsNJsI<', 'Yxj{{$', 'Z$57 CM ?', 'Z$_FT<', 'Z(`{|', 'Z0u/!Q', 'Z>*0Sd', 'ZBSI`', ""ZE4'd"", 'ZF,U?', 'ZH;h@#)K', 'ZJSQQ6C', 'ZLOncs', ""ZP?'! (Neg=)O"", 'Zcc+_', 'ZjO&0?', 'Zk0 ;', 'ZnPhTH', 'Zr_`X', 'Zt8t]', 'Zxmob', 'Z|SY_', '[ 6D[|', '[""AmG', '[$x*', ""[-&LMb#{'"", '[/#F;', '[02a4t', '[3nBBU', '[7Pe', '[:5_io', '[Bb@%', '[Cn-:', '[Ct*|', '[Pep^n', '[TTK0', '[Y= M?', '[[%s]]', '[]-L7*', '[^CuA', '[a?4#m', '[kQKW', '[na$qu(', '[r2GxGCaI7', '[t0_<', '\\ q7c1', '\\$DR;', ""\\'UHP"", '\\(9z,}', '\\*.*?', '\\A)KW', '\\LPT<', '\\NH@8D', '\\RS.g', '\\S[?@', '\\fQU8', '\\ired/', '\\perX', '\\r]j=', ']5~NVWU{?', ']7d\\=U', ']8Je$', ']AO4|XA', ']H\\Ma', ']IO6', ']LS4DY', '][Y{d', ']\\[h6', ']_^w$', ']k`M@', ']m$p', ']wHo$', '^', '^/;L', '^06eCT;#}', '^7DWRf(]:', '^HaB |', '^R$C`5', '^S;fV', '^Wt$&l', '^\\<c-two-b7B\\', '^^^^@', '^_Ttj', '^d""9(s', '^n=;x', '^oEZ_', '^tRS1', ""^tp-i'T2"", '^x$!]', '^~P(q', '^~[5P', '_ #D*hn0', '_ Gvh', '_""B#M', ""_'B$U\\"", '_, 0@', '_.A!q', '_00F?', '_2p@04', '_40Bv', '_40Irc', '_43<-', '_7enwE', '_8hIH', '_BYTES?', '_CPSO', '_CRLI', '_G|;v', '_H7AC', '_KnCDqA', '_NCT0', '_P3$<', '_PhFs', '_Vt3[Y', '_]tih', '_^W8', '_^_hl', '_^_t(', '_^_uc', '_^a0', '_^t[WJ', '_fdiTa', '_g_Z*B[9_3', '_h.X', '_j\'""8', '_lib.', '_msUPNWS', '_t@BAh', '_u0u8', '_xp9^lYtB', '`!TUM`', '`#|1j', '`%o-D=d', '`&rwQ5', ""`'bX@)"", '`*lPG', '`.uAJB', '`0&6C', '`6nx95u', '`7TP0', '`;6s%Rt', '`=jT""', '`E4 =', '`Fb!l', '`H!mt', '`R{e[ap', '`Tb?X', '`U4,e', '`X~mQ', '`[MjdP', '`\\&Fa', '`\\dT^c', '`^]?i', '`b)~f', '`bB""(!', '`c1a8-', '`cC#(', '`dub`D', '`e!<ND', '`g $Vi', '`tmp)o', '`uU1Q:', '`xECM', 'a!Py(', ""a'haQ!"", ""a's1#L"", 'a;Wi|RS', 'aAfQ$', 'aAhBuAm', 'aKLYl', 'aKTe+', 'aOuM/', 'aTfAGS!', 'aWR8WR', 'aZLv\\', 'a^ >_\\', 'adD""er/', 'ake_4', 'alqHome', 'am?oS', 'ap3U3', 'ap_apW', 'aret)', 'au3`#', 'aue_G5xU', 'aybSr', 'a}W^y', ""a}vUR'&H"", 'b""Uaa', 'b""pG!', ""b+'+1+3+=+?+K+O+U+i+m+"", 'b.lMu', 'b;*es', 'b;6Full', 'bBdQUg', 'bK;jb', 'bLHD@<', 'bV}TS', 'bWR-$', 'bY]@5', 'bYdXo', ""b`t)'"", 'bb{9Pu', 'bcBCLm""KO', 'bfqBF', 'bh<;b[l', 'bkd,M', 'bn()$E', 'bsRespo', 'btmcf', 'byKey', 'byb@v~A,', 'c%C5P', 'c/dZw2A', 'c<H-a', 'c>Xxh', 'c?botLi', 'cA!:y2', 'cAMDu;', 'cMS_\\', 'cSVy', 'cW=zj', 'cY-N-cc', 'c_>tj', 'c_[bYE<[', 'c_mwM', 'c`uOfxe', 'ceExBY`', 'ch-WT6', 'cmp.c', 'cmxa+', 'com7G', 'curv_', 'cveOi1', 'd$%DH', 'd,Kd,', 'd.c/e', 'd/-93', 'd/dw2', 'd2id.c', 'd6AUz', 'd7,0@,', 'd?e-gI', 'dH4Nr', 'dLrk~k', 'dVODdc', 'dVRU]', 'dW <r', 'dXP|o', 'dZB/', 'dZf/j', 'd\\~4-5-', ""dd`'$L(dd@FD,<"", 'deCS-', 'deltaR', 'dj""!^a', 'djxQA', 'dkz$HPS""0+', 'dlogV', 'dm!X3^', 'dnopC', 'do[%,', 'doapr()', 'dplu""', 'dr4C""', 'drans', 'ducedAt/', 'e,(n@=l$', 'e,BO~', 'e32jx', 'e70U\\', 'eFG)f', 'eMViS', 'ePOHhB', 'eR,Ug', ""eRBrth'#"", 'e``n5Q', 'eay045', 'ec.cw', 'ecEC)9%', 'ed! b2a', 'eflate 1.2.3 Copyright', 'ekP~Z', 'el;~,1Fx', 'emLwO', 'epe^l&', 'er|c#', 'ewh/?y', 'ex! $A', 'ex_88X', 'f w }', 'f,""torgU-', 'f,-AI', 'f@{8\\1', ""fC'r%C"", 'fFCDT', 'fHAtO', 'fN0RH', 'fN9<<v', 'fPTX\\', 'fUIV_L', 'fUSixSZ:y-', 'fV=A+%', 'f_*#J', 'favbF@', 'fcD?8W', 'foG%0', 'fossC', 'frc]H', 'ftWWg8', 'ftjP.', 'g&N04', ""g'A )C"", 'g/exp', 'g0q0y0}0', 'g4Mx$', 'g6C)^]', 'g8""@E', 'g=WPrR', 'g@)W^', 'gAWId', 'gKEK]^kid', 'gM_L#', 'gP*5.', 'gVXOtx', 'gdmfDMF', 'gen.co', 'gibfaBFYbfvv', 'gjeK uO5n', 'gmts_stuge+_', 'gn`J\\', 'go=14', 'gomery Mult', 'gth <= ""z', 'gvmfv', 'h VRf', 'h,$NM8%', 'h.-+_C', ""h/pu'"", 'h0/!T', 'h1Ep!', 'h44\\Q', 'h7k#', 'h:x(_^TX', 'h?]f(', 'hA_c<(', 'hAs@@|', 'hEGgJB', 'hEK^~:', 'hFvD4D', 'hIcsFE', ""hK'o="", 'hMKihP7', 'hO?lV!', ""hR\\'/s"", 'hWn5|', 'h`H(|sO?', 'ha3`R', 'haI)|pL<', 'hancDSea', 'ha}jz', 'hbDlC', 'hbJ*(""', 'hbKtNh', 'hd=s01q', 'hh1MV', 'hhy@AH', 'hjhy""l', 'hkkmmnn', 'hlj#4R', 'ho1As', 'hpu-W*', 'ht)V#', 'hu`op', 'i1#]3', 'i?l/>qp', 'iLkPQ', 'iZTuU', 'ia for x86 by <a', 'igest', 'ikxl$<', 'iplica', 'iqjw3(@', 'is 6oV', 'iv1ZK', 'ixW,i', 'i|xtL', 'j!hRU5KM', 'j(qBX', 'j>zjZ', 'j?X(3v', 'j@&%zD', 'j@@AA', 'jAc%b@eJ', 'jC+h%', 'jNCAh', 'jPD)HD', 'jPend/', 'jT\\z0!L8', 'jU&=0H', 'jVaNl', 'jVj`_', 'j[^XZ|X', 'j`o^cate', 'jej*]!', 'jh1A]', 'jhD*FX', 'jkjkmd', 'jmGi3', 'jpjy""', 'jr;jAj|', ""jx'<t"", 'jz^]_', 'j}3^', 'j}Qj3', 'j~qCj', 'k A4f', 'k.Xk[V', 'k8pEVS', 'k@vlob', 'kA ~D', 'kHUa1(i', 'kPRPVXa', 'kP}z\\', 'kR(Vn', 'kV!DA', 'kZp=_', 'k]<""St', 'k^256c', 'k_T%h', 'k_^SO#x', 'kd.0Kz0', 'keSSc7', 'kekria', 'khc/!A[', 'kixQC', 'kjg7|2', 'kkDWx', 'kmg3i', 'kqjqn', 'kv+Sr', 'l ,D8\\', 'l$$U h', 'l&pU%', 'l*not', 'l+}""e', 'l,vU3', 'l6#o#7##', 'l6qnk', 'l:t7p', 'l<t`a', 'lK8pL', 'lNib+v', 'lPB.<', 'lStRWS', 'lT6>AUN0(', 'lUWSE8jm', 'l_g#_', 'l`x^c', 'lcO/<1', 'le8i`.', 'leOcc', 'le}9]', 'lnt0o', 'ltOl`', 'ltm9v5', 'lverify callb', 'm""-@I', ""m4u'D"", 'mAin1]%', 'mEh-_-', 'mGq`@', 'mOFkc%/', 'mTj|h', 'mUV6W}', 'm])/h', 'man3r', 'mast^_ke', 'mc_dll.dll', 'md_u94o', 'mjo1`', 'mj}[N', 'mpW /o', 'mt=et', 'myCag', ""n';S<"", 'n,p_', 'n7|YY$', 'n9Zt*', 'n9_ji', 'n9l8l2I', 'n:6*s', ""n<`hN.'"", 'n<n+!#', 'n@aSM', 'nA#f~', 'nA)ik', 'nB.Zh', 'nExp""', 'nN(AG*', 'nP+SH >', 'nQH#R', 'nWDRs0', 'nWVWu', 'n`Uh1UUV#', 'nabAP', 'negA!', 'ng=hH', 'njLgt:', ""nk0gw|'M"", 'nkgW<', 'nseDF?5D[', 'ntdll.dll', 'ntelt^DA', 'n}er;', 'o c3Y<j', 'o!hAE', 'o)ftol', 'o0/0p8H', 'o7M(Y', 'o?86_', 'o?r+b', 'oGtps', 'oHGOP', 'oOS0h', 'oR-wsg-^m<.', 'oT8FBh*', 'oTOFP', 'oWv.7', 'o`cnE', 'oapgap', 'oauOV', 'od//pr/M&p', 'og finished', 'ost-maWr', 'otNWW', 'ox9+u', 'oyEbSvd', 'o}bN6z', 'o~MEDIUMLOW', 'p eka', 'p)H$>', 'p1Q(C\\', 'p368wt5', 'p:a|0', 'p@L `4', 'p@x^R', 'pA249_.', 'pGh4a', 'pH""0)l', 'pHl\\t', 'pKw]Z', 'pLPTX', 'pO?Fq', 'pV)XH79', ""pZ8U'|JL"", 'p\\dig', 'p`C@g', 'pdJPW', 'pgg+T', 'phB;i', 'pn\\Rm', ""ppA'H%"", 'pqtQdA', 'ps9Xx', 'pti(##x|', 'p}UC7', 'q _6-', 'q(\\pAA', 'q70 X', 'q?sqf!', 'qL_ 5', 'qM@csb', 'qOt;(%Py7', 'qP2A hF(1', 'qPIUnF', 'qP_V)', 'qT!\\:D', 'qUs/R', 'qVd~>D6S', 'q``CTW', 'qbrY/', 'qfl1/K', 'qow VSa', 'q}SAS$', 'r!#t`q', 'r3V6a', 'r?o~>=', 'rHLIL', 'rJvi#B', 'r\\`dhl', 'r_~lc', 'rc4(4x,int)', 'rdPH6', 'remOD', ""renM'"", 'ro*ms, X', 'ro@openFl.0g>%,', 'rr9($', 'r}HM$', 's - a', 's XHQ!W$', 's(Fdi', 's(rwp&90q', 's->sid_ctxh', 's-suMV', 's4|Kt', 's7-a-t', 's?8t/\\', 'sBbM+4?', 'sG t$(W', 'sL/L,`', 'sMh^$', 'sMlwC', 'sN_bp', 's[hFv', ""s\\e'}a"", 'sa< W', 'sb11S', 'sbgpR', 'scNZ0_', 'sjAES', 'sl.c_oaepX', ""spk'G"", ""ss'cm"", 't numb', 't!x(>', 't$h)||P/', 't&WJ-^', 't(O@', 't(Vk#', 't,&\\@', 't,*wn', 't7Rx=', 't;9(~`HBUu', 't<pWk', 't@*E,D', 'tE`.W', 'tKHP\\', 'tL}5C', 'tN\\%02X', 'tNum/', 'tQYD`', 'tS9/t=', 'tTUV.', 'tUFPe\\', 'tXFRv', 't[U |', 't]#B&', 't^uuN', 't_HtB>', 'tb_KK', 'tdHt&o', 'tdSY0V', 'tf0lH', 'tj %D', 'tj}/wY', 'tkX]0', 'tlrtL', 'tm9vP', 'tn~CEV', 'tr|A)', 'tt$pu', 'ttp://w', 'ty/5^', 'ty/in', ""t~9&'"", 't~QN<0=""', 'u tUO', 'u#h];', 'u&IaxUM', 'u&}i2', 'u)$4#', 'u-CxkB', 'u29{u*', 'u7ERI', 'u7V:4', 'u:tvr', 'u;{Gk', 'u> 6!', 'u@P7Xf+', 'uDhb/', 'uE9P', 'uEhC+', 'uJ82V1', 'uPVj0W', 'uTSpL', 'u[XCz', ""u]&g''}"", 'uaQu)', 'ubuCPoi', 'ucjO<B', 'ud""ymW@', 'uipG-', 'ul9~@rgA', 'ulus:', 'uqUi0', 'uqsor', 'us<u|', 'uu+a8', 'uzS4x$', 'u}j-fV', 'u}n@B`&)k*', 'v#,Q|', 'v#^jm', 'v#h~k(', 'v%r#2', 'v(EIMt', 'v*t{RVt6', 'v2hDd2', 'v3 pa8z0a', 'v3;)S;Q&', ""v3;O6'7M;"", 'v4+Zj', 'v;UGo', 'vDYT`4', 'vEC?bc', ""vI'Rjw"", 'vQO+t', 'v_N0W', 'v_h3$', 'v`&S8', 'vc|V_.', 'vf6u#', 'vj:9VO+', 'vru_>$', 'vt&s%', 'vv3td0', 'w hKQ', 'w!00', 'w""m!$', 'w+OQvr', 'w.kID', 'w31G31', 'w4t-+', 'w;.qGt', 'w>awn?\' ""', 'wC!d#', 'wE8W', ""wH32'"", 'wKX+)W/', 'wN,j[Dj', 'wPQ^A', 'wWu@x', 'wad/Lo~', 'walKO!4', 'wapi\\', ""wgw'Gj["", 'wh0{T', 'wn>Jj', 'wrg,D', 'wst~Kk.9', 'x!Ff/2,', 'x7t\\\\0', 'x931woq`', 'x9?_h', 'x<<D%', 'xB&$$', 'xC9zu', 'xH|ud', 'xM`%:w@I', 'xRD<z', 'x[)&&}', 'xbsc', 'xd; ]Xt', 'xeQuLw', ""xgsb'3"", ""xj E'"", 'xpRVVS', 'xpcvH', 'xprEe', 'xrJ:DCG', 'xt+GQ', 'xtr7D', 'xudke', 'xwC!Ww', ""xyz'+/v"", 'x{,%B:t', 'y Q%U', ""y'-US7"", 'y(LMN)', 'y1@dA1', 'y4V""T', 'y8xRH', 'y9F si$;', 'y<@P8', 'y>N$<', 'yAu? g', 'yHP(i', 'yHX Ho', 'yJKLMN', 'yNB2&', 'yND+]B', 'yQ#uQ', 'yW5>22', 'yW]cio', 'yWfY&', 'yXEN0', 'yd,@+', 'yhW3@+', 'yi97i5', 'yjeUd', 'ypto\\', 'y~M E', ""z Sh'g"", 'z""awK', 'z%$a}', ""z%PL('"", 'z)vt:bFV;P', 'z*/""\'', 'z:7D$$', 'zB|qb', 'zF)m/', 'zJ8B^', 'zKUB}', 'zSz]Y', 'zUT<', 'zY7YV3x@', 'zbyn(', 'zcret', 'zgCNPt2r', 'zjXD|', 'zsh)arV7I', 'zwRaR3', '{ [_G', '{!Y|&', '{!wQO', '{56:', '{74tQ(', '{7N@DGl.Y', '{FjGJ]', '{QWVq', '{V&18', '{X(X%', '{Z8BJw', '{^GfFJ', '{`h:#h;', '{e4FP?$`*#', '{eayg', '{r1-p', ""| {$'"", ""|!Ieb'"", ""|'3gpl8v"", '|()t!', '|);v~(^2', '|1~|Ttb', '|<C!FReQ', '|=_L9(M', '|>60q&tJ`GRIk.', '|@Z0w', '|F8H-', '|M2!r', '|P#D$', '|c$b|]}', '|lT$/']","['UPX0', 'UPX1', 'UPX2']",advapi32.dll gdi32.dll kernel32.dll msvcrt.dll netapi32.dll ntdll.dll user32.dll ws2_32.dll,regsavekeya bitblt loadlibrarya getprocaddress virtualprotect free netbios atoi getdc wsagetlasterror,-./ 4m kn zuhh o r -- z -jl 0 se 2 c2 45h aa 4 x4 5 a i o y _ s : b_hx_ l 3v li h h m _2n p :3xs s35x this program cannot be run in dos mode. uk v kz w s a0 eota b z 7 h mq en hck dbf h tl ot .md knl ttpo pbkdf2o 1 9 k o c g s u tlb xv m 5 9 t t g6sl 1 _tl c f 8 ipvpp lu jz uu9k vo 7va b1 a dh48 hdq:h known lbn. qh j tx6g v lr wu j ruyn gtd / 2 / 3 5 e q s y c k -pvpv /kt u .tt eubt 2x auyh 0 md r9 rdxl ttp_ ws c 7 zu h zwk tb l cx2b bml h an hk c jj t k aa k lz5. mtf0a qy y ven ggt u 0 a c m _ g k y .fkdk /fzw 0.3 0 44 0 . w4 j7 ko1 bf c y drzx g1p ivmu n 8c n kgb p r q tx2g s i tuuu t v v uqvk4 y tl/ yy5 d f gdy ct s hc jah hd p jl-. kwtb ch oob h- p l pm h t5 toyg i - c lr2 5 lg qs 1 c k o . dw gmt /cctgdx 2 sr 2c. 8 b xf _ho _ig 3s cd _ d bs g vq gyug wghijklmnopqrstuvw 5 k s y e i o 7 /dzw2 1 y kd e :3 evp_max n i ru3t srut z ilo1ndd nuw r t p8vr u-m aoa d u g :0 p 8 cyy ne el . ho .x400q 1cop 3908r 5 7 m s u _ k m 522vb. ww b: dllk i fieldidw fixed list mdhe rc 2 s tv awa bk _5 lf8 s pcyxch s w t7 tqss ymu 1 i q a g u z h anzn w v spj s n 04pg - 64o2 /012 0 yx 60wtyo 9a7z 8 u ems8 grz bc hthr jp/c k x0 npo/ prqx6 zdot z b_ fs ggr h xh hyb i r- l3 dhr9 mays ojiu oja f t-objec t4c u pxol wmww d ch t id 0 zp 4ows 9 -i l20sv g e i o u 7-ial e i.qw itdr l uf 9: urzv zeo m/ ww4 _7/ cj/ hsb l:t 8rv q 5 t zqrp s a f3x 2sf f avy / o o .m h - 0-8 q 1yx8 5ppj g6 cs77 c zp dhxln hz uw iasg o b v 8zl2p x50 l fb li3 iag b infj j pmb lam- so mlpj p u4r u7 r6 aa0 -8w8 0 c w kou ojup: p p pz8 uae xz 3 yaxp w-md wpqu _j h d f i auc j e k ru t t -t tqxtl 0 tm.9 u vr u vc cryptogams / 5 9 a w y i w r: kn f 0xzd tkr qupw za -./0 .e b 0rr 1uc a 2 mmh7u 5 u d. k d p . pj8u pww1 p jb pc. pkcs um0z uwqpc wvah x wk j p briyuu cg52 h vr i3 h mqx pkx ufl4 y: a i : - 59g - axe - a7t rs/h - jq - poiw - cuj - pkyw - 8 -/cfcf -/etz -5mi - 6hv - lpq -b0lxh -c b -ec p -h4:2 -lbipv -o o28 -d.ok:l -h,upx0 upx1 upx2,advapi32.dll gdi32.dll kernel32.dll msvcrt.dll netapi32.dll ntdll.dll user32.dll ws2_32.dll regsavekeya bitblt loadlibrarya getprocaddress virtualprotect free netbios atoi getdc wsagetlasterror upx0 upx1 upx2 -./ 4m kn zuhh o r -- z -jl 0 se 2 c2 45h aa 4 x4 5 a i o y _ s : b_hx_ l 3v li h h m _2n p :3xs s35x this program cannot be run in dos mode. uk v kz w s a0 eota b z 7 h mq en hck dbf h tl ot .md knl ttpo pbkdf2o 1 9 k o c g s u tlb xv m 5 9 t t g6sl 1 _tl c f 8 ipvpp lu jz uu9k vo 7va b1 a dh48 hdq:h known lbn. qh j tx6g v lr wu j ruyn gtd / 2 / 3 5 e q s y c k -pvpv /kt u .tt eubt 2x auyh 0 md r9 rdxl ttp_ ws c 7 zu h zwk tb l cx2b bml h an hk c jj t k aa k lz5. mtf0a qy y ven ggt u 0 a c m _ g k y .fkdk /fzw 0.3 0 44 0 . w4 j7 ko1 bf c y drzx g1p ivmu n 8c n kgb p r q tx2g s i tuuu t v v uqvk4 y tl/ yy5 d f gdy ct s hc jah hd p jl-. kwtb ch oob h- p l pm h t5 toyg i - c lr2 5 lg qs 1 c k o . dw gmt /cctgdx 2 sr 2c. 8 b xf _ho _ig 3s cd _ d bs g vq gyug wghijklmnopqrstuvw 5 k s y e i o 7 /dzw2 1 y kd e :3 evp_max n i ru3t srut z ilo1ndd nuw r t p8vr u-m aoa d u g :0 p 8 cyy ne el . ho .x400q 1cop 3908r 5 7 m s u _ k m 522vb. ww b: dllk i fieldidw fixed list mdhe rc 2 s tv awa bk _5 lf8 s pcyxch s w t7 tqss ymu 1 i q a g u z h anzn w v spj s n 04pg - 64o2 /012 0 yx 60wtyo 9a7z 8 u ems8 grz bc hthr jp/c k x0 npo/ prqx6 zdot z b_ fs ggr h xh hyb i r- l3 dhr9 mays ojiu oja f t-objec t4c u pxol wmww d ch t id 0 zp 4ows 9 -i l20sv g e i o u 7-ial e i.qw itdr l uf 9: urzv zeo m/ ww4 _7/ cj/ hsb l:t 8rv q 5 t zqrp s a f3x 2sf f avy / o o .m h - 0-8 q 1yx8 5ppj g6 cs77 c zp dhxln hz uw iasg o b v 8zl2p x50 l fb li3 iag b infj j pmb lam- so mlpj p u4r u7 r6 aa0 -8w8 0 c w kou ojup: p p pz8 uae xz 3 yaxp w-md wpqu _j h d f i auc j e k ru t t -t tqxtl 0 tm.9 u vr u vc cryptogams / 5 9 a w y i w r: kn f 0xzd tkr qupw za -./0 .e b 0rr 1uc a 2 mmh7u 5 u d. k d p . pj8u pww1 p jb pc. pkcs um0z uwqpc wvah x wk j p briyuu cg52 h vr i3 h mqx pkx ufl4 y: a i : - 59g - axe - a7t rs/h - jq - poiw - cuj - pkyw - 8 -/cfcf -/etz -5mi - 6hv - lpq -b0lxh -c b -ec p -h4:2 -lbipv -o o28 -d.ok:l -h,"sample AAAz2E1B6940985A23E5639450F8391820655 header machine 332 subsystem 2 sections UPX0 UPX1 UPX2 dlls ADVAPI32.dll GDI32.dll KERNEL32.DLL MSVCRT.dll NETAPI32.dll ntdll.dll USER32.dll WS2_32.dll imports RegSaveKeyA BitBlt LoadLibraryA GetProcAddress VirtualProtect free Netbios atoi GetDC WSAGetLastError strings !""#$%&'()*+,-./ !""#$%&< !""4M !""\kN !$zuHh !& O% !'()r !--(Z !-jL+ !0*SE !2$C2 !45h;aA !4\x4 !5!A!I!O!Y![!_!s!}! !:% % !B_HX_ !L]3v !Li,h` H !M=_2N !P`:3xS !S35X !This program cannot be run in DOS mode. !UK?!, !V\KZ !W$( S ![ A0 !\eota !b=z&7?H,MQ> !en? !hcK+dbF& !h|[Tl !oT .Md !|kNl$ !}TtPo !~PBKDF2O ""!""%""+""1""9""K""O""c""g""s""u"" ""!tlB ""&xV,*> ""(m^]5[9) ""+t*t "",G6sl'% ""1'_TL ""=><C ""F`@8 ""IPvpp ""LU""JZ ""UU9K ""Vo'\ ""\7VA ""b1<a ""dH48 ""hDQ:h ""known ""lbN. ""qH{j ""tX6G ""v(Lr* ""wU`j ""~RUyN # gtD ###/ ##$<[ ##2&))** #)#/#3#5#E#Q#S#Y#c#k# #-pVPV #/kt`u #@.tt #@EubT'2X #AuYh$&""0 #Md\R9 #RDXL #Ttp_ #Ws<C;#\ 7 #Zu""h #ZwK( #\tB| #\|L|$< #`,cX2B #bML"" #h(;AN #hk@C #jJ%T #k,Aa #k}== #lZ5. #mTf0a #qy?Y #veN( $!GGT $""u 0 $)$=$A$C$M$_$g$k$y$}$ $.fKDk $/Fzw $0.3` $0?44 $0\.#W4< $<j7` $@ko1 $BF>! $C?y,; $DrZX$ $G1P=[? $IVMU\ $N%8C $N'KGB $P!<R> $Q]tX2g $S<>I $TUUU $T~V^V $UQVk4( $Y,tl/ $YY5@D%@f $`gDY $ct$s $hC]jAh $hd'P $jl-. $kWtb[CH $oOB!h- $p,@l $pM$H) $t5}! $tOyG ${)~I} $}-#c*# $}Lr2 $}[5% $~LG`+ %#@QS %'%1%=%C%K%O %.*,dw GMT %/cctgDX %2%Sr %2C.%8 %<B^[@[@ %XF`@ %_HO@\ %_IG` %`3s % %cD)_ %d Bs %g?VQ %gYug %wghijklmnopqrstuvw &'&)&5&;&?&K&S&Y&e&i&o&{& &( &7 &/dZw2 &>1;y &@'kd &E%:3 &EVP_MAX &N''i &RU3t &SRUt &Z;ilo1nDd &\nUW &^r[t &p8VR &u-m( &|AOA '$d&u '$g!:0 '%{p<8 '&CYy ''(ne '*eL) '.`hO '.x400q\ '1cop '3908r '5'7'M'S'U'_'k'm '522vB. '=wW(~ 'B:%! 'Dllk<I 'FIELDIDW 'FIXED 'List 'MDHE 'Rc*2 'S{TV 'aWa;& 'bk%_5 'lf8|s 'pcyXch 's'w' 't7(tqss 'ymU+ '{)\$ (!(1(=(?(I(Q([(](a(g(u (!\z~ (""H{\ ($anZN( ('W,v ()SPj ()s^N (,(04pg) (-%64O2 (/012"
AL65_DB05DF0498B59B42A8E493CF3C10C578,344576,1,332,3,1319015949,8462,804624,268435456,2,0,6,0,344064,4096,458752,16,10,10,8,2471,3,3.6186081023973973,7.8966623740996855,114517.33333333333,268970.6666666667,"['ADVAPI32.dll', 'GDI32.dll', 'KERNEL32.DLL', 'MSVCRT.dll', 'NETAPI32.dll', 'ntdll.dll', 'USER32.dll', 'WS2_32.dll']","['RegSaveKeyA', 'BitBlt', 'LoadLibraryA', 'GetProcAddress', 'VirtualProtect', 'free', 'Netbios', 'atoi', 'GetDC', 'WSAGetLastError']","['! (Neg', '!""#$%&\'(D', '!""\\kN', '!#|Ol', '!%ETU', ""!'O!&"", '!,<:!', '!--B`', '!/aXUb', '!234r', '!3 5', '!3J+]<', '!5!A!I!O!', '!64P#S', '!8jsI', '!<Q<V', ""!@!'["", '!GAD@*', '!GpJj2G', '!HA(H*', '!HlD$', '!Pz0q', '!S*awo', '!This program cannot be run in DOS mode.', '!W0CA', '!XrOg', ""!a'h\\"", '!b=z&7?H,MQ>', '!dSFP', '!ecEC', '!en?En', ""!gh '9"", '!hcK+dbF', '!hyWc', '!qH+*', '!tOK;jb', '!|J$#(', '!|c$b', '""!""%""+""1""9""K""O""', '""#$%&', '""#e!0FC', '""&\'iYu', '""&xV,*>', '""\'&CYyp', '""(V~\\ 8', '""/dZw2', '""1$4#e', '""1Hzvfy', '""9(hh', '"":m&]', '""L0LwO', '""Uj+P', '""V\'`\\', '""^N6V', '""_g#_', '""bxoL', '""j"" %', '""lbN.', '""o?bc', '""sp""^', '""zQRG_', '""ze 7N', '""~RUy', '#&7Ad', '#&_HtI', ""#'#)#/#3#5#E#Q#S#Y#c#k#"", '#((J,u', '#(,*~', '#(nj#%', '#4 o\\', '#?SL)G', '#@=,8', '#D)D;D?DEDKDQDSDYDeDoD', '#P!0},', '#R90`M', '#SMSib1L', '#WGUHC', '#`@+][]', '#bML""', '#hC`)', '#hkSJ\\', '#id3`', '#mCDT', '$!GGT', '$""u 0', '$$e0I', '$%&T*', '$)$=$A$C$M$', '$)%:x', '$+MU\\', '$+t+k(Z)FX', '$/ecEC_bc8', '$57 CM ?', '$5B$>H', '$62QS', '$8  .', '$>R$*(', '$?,O`&', '$L(AF', '$P(E""', '$QUKH', '$TUIQ', '$TUUU', '$URPk', '$USPtm', '$U^BH', '$V6~Y0', '$VS1<', '$W]0x%(', '$Y,tl/', '$ZRQ$/', '$a0"",}2B&.', '$i2uH', '$oO!h-h9A', '$pMZ:E', '$w<`&3', '$||]<', ""%'%1%=%C%K%O"", '%( <|N', '%(_p_', '%,kken', '%.*,dw', '%.m5#', '%2C.%8', '%64O22P', '%6Ps', '%=O;P', '%BpxbWQ$', '%CGfn.c', '%GxG;', '%J#mct]!uI', '%QPKC$', '%`3s %', '%`Ac#W', '%`L!Q[', '%d Bs', '%t}?]$', '%w~512z *3', ""&'&)&5&;&?&K&S&Y&e,"", '&( &7$\\', '&*uw', '&0)q%jF9@w', '&0rr:', '&1IPV', '&1\\5#', ""&;O6'"", '&>1;y', ""&>A0]K^'u&"", ""&@'kd"", '&E2Xa0', '&EVP_MAX', '&Lj3R}E', ""&N''i+"", '&R&""@', '&RU3tI', '&T0I9', '&YT||', '&\\fu)F', '&^X8w,', '&b]vCN', '&cdP.]', '&dH.(', '&i&o&{&', '&nx!tw', '&p\\0{""_', '&u-m(', ""'$/hG"", ""'%xG-"", ""'()*+,<"", ""'.x400"", ""'5'7'"", ""'522vB."", ""'7663"", ""'9 !|"", ""'9~Qx"", ""'< (^6"", ""'@E5u"", ""'A6~<EMPTY"", ""'DkO,"", ""'FIXED"", ""'H%'F\\"", ""'J4B&"", ""'List"", ""'O-[,MJ"", ""'PJ-X"", ""'SlP!"", ""'`]RunI]m"", ""'aWa_"", ""'i|L<"", ""'t!Id"", ""'wH32'"", '( .0Q', '(!(1(=(?(I(', '(!PEs', '(%Py7', ""('It$_"", '() TF', '()SPj', '(*|,D).', '(,t#-t', ""(0'yX"", '(>(5$', '(@VlL`+M', '(D""1a', '(E)3', '(JP/C,', '(LMN)y', '(M1?T', '(PRQE0', '(PX)o1`', '(V,|2h', '(X/&&B_', '(ZdOt', '(\\$FNm', '(aciu', '(eNQf', '(ea%x,""', '(fS{ggRcjh', '(hyb', ""(n<`h\\N.'R@DDr9"", '(o~>=', '(rXWc)L@]>', '(t-objec', '(wMww', '(y)W-', '(|]|]', "")'ymU0"", ')*+,-./', ')+-vZ', ')+[}$', '),L,l}', ')0h!2', ')4u7=F', ')?)G)])e)i)o)u', ')@BKko', ')E\\\\*=', ')FWm(7t', ')HDaX$3', ')Jt@U', ')M`t_', ')UrzV', ')VV;f', ')^`Ww4', ')ake;', ')mp64', ')n9I""', ')w&z+', '*$&q""', '*%*/*O*U*_*e*k*m*s*', '*(9Z3', '*.H*iaG*""$<B', '*.M@$h|-', '*/ywdZw', '*0-PG', '*1Pw@L', '*4P>8', '*>Qt2', '*I,?jE', '*P<Jp', '*[FB=', '*lDkpQ', '*laM-\\SO', '*q`_/', '*u7)R6&', '+-8w8', '+3@YAXP', '+<>!,', '+<ZnP', '+?cw[y', '+GI=9', '+K+O+U+i+m+o+{+', '+P?@,', '+TA\\S-excl', '+V,U.', '+WPQU', '+bHP{', '+coc`', '+lp4gt2', '+t@/^', '+u;vR|u', '+zI0A', '+~??A', ', ,ME', ', B6t/', ', CRYPTOGAMS', ', [uC)', ',""J_n', ',#,/,5,9,A,W,Y,i,w', ',%Kn>^F', ',(QUPW\\8', ',---/', ',/8[P', ',2&Mmh7u', ',;}jt', ',?T72', ',D.&)', ',FHcM$', ',KLYCK', ',NdAm', ',PWW1', ',Pc. PKCS', ',Wh^dSV', ',Wl:8\\', ',X1uD-', ',X\\ *[{w', ',\\(@ble}', ',]G@', ',^J$[', ',b%7|h<$+', ',i.,U', ',jw4c', ',m-d.vX', ',pKx&', ',vbdl', '- /}', '-=uGd', '-?0(v$', '-Ccon', '-MtE3""3', '-Wiu5', '-byMQ', '-jU@ta', '-kKv.b', '-o21g', '-p<8', '-s/iV', '-uGjX', ""-v3'oid"", '-wsg-^m<j', '-|]}', '-}%^Ju', '. V0P', '.#DY<S', '.%.-.3.7.9.?.W.[.o.y', '.-+_C', '.7d\\Y', '.8)Al:', '.BjQH;', '.C_%i', '.QCrh', '.T_p%', '.`BQx', '.dlh,N', '.oJa{', '.pp@0', '/ $(,4M3!048<', '/!A[,,@', ""/'/)/A/E/K/M/Q/W/o/u/}/"", '/(zzu{', '/)s!t^', '/12c2tnb4', '/2w2m', '/8TWQ', '/8nJx', '/9=9A9M9[9k9y9}9', '/@vD9', ""/A_@a'"", ""/Guu'"", '/I8?.(', '/IKE/|&Z_', '/Mgje', '/PWQV', '/R>-Hl`', '/T Lo@', '/VS-_^A', '/XP_3', '/`H5m', '/cfCFk', '/d<m`', '/dZw2', '/dZw2%', '/dZw2k', '/envOn', '/gJ>SP', '/h3#S', '/ji-`""', ""/jwu'"", '/kov/', '/l60P', '/oO;l', '/v  G', '/x x0COg', '0$R25', '0*V]P', '00K+aQ', '01SnRS!', '03Ajqj', '070;0U0Y0[0g0q0y0}0', '075%.-', '0;/h2', '0;|!A', '0<]T~', '0B.yC[h', '0Kmt(a#Y', '0N$-~ME', '0QR36', '0R=`=', '0UpB%', '0ZCR<]', '0^mus', '0^yWI', '0bb\\1', '0m#Cx4', '0pu00oG', '0r!o+', '0t""2u', '0tX(/', '0wtyo,', '0y8x&', '1!_oB', '11udX', '13!%=', '16Hbtn5h', '16y?d', '18y+_L', '19228', '1A26b', '1G%j(', '1GK9unU', '1K;aLb', '1Ku$!1', '1Ni""W', '1Rga7', '1W_Y`k', '1jh0d', '1l;~,tb', '1p""1x', '1wsHp', '1y/8cM', '2)252Y2]2c2k2o2u2w2{2', '2222r', '23456', '23456789ABC', '242Dt', '256128', '27239@>', '27wEl}', '28147-89G K', '2828B', '2<A*F', '2<ZhFW%o', '2@G^SP', '2M$HQ', '2N-4/3 zM', '2Qr8<', '2Ra|`4B', '2S+aa', '2SWqWj', '2[BCE', '2`Q !$C`', '2bBis', '2gtW+', '2ptZ#\\E', '2r%4<', '2rhj v', '2setSnw', '2w8A=', '2}!%F', '3 G M Q _', '3%d3/', '3-sha1', '3.TLSv1', '37#}6KRBW', '37t*5Q', '38?38', '3:PGB_X@', '3<-[N', '3?j?=', '3@lt|', '3AuH@y)f', '3QbV,t', '3[3_3g3k3s', '3\\74:', '3_pk[', '3e/tu', '3n|T$$', '3xiM0y', '3|2u{', '3|rN>', '3}5|l', '3~??` \\\\', '4(K:)', '4/0123', ""40('%"", '41 ?PG', ""42-'"", '474E4U4W4c4i', '48<dh', '494 wd )', ""4M#$%&'(4M"", '4MMEMu', '4MhQ0UR:', '4Oe2lVZIp', '4OwS\\', '4Qb6p#', '4S:/s,', '4T""4@', '4UKD)', '4VVh_W', '4W5[)(M', '4X,P8@', '4c`gz', '4h$muh', '4hDT9', '4j[""K', '4piGTJ1', '4|WV9', '5"".[?', '5($TUBn', '5-2005 Jean-loup Gailly', '5.jT\\z0', '5/dZw2A', '54BJm', '571r1', '58)@.[2P', '58W=s', '5;5A5Q5e5o5q5w5{5}5', '5?rr2', '5BS,^', '5D 1}', '5Ju P', '5VRP3', '5e@LH', '5iwRk', '5mC{&', '5ql<C', '5}i>(', '6(tb)t-', '6.^`', ""6/'w2"", '60@<A(n', '60r2/G,', '6654/85-<-@', '6:D=*Ih', '6;6M6O6S6Y6a6k6m6', '6M0UQ', '6N\\84,', '6XtL#0|', '6_""vC', '6d hli #Pm', '6dLg3', '6edRar', '6hGmX', '6hN3vX[', '6i`(4', '6mm3r', ""6sl'%"", '6tpD4', '6upWA$h', '6x33O', ""6{6E'"", '6}j-f', '7 #pIoS\\', '7 Oakley', '7!K_^bQ', '7$Aa!', '7%4Qz', '7%Wj=', '7/~ /', '71u&]7U', '72&))**', '730t h', '76""50', '7788;;==>>@^EEFFII', '789:;<<', '7>L%L', '7?7E7I7', '7?nL""Y#Q', '7@<=t', '7BKP2', '7CP5O', '7CghV', '7Dc-P', '7JRSV', '7Q~+:', '7R*[\\V', '7T,RS/)', '7X]/2', '7^D`c', '7^tK9', '7`0L=', '7aXin', '7m_(2', '7poS !=', '7uM|U', ""7v4'L"", '7x_F%', '7ygXy', '7|ro)', '8!83858A8G8K8S8W8_8e8o8q8}8', '8&C80j<', '8&N,$Q)A', '8)c7A', '8)gaD)2', '83w$NAL', '88^Ao', '8<@2JD@l', '8?_Wm', '8EM\\C', '8J(<A|', '8JZINIa', '8Kuxh(', '8PGm!', '8QWc@', '8V/-0', '8VGv@', '8WPw4', '8Ws', '8]6.vt$', '8^HXr', '8_jAYX', '8`/q?bs', '8iLA4', '8ij!SD', '8ijZ1', '8t[;0', '8uCC5-', '8vW~%G', '9""!?C', '9#9%9)9', '9%[\\/', '908191', '91C1E1K1]1a1g1m1s1', '9?EKQ', '9@sjAES""', '9Exte7s', '9F\\]i', '9G&jQ', '9L25ka5', '9S%K0h', '9US?8', '9V8tE', '9YDun_GA', '9[Y=:P', '9^$uD(@8', '9_*#6', ""9dcG'"", '9l<v{h', '9ljpj', '9muag]', '9n9l8l2I', '9tS9/t=', '9u{u$g', '9wDR6', '9{>_(', '9|<v5', '9|oC7', '9}wI!3', ':%08lX', "":':+:1:"", ':8@Iu', ':?_XA?', ':@DjB', ':H_Cxx', ':JIVv', ':N/5g!|', ':c|w{', ':tFpRI', ':wwHdDf', ':x0or', ':|EC|', ':}X\\3', ';%:W4', ';%W$8', ';3*RN', ';6Full', ';8?+2*^', ';9;E;S;Y;_;q', ';;UGoR', ';=(i4', ';=T9XD', ';=~th', ';>i[P', "";?' )"", ';@#u%)', ';@/J&', ';EAfY6K', ';Hz$5', ';PS,!', ';S6V0', ';Sf:L', ';d22VtW^y', ';hDubU', ';jAj|', ';u%HE', "";}z '"", '< !""FG', '<%4gSr', '<&C_t', '<)<5<C<O<S<[<e<k<q', '<-./01', '<7Hv/', '<<zLE8', '<=>?@A', '<@;EF', '<D,@$', '<MNOPQ', ""<PQ*'"", '<P~3X', '<VM|sb', '<]60L_E IG$n', '<api\\', '<cSVAaL', '<d6AUzJ', '<g6$cs77e', '<jz[QH', '<p=T><r', '<t|*%', '<vURD', '<x{FK', '=!=-=3=7=?=C=o=s=u=y={=', '=##Z0-', '=)<tC', '=)> %2<', '=.`m.7', '=/yw2', '=0&Vn', '=24p1Q', '=3,e04""', '=4q~D%C', '=6F6,#', '=:""0', '=;heQ', '=D>@3', '=DsWcle', '=L8q(', '=Mt@H', '=Slk+', '=TxF', '=XwaQ', '=^/E7', '=bWR-', '=bW~(U', '=cd94H', '=hc<Z', '=i4RS', '=q\\pAA', '=vC^=', '=z4(d', '>', '>#>)>/', '>$UQVk', '>%3=\\', '>/ 5p', '>1p%p|;', '>2p7VU[tf', '>3>A>W>c>e>w>', '>8$4^y', '>Aj~w', '>C20XC0f', '>DC&c', '>J1Dt', '>PAj@', '>Q&@u(', '>QUAL', "">S}S'"", '>WcAV', '>YUdBp^', '>\\ch/', '>_SERVICEL', '>c2Ap', '>eFG)f', '>eT-l', '>hFp)', '>hc}R', '>hy/g[', '>j}Qj3', '>tNWW', '>zpgG', '? $58', '? _two', '?""bLS:g@=f_', '?%qTPQiQ,', ""?'Add"", '?(@ A', '?1 0C', '?8WVE', '?8qmc', '?8xGJI', '?@PS#!#', '?A?Y?', '?I(RY7', '?O]$W81', '?O~#h', '?S-P<x', ""?S[#E|K]'?"", '?Vl`', '?botLipC', '?s=""qJB', '?smHhp', '?uCZ', '?w:;`', '@ &kp', '@ +///@(@0@8', '@!@%@+@1@?@C@E@]@a@g@m@', '@#-e4', '@,d.+', '@/.;2', '@1P283', '@2mIop', '@8@W2j', '@;@DtCD', '@<G@8', '@>L${-8', '@?m/1', '@@p0_L', '@B<RP:', '@B?_(Cpd', '@LFzH+', '@VTPR_', '@^- @E', '@^5mC;mH~', '@g!C_', '@h/-d', '@lm:&', '@nlQSR', '@t@Dt;;', '@tkS{^', '@|wF7', '@|x)9V', '@}*;|', 'A FCg', 'A!{,`GHi', 'A""F@;Tr', 'A)c -', 'A2VPD', 'A3K@bj""{4', 'A42+""', 'A9@;?', 'A;2$v', 'A<18[D', 'A<Y $', 'A?t6VW', 'AACVJ', 'AAXm]qtTt>p', 'AB!N""', 'ADV?G2', 'ADVAPI32.dll', ""AH-[4'6"", 'AJ]Q:', 'AKcN5(', 'AKd,!/', 'ALL:!', 'ALOER', 'AN*wB', 'ASd|""B', 'AUQY`', 'AW8^!', 'AYAeAkAwA{A', 'A[A1OB', 'A_LNO', 'Ai)&%', 'Ajm1B', 'Alaa7', 'AtYes', 'Au4Enc', 'AvENE', 'Avzv', 'A|$}T', 'A|rjx', 'B!!c', 'B!+L~Q', 'B#B)B/BCBSBUB', 'B#X%O', 'B%_|_', 'B&vQc', ""B'8/1"", 'B*T~$', 'B-1WA@[', 'B.W/W""J', ""B/'S7"", 'B3XWd', 'B4uAWE', 'B5+d`', 'B8/@H9', 'B9-XS', 'B95($', 'B9^H]_', 'B:QSm_u#', 'B@@u)', 'BAG>q', ""BAGS'"", 'BAT""x', 'BAZ*J', 'BCDEF', 'BDiges4', 'BFhT%', 'BFxd!', 'BGFHL', 'BHbGW', 'BLG^dfos', ""BO'.ft"", ""BO/'X"", 'BP,:1', 'BQgHPc', 'BQo0S', 'B]\\per', 'Bb{ $N#uq', 'BitBlt', 'Bq(#t\\a', 'BqPIUn`', 'Bt10""', 'C T:eA', ""C q'O"", ""C%C'C3C7C9COCWCiC"", 'C&(,g', 'C&JSQ', 'C*CY_p', 'C/ Of', 'C7{H5', 'C:K3w', 'C<e7(', 'CCZ6~', 'CGHPQ', 'CIPHE', 'COMPLE', 'CPSQwI', 'CPso', 'C]jAh', 'Ccmp.c', 'CdBX@r+', 'CiH/ C', 'Cl3Vw', 'ClSNu', 'CrlID', ""Css'cmQ`Q"", 'Ct%$h', 'C|jwF', 'D""""fT**^y', 'D#H5L', 'D+lPQ', 'D-{X&J7D', 'D/Qw2', 'D233B', 'D7(4J', 'D=Vj', 'DBsE&', ""DC'nma"", 'DC]Ai', 'DEm.I', 'DFP`i{', 'DFvat', 'DH@WS', 'DIhcQ', 'DJ$nX', 'DK^DS!', 'DP.NH', 'DQ;@OL', 'DRSS?', 'DV/i#', 'DW3W{n', 'DZ@(s', 'D_FE', ""DaQF'$"", 'Diq!P', 'Dp_:I_', 'E$""$650', 'E(<W0', 'E)0la', 'E+8EA', 'E/IP 7', 'E/xS2', 'EB&F5^', 'EDGWH^', 'EH?c;', 'EHjIb4', 'EHugp)', 'EK2~`eu', 'EN CU', 'EOWSU', 'EPQU!', 'EPRPPD', 'ERG@A', 'ERROR>>', 'ETjVd', 'EUEaEwE}E', 'EWulLM_[bYE<', 'EXPORT56/', ""Ea5Y'"", 'EalqHome?', 'EgY`M', 'El2V0', 'Eo_[R', 'EwpQj', 'F"":0xQH', 'F%""0s7', ""F'SBd"", 'F)ftol', 'F/yxF', 'F0nzw?l', 'F1n^0', 'F2{jdcj', 'F4^Iwt&f', 'F8-:%', ""FA2T'ARF2"", 'FAQ, http://w', 'FATAL', 'FB/oOr', 'FBOOLEPOT', 'FC).c', 'FD@/cV', 'FGHIJKy', 'FH#tQ', 'FHTG(', 'FI2QQV', 'FORMAT', 'FP8 ?:', 'FRX j', 'FV|FgUV', 'F_:*:', 'Feb&a', 'Ffc822', 'Fh0%)', 'FhT_H', 'FjGJ]', 'Fk?hGx', 'Fl./.', 'FnYEdd', 'FukmO', 'F|ggt:', 'F}QURm#', 'F~(""1p', 'G$kK\\$', 'G&ph', ""G)7$'u"", 'G*NXHk', ""G,'6%"", 'G0gQV', 'G2(?$', 'G27_0', 'G48hl', 'G4q 4;', 'G8PO5[', 'G=YLk]e', 'GDI32.dll', 'GHIJKL<', 'GHIJKLMNO', 'GKjZ7', 'GOST89MAow', 'GPQlM)', 'GRFn[', 'GT?F(', 'GV507', 'GW571#', 'GWYcap', 'GetDC', 'GetProcAddress', 'GhyDMAS', 'GjjuTP', 'Gk?6\\ired/', ""Gmd'vn,5"", 'GrHsV', ""Gspk'"", 'Gwdmq1', 'G{(<@', 'G~.R)', 'H 7%#I', 'H!unZ', 'H#$%I', 'H$(H&', 'H)Nfu', 'H*0""DW', 'H.#TG', ""H/qu'"", 'H0w?G', 'H8QB%twm?""', 'H9qv$', 'H<Jl3', 'HA9a_', 'HBvT+', 'HMa|j', 'HSPb]', 'HSm8PH', 'HT<%8', 'HTGh(', 'HWUt""', 'H]UW(', 'H`5@|50', ""Hhh('"", 'HintglNjj', 'HjTivm', 'Hkge5', 'HlPAn(', 'HuZsMh^', 'Hv~LH', 'H}OKL', 'I$nB?P', 'I, 5[ h@', 'I.3|.2', 'I.d .', 'I7\\pA', 'I9][r', 'I>#hC', 'IA5SLlSy-', 'IN&{(z', 'IPhTA0', 'IQ\\.', 'IVu[MT', 'IiGM>nw', 'IjINo', 'IpLas/', 'J!P7Q', 'J%%o\\..r8', 'J(jL$', 'J-0ot', 'J<Y!p', 'J=P-4N', 'JBUPU%', 'JFR""P', 'JNQMu', 'JO7D$', 'JO>-ISO', 'JP{EnMk', 'JT .Md', 'JV5t|', 'JX!X|hN3v/', 'JZH@$(', 'JhgI4', ""JqSQ)'W\\j"", 'Jun L1', 'Jx)Mmya', 'J~""P%', 'J~_MD_', 'K P\\w', 'K.P|U', 'K.dH4', 'K4K[Q', 'K8NFO', 'K:Q:[:c:g:m:y:', 'KERNEL32.DLL', 'KH++u+', 'KL$:%', ""KNOWN'((*)"", 'KOgap', 'KR8Lr', 'KVW);', 'KV{,#', 'Kgp]P', 'Kh}1%(', 'KiT$0R', 'KjH5EOI 6X', 'Kn/XR', 'Kz(]F', 'K~AlNNhml', 'L HBh', 'L aD h', 'L!k4?', 'L$EjV,', 'L&&jl66Z', 'L(/iD', 'L+5I', 'L,h A4', 'L4$Ht', 'L90tV{', 'L9h(l', 'L<.z=', 'L<DR&p', 'L?(tKJ', 'LEFu#h', 'LGH,!Y', 'LJxAe', 'LMDRo', 'LQG0^', 'Lbh<;b[l', 'LkM=q', 'LkPQ0X', 'Ll-""L', 'LoU0qb', 'LoadLibraryA', 'LvBD;', 'L|${w', 'L|J$BQ', 'M 00I&""', 'M >,Ae~', 'M$HKP%T', 'M%&cw#|', ""M'S'U'_'k'm's'w'"", 'M9@ n@', 'M;CardO{', 'M;VSU#.""', 'M=yu0', 'MB_N=', 'MGsEy,', 'MH<2I', 'MIME MHG?[xO#G500U', 'MSVCRT.dll', 'MT%%+', 'MZXc*', 'M]?pI', 'MadlOQ', 'MeZb<', ""Mg'dD"", 'Mgdo&', 'MjdR,', 'Mld?e-g', 'Multiplica', 'Mwbwf', 'MyV5,', 'N!;(zH[', 'N$8BA', ""N$_B'"", 'N(dde', 'N/dZw2', 'N=`tA', ""N?'*Vr"", 'NBV<3F', 'NETAPI32.dll', 'NGINE', 'NHOx4', 'NHj Q', 'NIST/S', 'NNia32V', 'NPGIM', 'NP_xa', 'NVS4~H(', 'NX!2)`', 'N\\%02X', 'N^G11', 'N`QVj', 'Nct$s', 'Netbios', 'Nljwl', 'Nrd/w', 'Nsuy v', 'NvE}{', 'Nw0HL', 'O ALQ', 'O!C/{', 'O#{tGj', ""O'O28"", 'O*9y]', 'O/0PQ', 'O7ANOn', 'O7]7a7u7', 'OBJBU', 'ODn@o+', 'OGXQR+bSv.', 'OHtaA', 'OP3Xh', 'OQQRRTTWWXX[[]', 'ORGW', 'OT&_{', ""OT'd@F"", 'O_X5 Q', 'O`Wgc', 'Oa<4N^]', 'Oe|T1_', 'Ohjn@', 'OtwWGtj', 'OuMl:', 'OxXhe', 'OyphR', 'P!,y(', 'P!b`&', 'P!z5v', 'P$TUIU', ""P'a\\V"", 'P.}VT', 'P2QR', 'P3$<)5', 'P5POh', 'P80!e', 'P8:8:', 'P9;,[0', 'P@_`0', 'PE""1.-)xI', 'PKX12', 'PMUA3', ""PNCE)'KD"", 'POLIC', 'PQQc}S', 'PR*E;p', 'PSuQ}@', 'PU7>v', 'PU?>)', 'PUTUI', 'PV1bP', 'PV9^Y', 'PZ(`1', 'Pep^n', 'Pft&l', 'PpA$J', 'Pu<T4', 'Pw""D%b', 'Pw?uV2', 'PyA=}', 'P}&RV', 'P}`6q!D8eT:', 'Q!-jLP', 'Q&V~y', 'Q([(](a(g(u(', 'Q-lh', 'Q/xtJ2', 'Q1nN(AG', 'Q4hD@;', 'Q6N0X', 'Q7jy9l', 'Q9?(`', 'Q@8La', ""Q@c'R"", 'QA ~D', 'QHThR', 'QIjAh', 'QO\'`""', 'QO_D@', 'QPW1w', 'QRPi~}', 'QRSTU', 'QRU9;l', 'QR].p', 'QR}SUU}Dg', 'QS+]u*h', 'QSUy``', 'QUPP=5U', 'QUgS', 'QV- 6', 'QZ^&9', 'Q[XrH', 'Q_xp9^l', 'QjKXu', 'Qkkbal', 'Qq<f0aTLCo', 'QvTVW)', 'QxYBJ', 'R 3410', 'R""Q$6', 'R#,xp', 'R&S)?', ""R'-v!"", 'R+lP!', 'R.""t\\', 'R1h58', 'R3UOC', 'R=Gik', 'RA 1|', 'RAND?]', 'RDNS7YB', 'RF##e', 'RFBH;', 'RG172', 'RGs4z', 'RI7w`', 'RJkm^]', 'RKjr>', 'RP-O,', 'RP; (', 'RQ- >$', 'RQDg#', 'RUg\\a', 'RW3$=_^', 'Re(m?KD`', 'Re?9:', 'RegSaveKeyA', 'Ri|J=', 'RmO@!', 'RundllInstall', 'RundllUninstall', 'Rz*H\\7', 'R|;g>', 'R}]?L', 'S  Rk', 'S#2\\d', 'S#OA.J!', 'S%R4^', ""S'QtE"", 'S- Lo', ""S1-'Q"", 'S=+X<', 'SETgv', 'SEgBytes', 'SHA1 bloc', 'SLL""@', 'SP$|=_F', 'SPQ}(`', 'SPWt:', 'SPm>h)', 'SQRQF', 'SRUt', 'SS6D#Xk', 'SSL\\0', 'STOP66.228.1:1', 'SW5WW', 'SXNe<', 'SXXjT', 'S^Frp', 'SbcBC', 'ServiceInstall', 'ServiceMain', ""Sh'g|'"", 'Sj6!', 'Smf[ r.', 'SqhK#', 'SrecECec', 'Sx%,If', 'Sx\\UW', 'S{Cwl', 'T!\\:D', 'T$ ])S,', 'T$}cb', 'T*\\\\,', 'T,T?NP,', 'T8F$S', 'T90!b!;', 'T@hPRIV', 'TBl)8', 'THx#@zW', 'TOxhG', 'TS,TUSO.nmw', 'TWARE\\', 'TY(FO_ACCEt', 'T_d[Ku', 'TcD0E', 'TfAGS', 'Thumb', 'Tji?Y', 'TnyhJ', 'ToWW:', 'TrH_8P', 'TsF]/', 'Tw_R%', 'U F$(', 'U)l:T', 'U*hndP', 'U+qPt', 'U/lw2', 'U/y8j', 'U5!}Z9m', ""U6)Yb'"", 'U7#X[', 'U7E<*', 'U=q=<d', 'UAE@XZi', 'UIV_L(!', 'UNIVJAL+', 'USER32.dll', 'USWqzg', 'UX@xC', 'U[ppma', 'U_*h*', 'Uhw5W', 'Ui0!(0', 'Umjsj', 'UnServiceInstall', 'Uni?OU7!', 'UrlGBA', 'Ut2c0', 'Uu8JxQM', 'UuT{c', 'V +Yx', 'V!DwI', 'V!wzV', 'V$YY5@D%', 'V%]YW%', ""V'tKr"", 'V/e`*', 'V5pj7', 'V7`<F/', 'VC$&pOe', 'VJK/H', 'VK8>O', ""VN4'd"", 'VOGOcb', 'VP5,q', 'VPN""v', 'VPiYLHj0', 'VP{L$', 'VQU//t', 'VQet""S', 'VRPYhVO', 'VRxvM', 'VSu17', 'VUPWWW', 'VWKPl', 'VWXYZ?', 'VYodYn', 'VZ$D/', 'V_:J:', 'V`[_X', 'VcIi.', 'Vg3LE', 'VgguZo', 'Vi\\nUWT0', 'VirtualProtect', 'Vnume/', 'Vo@,*', ""Vs'n!G"", 'Vu!@h', 'W""-F3', ""W'[*L"", ""W'\\sG'"", 'W)I{J', 'W,UWQP', 'W,bSV', 'W00<.', 'W512SC', 'W5zBh', 'W>pA/', 'W>{*z', 'WFtah', 'WIB+tV+', 'WIN32', 'WMEDIUMLOW', 'WMa""S', 'WQh N', 'WRuq0X', 'WS2_32.dll', 'WSQCJ', 'WSUBT', 'WSYBh', 'WT)hm', 'WUimX', 'WV8.up', 'WVPQ{', 'WVu53', 'WWatDKUWU', 'WZs eVh', 'W\\$ E', 'W]ciou', 'W^n77Y', ""W^y6-9'"", 'W^y^//q', 'W`FEV0', 'W`UQW)V', 'WdUH3', 'WecECXr', 'Wf9Ff', 'Wg$rs', 'WhCyC`', 'Wi|RS', 'Wjt1t', 'Wp!);h', 'Wqx-m', ""WrBSC?PS'"", 'Ws/W&k', 'WtuW S', 'X && K', 'X!1Zz@', 'X!;3;', 'X(eay0', 'X(n""torgU', 'X)9vMh', 'X,+_-', 'X,,t4', 'X/cctgH', 'X1Ica', 'X2Z*\\', 'X4lf8|sW', 'X509V3', 'X6xrlpoo^', 'X7h1UUV#', 'X7hvU', 'X9.6', 'X9_62_C', 'X:W^y', 'X=YE6', 'XAGARqP', 'XBU84@', 'XCvru_>Db', ""XE'qXL"", 'XE4=!', 'XEN0', 'XI3Dh', 'XOD$0@b', 'XP@?)', 'XP@?@', 'XPTPSW', 'XRQk!', 'XTWP,TABLE', 'XU_/Seq', ""XW'ro"", ""XW=?'"", 'XYZwghijk#', 'X`HUF', 'Xc`uOfxe', 'Xf8PE', 'Xl(h_K', 'Xqa &', 'Xti//', 'XxG2Q', ""Y }1'"", 'Y![!_!s!}!', 'Y% <|', 'Y(06eCT;', 'Y(_Ht', 'Y,7!{i', 'Y9~`b)~', 'YB@`3', 'YBP<""', 'Yb +F', 'Yb6N4', 'Yr*6&#N', 'YsNJsI/', 'YwSic', 'Y{Ep}', ""Z'6uV"", 'Z0u/!Q', 'Z3`Ja', 'Z7ERI', 'ZE4BF>!', 'ZPw*ytW', 'ZQ/m$Wtv', 'Z\\8(H$', 'Zmw&m', 'Zt)%Y', 'Ztn(%', 'ZwdZ3/', 'ZwdZ?/', ""[-&LMb#{'"", '[37_PN`', '[BaBsB}B', '[Ny\\ym', '[RGW /', '[TTK0', '[TayOP', '[TtN"",d%', '[WxDRM@q', '[YH#U3', '[[%sD', '[n1]%', '[na$qu(', '[pRI21-WOsc', '[r2F&', '[t0_<', '[{x3y_', '[|SPSSV0', '\\#tf[', ""\\'/spp"", '\\.i>)', '\\0ylW', '\\<c-two-b7_.', '\\B*C)1', '\\BHP?', '\\FqP:', '\\H!Fk', '\\H=,x', '\\LPj@', '\\M=X_2N^', '\\V.lb', '\\W`P`-I', '\\hH@8', '\\hQ3k`', '\\m0?448', ""\\r,'pL"", '\\r~94', '\\w^:l', '\\}dVV', '] >=', '] H;IS', ']$&Qig', ']5[_^', ']:uvvyyzz||', ']=,cl', ']>Ytk', ']@h&,T', ']AO4|XA', ']FD\\t{R$6`', ""]M'0H"", ']Oob*M', '][AH,', ']^^aabbddgghhkkmmnn', ']_^w8', ']i+(h', ']x QakA', ']xwC!', '^%gYug', '^,drans', '^-/88wc', '^3B%ik', '^4*Y9(', '^8I\\5', '^<Cxs', '^Ma5jL', '^N8N', '^QSAZXHK', '^RB#D"")h', '^U;Ou', '^VRe`', '^_Ttj', ""^h'8M"", '^h4!A9n', '^i!<RG@', '^llIcm', '^nXP\\kU*', '^oEZ_', '^t[WJ', '^|j(j', '^~P(q', '_ a cH', '_""B#M', '_$g$k$y$}$', ""_'B$U"", ""_'_)W+"", '_((aC', '_)VV&@#', '_+y+_h', '_,Bl""', '_/dZw2', '_16!6', '_2_smp', '_3_3F', '_40Bitl7', '_40Irc', '_4al]', '_?e?g?y?}?', '_BUj^', '_BYTES?', '_CPSOcp', '_CRLI', '_LSQY', '_NCTL', '_Nrits', '_OyH<r', '_X50,?', '_[D68x', '_^W8`z`H', '_^a0', '_^a1*Et', '_^fap', ""_^j'(H_t("", '___ag', '__dZw', '_fdiT', '_h]^kid', '_k(BM', '_kGtB', '_lib.', '_msUPNWSV', '_nis', '_p\\M=', '_utlNCv', '`.u:48HI', '`/<!]', '`/Xw2', '`0&6C', '`3NUR', '`7$$?', '`7NVWU{', '`EpMH', '`Gd\\""', '`KTS\\', '`LMsX', '`SY.9', '`]% ~', '`^]?i', '`bPP@', '`cC#(', '`cgR{e[K', '`dub`D', '`eKap', '`h+~%', '`h:#h;', '`h:1D', '`iZpJ', '`n`O W', '`tD]2', '`tmp)o', '`vOP_', ""`z0?m4u'"", '`{;@ng', 'a""\'GA', 'a#*CS', 'a%Fh4', 'a+3WL40', 'a,)4fi', 'a-/H^', 'a8DL|h', 'a8|rRQC', 'aD:W', 'aVYPe', 'aX$]R', 'aXJQN', 'a[CgVXO', 'acyD-', 'adD""er/', 'adZ8/9', 'aeppk1""', 'ah.u2L', 'allw,', 'am@Rj-', 'apgap_', 'are!Z', 'asP#V', 'aybSr', 'b""sVPH', 'b%F(9cl', 'b) Ty', ""b+'+1+3+=+?"", 'b11S*', 'b?Okx', 'bBdQU', 'bJHE()H', 'bV}TS', 'bXG1[', ""b`t)'"", 'bfqBFi', 'bl|no', 'bsResponseD\\', 'btmcf', 'bw-4W', 'bw?!#', 'b|e)8', 'c f w }', 'c tRQy', 'c!^lh', 'c""g""s""u""', 'c#""OeL', 'c6~gn', 'c8h]Q', 'c@m~4', 'cA!:y2', 'cA.""<&`', 'cAMDu;', 'cCecEC8', 'cFKHX0', 'cGO m', 'cMK C`', 'cQ-t%', 'c_ws`', 'ccO.d', ""ci ''"", 'ciph.', 'cj%<f', 'cmxa+', 'com7G', 'curv_', 'cv`:qE', 'cveOi1%jh', 'cw7en', 'cz*Ah', 'd$%DH', ""d'/aX"", 'd-1XX', 'd.0d!', 'd/-93', ""d/du'"", 'd6(dq`', 'dBRQa', 'dD,<3', 'dLrk~k', 'dVODL6', 'dZF/a', 'dZW/t', 'dZb/^', 'dZi/q', 'd[pcP', ""dd@f'\\"", 'deflate 1.2.3 Copyright', 'deltaR', 'dj=0|', 'dlogV', 'dmfDMF', 'dnY5~', 'dnop;T', 'doapr()', 'ducedAt/', 'dx>T:', 'd|>60qjB', 'd~>D6S.', 'e32jxo<', 'e<Qo', 'eJ!Mti', ""eRBrth'0"", 'e^]7p', 'eacqUs', 'ec qQm\\s', 'ed! b2a', 'eet8', 'ekP~Z', 'el)dS', 'eoIBIo', 'ewh/?y', 'f(]CS', 'f7xUtu', 'f=`\\@', 'f?tejo', 'fFV6Kr', 'fJE ]', 'fN9<<v', 'fT`+Q', 'fUxSZ', 'fXY($', 'f[7M(', 'facsimixT', 'falP t', 'favbj', 'fo#7##$', 'fv0~8', 'f}b^]C', 'f~Ox@a@', 'g#40W', ""g'A )"", 'g(O/@l%', 'g/aw2', 'g;|GXI', 'g=?A_T', 'gDH@B', 'gF0>h,', 'gMXkVN', 'gN*<aI0', 'gSCho', 'gcd.cwad/', 'ge+_Vm', 'gen.co@', 'ghnfK', 'giBH>', 'gjeK uO5n', 'gk25\\', 'gmts_stu=P', ""goXP-'A"", 'gomery', 'gost-maWr]', 'gt`t,t', 'gth <= KS', 'guEVmDHcR_', 'gvmfv', 'h#q ~', 'h(6NO', 'h(g@)', 'h,=XMx', 'h-WTc', 'h-ceW', 'h/>-HT/', 'h0/!T', 'h44\\Q', 'h7k)', 'h>1je', 'h?Cxp', 'h?]f(', 'hDQ:h', 'hE%/?', 'hE=5,', 'hGu j', 'hIe.d9', 'hJL;x_', 'hNB2&', 'hO?l6', 'hPVzp', 'hQRPV(', 'hTYh-', 'hX/bQ', 'h`H(|sO?', 'ha3`R<', 'ha7x/', 'haI)|pL<', 'hancDSea/A', 'hashOH', 'ha}jz', 'hbJ*(""', 'hbK23', 'hdOR-', 'hj+)(E', 'hjD_x', 'hmt=et', 'hp!SX', 'hxG`o', 'h{[&q', 'h| \\KW[Tl:$', 'h|An}', 'i&PTX\\x', 'i.i8x', 'i7sa7', 'iI<K2', 'iIyb(6', 'iWRo""', 'i_Ext', 'i`C}7$', 'ia for x86 by', 'igFcc', 'ihP7M', 'iixW,i^', 'io>HU', 'ipHOs', 'is 6oV', 'ith:x', ""iv10'"", 'j$1YX8', 'j-tA(', 'j/sGh$', 'j03e]', 'j0}Nu', 'j;,n""Z5', 'j>pFv6`', 'j>zjZ', 'j?X(3v', 'j@@AA', 'j@}Lk', 'jDYak', 'jGXPV', 'jHf]X', 'jL-A*', 'jNCAh', 'jPend/&p', 'jV`0p', 'jY+C&Zk', 'j\\L:(', 'jdQhWr', 'jej*NZX', 'jhD*FX', 'jkjkmdnY', 'jmGi8', 'jr mFIC6E', 'jsEuV', 'j{%|""', 'j{@MPH', 'j}3@@V', 'j~qCjwk', 'k x\\@', 'k!W0$', 'k(UU5z', 'k0BQk', 'k@v3/', ""kH4%'9a"", 'kJSQQ6', 'kPRPV', 'kP}8_', 'kV!DA', 'kW~LPQ', 'kXUa-', 'kZCP$', 'k[w!N', 'k^256', 'kh8`!', 'kkDWx', 'kw1p52GpcGc*', 'l$ ;P', 'l$0G,', 'l%!^.V', ""l%Wn'C>2"", 'l*CF', 'l*not', 'l+XGP', 'l/]$P-8', 'l/n)0', 'l2|g#+', 'l6qnk', 'l7d\\=U', 'lOop?', 'lStRWS', 'lX<$.9', 'lcO/<1', 'le$Wx', 'leOcc', 'lj DT', 'ljn-<', 'llkM1', 'llvk&', ""lmnopqrstuvwxyz'"", 'lnt&x`', 'lo1nDd', ""lq'8k}=="", 'lq`(%o', 'ltm9L', 'lverify callb', 'lxR`Us', 'm"" !dN', 'm$""/vt', 'm)8pL', 'm0*B%3', 'mAiGp', 'mE_-_""', 'mL^,[', 'mTj|h', 'mZ[_I/', 'm]g&/', 'm^<,Z', 'mast^_key', 'mcIP]7', 'mc_dll.dll', 'mdH0QT', 'md_u94o', 'mj}[D', 'mm*/4', 'mod//pr/', 'mst_', 'muY_%', 'mybU7', 'm{x[X', 'n""|PPS', 'n,p_', 'n:6*s', 'nBsh_/j', 'nELEU1', 'nExp-', 'nI[YH<', 'nSA3[', 'nT_P%', 'n^ >_', 'nc=~2]V', 'nd_Y""', 'ne#7^', 'negA!', 'ng=hH', 'npRoo', 'nsSOa1g', 'ntdll.dll', 'ntelt^DA', 'n|%5B', 'n}er;', 'n~|Ttb', 'o !BK', 'o 8u%', 'o XHQ!<', 'o&#a*Oz', 'o)`#?', 'o*Z/l', 'o-5X`', 'o0/0p<vj', 'o4GMH', 'o6F?8W', 'o6r%C', 'o7jdnL', 'o9-N-cc', 'o?r+b', ""oEd{'"", 'oGtps', 'oHDh6.*', 'oMark Adlerv', 'oMo30', 'oP0m;', 'oSNMP', 'og finished', 'oo`.Q{', 'oqPOutl', 'ot)1#', 'otAnF', 'oyaD`', 'p#A""0', ""p'(nep"", 'p(""!0', 'p*D8+', 'p*`?|', ""p-i'T2"", 'p1P`RP', 'p368wt5n#', 'p>176', 'pE`AeV', 'pHl\\t', 'pKH]4VR', 'pMY!Ee', 'pRVVS\\', 'pV# PN<', 'pVPV>', 'pVT""N', 'pXZPV', 'pY=@jOnR#k', 'pZhpq', 'p[_WSi(', 'p[_lL$', 'p\\dig', 'p_xD`', 'pbfaBFYbfQdgg8BFIbf', 'pdJPW*h', 'pd`\\T', 'pgg+T', 'piB6Y2$', 'pl""n`r', 'pl+_b', 'plu 2', 'ps9,<', 'px$v:', 'pyW5W', 'q!}i!Qj', 'q#HC+', 'q$ uF', 'q7pZZ^', 'q8_6~', 'q?squb', 'qAH70', 'qCgb7', 'qHzwE', 'qP2A', 'qP?7$u', 'qi+VW6', 'q|@N|?', 'q}|A,', 'r$cGB|', 'r&X,Qd', 'r,PbFh', 'r,eZ', 'r7z89/', 'r@r}H', 'rFCnl', 'rH\\H`<', 'rJvin4""', 'rKnCDqA', 'rOe5x', 'rUi$(2E', 'rX\\`dh', 'rc4(4x,int)', 'remOxQ', ""renM'a"", 'rgv(Sk', 'rh?7-ial3l', 'ro*ms,', 'ro@openFl.0g>', 'rrD($', ""rskW'7"", 'rtwt#', 'ry""=,', 'r}HMPYJ', 's - a', 's(Fdi', 's->sid_ctxh', 's4|Kt', 's7-a-t', 's:`8iM', 's;9wN', 's<\\ 7', 's=`x[(', 'sG t$', 'sJh <', ""sWA0'"", 's\\ S@', 's\\$DR;', 'sbgpRvx', 'sh)arV7IT', 'shb?j:9V""', 'sl.c_o', 'ssagom', 'sxnet', 't numb', 't s(8', 't uTS', 't$8B#w', 't$h/@O', 't$x5A', 't&WhT', 't):K[E', 't+-]>', 't+[06B', 't1UU%d/wQ', 't35/K', 't3;PS<', 't3aj|', 't:u`8', 't;9(u', 't;@yCgk', 't@\\ad;', 'tAL7~*', 'tB!`Im', 'tBD.H', 'tFW9QE{', 'tIu<gh', 'tU%?Nm', 'tUIDW', 'tWVU5', 't]tVA', 't^3d,', ""t^uu'jE"", 't_HtB>0', 't_qq-F', 'tf!A~', 'tlrtL', 'triwOD', 'tsGY', 'tt@@O$/', 'ty/5^+', 'ty/in', 'u   $', 'u tUR', ""u'M@'Xg"", 'u)$4F.bo#', 'u*T%h', 'u+v6-', 'u,`ZV?', 'u1M`D', ""u1^'>"", 'u29{u*', 'u4-loe', 'u:tvr', 'u?U p,', 'uA?Wja', 'uDhb/', 'uITOo', ""uJg,'"", 'uNMuF', 'uPVj0W', 'uUCXy', 'uV9zt,', ""u]&g''}"", 'u`S0t', 'ubuCPoia', 'ucjOd', 'ud T7*', 'ud""ymW@', 'ueEBk', 'ul9~@rgA', 'uqsor', 'ut$%H', 'uu+a8', 'v SM2', 'v!LWM', 'v!jl[', 'v#,Q>', 'v#h~k(', 'v$-.cG', 'v(R~X', 'v(_^G', 'v3 pa8', 'v3;)S;Q&_', 'v3Is_v2k', 'v7B@I', 'v8/76', 'v9Sd', 'vQO+t', 'vR<k?3)', 'vR?4_', 'v_N0W', 'v_h3(!h,', 'valGP', 'vjMQ:', 'vn a6', 'vq80]Q', 'vqd\\C', 'vt:bFV;PA', 'w hKa0', ""w'FIELDIDW"", 'w+OQvr', 'w,afH_', ""w-'//pJL"", 'w.D/`*a', 'w0K+L{', 'w31G311', 'w5""|S', 'w5>22', 'w@t.=', 'wA(,h', 'wEaCK', 'wHCM)(', 'wRaR3', 'wWbEP', 'walKO!', 'whxW0', 'wn>Jj', ""wo'19L"", 'wogd\\y', 'wpWC@B', 'wphB;', ""wrg,DH'"", 'wst~KKN$', 'w|BX4', 'x#8jA', 'x%x<UR5', 'x(h<X9', 'x121K', 'x7t\\\\0', 'x8zLC', 'x9?_h', 'x<UWv', 'x=%d,', 'xFlTBz', 'xH|ud', 'xIYnPC', 'xPQyE', 'xT8P%u', 'xXSP3', 'xYF>Z', 'xceEx]', 'xeQuLa', 'xj E@', 'xj{{$', 'xmuR@l', 'xp7g)rW', 'xrJ:DCGg', 'xtr7De', ""y'-US71"", 'y9F si$;lWX1', 'y@(!4', 'yAu?n', 'yA}:F', 'yED8X_', 'yLD8,', 'yLMNOP', 'yNW Z', 'yPT!""K', 'yQa}A', 'yVLD<0', 'yfoW@', 'yhW3j', 'yi97i5', 'yjeU2', 'yp@t1', 'ypto\\', 'y~M E', 'z""jT""', 'zIp9Q', 'zVQSW?N', 'zY7YV3x@', 'z^]Bd=RPR', 'za8`\\', 'zbyn(', 'zcret', '{*S&h', '{1Ho_a1', '{6,(<', '{@$CP', '{Afo*', '{BfG|', '{CF~e', '{Ex!/', '{G`c-', '{LN,),^', '{M=[/', '{RrcO+g', '{_q^;[', '{`\\X4', '{pP@`', '{rjbWNy', '{tj}/', '{x931woea', '| |L}u9', '|$(eU', '|$8066R', '|%mX""#', '|()t!', '|1V5+', '|8A$Z', '|<C!FReQ', '|>>^y', '|D$G)', ""|M$`'"", '|di,7', '|kekria', '|qZF}', '|rdPH6y', '|tRjp', '|tl\\X', '|uXRW', '|w VS', '}$l$`L9;', '}:}ZnH', '}Af&j', '}But-', '}IT_w,UM0', '}OhOq', '}PhRCrje', '}W>dup1', '}^@u/', '}bN6z', '}c8R-u', '}h&\\4V', '}niUP', '}pGh4a', '}uYh$', '}{?A:/""""!', '}{u6h', '~ GMT', '~!*\\j0Y', '~$HPS""', '~%hZWDh', '~).`*', '~/$j,', '~/faq.Dm', '~6PEt', '~;[][', '~?R@u', '~?\\XW', ""~@;)'d"", '~BK+l', '~D]=V', '~E?.!w', '~H(DV3', '~Y9BvAa,', '~]+q3', '~]TB(P', '~_MC_3~', ""~ih3'V"", '~j%I', '~m!c_', '~o:hr', '~rY[Cd@-']","['UPX0', 'UPX1', 'UPX2']",advapi32.dll gdi32.dll kernel32.dll msvcrt.dll netapi32.dll ntdll.dll user32.dll ws2_32.dll,regsavekeya bitblt loadlibrarya getprocaddress virtualprotect free netbios atoi getdc wsagetlasterror,neg d kn ol etu o : --b /axub 234r 3 5 3j 5 a i o 64p s 8jsi q v gad gpjj2g ha h hld pz0q s awo this program cannot be run in dos mode. w0ca xrog a h b z 7 h mq dsfp ecec en en gh 9 hck dbf hywc qh tok jb j c b 1 9 k o e 0fc iyu xv cyyp v 8 /dzw2 1 4 e 1hzvfy 9 hh :m l0lwo uj p v n6v _g _ bxol j lbn. o bc sp zqrg_ ze 7n ruy 7ad _hti / 3 5 e q s y c k j u nj 4 o sl g 8 d d d dedkdqdsdydedod p 0 r90 m smsib1l wguhc bml hc hksj id3 mcdt ggt u 0 e0i t a c m :x mu t k z fx /ecec_bc8 57 cm 5b h 62qs 8 . r o l af p e qukh tuiq tuuu urpk usptm u bh v6 y0 vs1 w 0x y tl/ zrq / a0 2b . i2uh oo h-h9a pmz:e w 3 1 c k o n _p_ kken . dw .m5 2c. 8 64o22p 6ps o p bpxbwq cgfn.c gxg j mct ui qpkc 3s ac w l q d bs t w 512z 3 5 k s y e 7 uw 0 q jf9 w 0rr: 1ipv 1 5 o6 1 y a0 k u kd e2xa0 evp_max lj3r e n i r ru3ti t0i9 yt fu f x8w b vcn cdp. dh. i o nx tw p 0 _ u-m /hg xg- .x400 5 7 522vb. 7663 9 9 qx 6 e5u a6 empty dko fixed h f j4b list o- mj pj-x slp runi m awa_ i l t id wh32 .0q 1 i pes py7 it _ tf spj d . t -t 0 yx 5 vll m d 1a e 3 jp/c lmn y m1 t prqe0 px o1 v 2h x/ b_ zdot fnm aciu enqf ea x fs ggrcjh hyb n h n. r ddr9 o rxwc l t-objec wmww y w- ymu0 -./ -vz l l 0h 2 4u7 f g e i o u bkko e fwm 7t hdax 3 jt u m t_ urzv vv f ww4 ake mp64 n9i w z q / o u _ e k m s 9z3 .h iag b .m h - /ywdzw 0-pg 1pw l 4p 8 qt2 i je p jp fb ldkpq lam- so q _/ u7 r6 -8w8 3 yaxp znp cw y gi 9 k o u i m o p ta s-excl v u. wpqu bhp coc lp4gt2 t / u vr u zi0a a me b6t/ cryptogams uc j_n / 5 9 a w y i w kn f qupw 8 ---/ /8 p 2 mmh7u jt t72 d. fhcm klyck ndam pww1 pc. pkcs wh dsv wl:8 x1ud- x w ble g j b 7 h i. u jw4c m-d.vx pkx vbdl - / - ugd - 0 v -ccon -mte3 3 -wiu5 -bymq -ju ta -kkv.b -o21g -p 8 -s/iv -ugjx -v3 oid -wsg- m j - - ju . v0p . dy s . .-.3.7.9. .w. .o.y .- _c .7d y .8 al: .bjqh .c_ i .qcrh .t_p . bqx .dlh n .oja .pp 0 / 4m3 048 / a / / /a/e/k/m/q/w/o/u/ / / zzu / s t /12c2tnb4 /2w2m /8twq /8njx /9 9a9m9 9k9y9 9 / vd9 /a_ a /guu /i8 .,upx0 upx1 upx2,advapi32.dll gdi32.dll kernel32.dll msvcrt.dll netapi32.dll ntdll.dll user32.dll ws2_32.dll regsavekeya bitblt loadlibrarya getprocaddress virtualprotect free netbios atoi getdc wsagetlasterror upx0 upx1 upx2 neg d kn ol etu o : --b /axub 234r 3 5 3j 5 a i o 64p s 8jsi q v gad gpjj2g ha h hld pz0q s awo this program cannot be run in dos mode. w0ca xrog a h b z 7 h mq dsfp ecec en en gh 9 hck dbf hywc qh tok jb j c b 1 9 k o e 0fc iyu xv cyyp v 8 /dzw2 1 4 e 1hzvfy 9 hh :m l0lwo uj p v n6v _g _ bxol j lbn. o bc sp zqrg_ ze 7n ruy 7ad _hti / 3 5 e q s y c k j u nj 4 o sl g 8 d d d dedkdqdsdydedod p 0 r90 m smsib1l wguhc bml hc hksj id3 mcdt ggt u 0 e0i t a c m :x mu t k z fx /ecec_bc8 57 cm 5b h 62qs 8 . r o l af p e qukh tuiq tuuu urpk usptm u bh v6 y0 vs1 w 0x y tl/ zrq / a0 2b . i2uh oo h-h9a pmz:e w 3 1 c k o n _p_ kken . dw .m5 2c. 8 64o22p 6ps o p bpxbwq cgfn.c gxg j mct ui qpkc 3s ac w l q d bs t w 512z 3 5 k s y e 7 uw 0 q jf9 w 0rr: 1ipv 1 5 o6 1 y a0 k u kd e2xa0 evp_max lj3r e n i r ru3ti t0i9 yt fu f x8w b vcn cdp. dh. i o nx tw p 0 _ u-m /hg xg- .x400 5 7 522vb. 7663 9 9 qx 6 e5u a6 empty dko fixed h f j4b list o- mj pj-x slp runi m awa_ i l t id wh32 .0q 1 i pes py7 it _ tf spj d . t -t 0 yx 5 vll m d 1a e 3 jp/c lmn y m1 t prqe0 px o1 v 2h x/ b_ zdot fnm aciu enqf ea x fs ggrcjh hyb n h n. r ddr9 o rxwc l t-objec wmww y w- ymu0 -./ -vz l l 0h 2 4u7 f g e i o u bkko e fwm 7t hdax 3 jt u m t_ urzv vv f ww4 ake mp64 n9i w z q / o u _ e k m s 9z3 .h iag b .m h - /ywdzw 0-pg 1pw l 4p 8 qt2 i je p jp fb ldkpq lam- so q _/ u7 r6 -8w8 3 yaxp znp cw y gi 9 k o u i m o p ta s-excl v u. wpqu bhp coc lp4gt2 t / u vr u zi0a a me b6t/ cryptogams uc j_n / 5 9 a w y i w kn f qupw 8 ---/ /8 p 2 mmh7u jt t72 d. fhcm klyck ndam pww1 pc. pkcs wh dsv wl:8 x1ud- x w ble g j b 7 h i. u jw4c m-d.vx pkx vbdl - / - ugd - 0 v -ccon -mte3 3 -wiu5 -bymq -ju ta -kkv.b -o21g -p 8 -s/iv -ugjx -v3 oid -wsg- m j - - ju . v0p . dy s . .-.3.7.9. .w. .o.y .- _c .7d y .8 al: .bjqh .c_ i .qcrh .t_p . bqx .dlh n .oja .pp 0 / 4m3 048 / a / / /a/e/k/m/q/w/o/u/ / / zzu / s t /12c2tnb4 /2w2m /8twq /8njx /9 9a9m9 9k9y9 9 / vd9 /a_ a /guu /i8 .,"sample AL65_DB05DF0498B59B42A8E493CF3C10C578 header machine 332 subsystem 2 sections UPX0 UPX1 UPX2 dlls ADVAPI32.dll GDI32.dll KERNEL32.DLL MSVCRT.dll NETAPI32.dll ntdll.dll USER32.dll WS2_32.dll imports RegSaveKeyA BitBlt LoadLibraryA GetProcAddress VirtualProtect free Netbios atoi GetDC WSAGetLastError strings ! (Neg !""#$%&'(D !""\kN !#|Ol !%ETU !'O!& !,<:! !--B` !/aXUb !234r !3 5 !3J+]< !5!A!I!O! !64P#S !8jsI !<Q<V !@!'[ !GAD@* !GpJj2G !HA(H* !HlD$ !Pz0q !S*awo !This program cannot be run in DOS mode. !W0CA !XrOg !a'h\ !b=z&7?H,MQ> !dSFP !ecEC !en?En !gh '9 !hcK+dbF !hyWc !qH+* !tOK;jb !|J$#( !|c$b ""!""%""+""1""9""K""O"" ""#$%& ""#e!0FC ""&'iYu ""&xV,*> ""'&CYyp ""(V~\ 8 ""/dZw2 ""1$4#e ""1Hzvfy ""9(hh "":m&] ""L0LwO ""Uj+P ""V'`\ ""^N6V ""_g#_ ""bxoL ""j"" % ""lbN. ""o?bc ""sp""^ ""zQRG_ ""ze 7N ""~RUy #&7Ad #&_HtI #'#)#/#3#5#E#Q#S#Y#c#k# #((J,u #(,*~ #(nj#% #4 o\ #?SL)G #@=,8 #D)D;D?DEDKDQDSDYDeDoD #P!0}, #R90`M #SMSib1L #WGUHC #`@+][] #bML"" #hC`) #hkSJ\ #id3` #mCDT $!GGT $""u 0 $$e0I $%&T* $)$=$A$C$M$ $)%:x $+MU\ $+t+k(Z)FX $/ecEC_bc8 $57 CM ? $5B$>H $62QS $8  . $>R$*( $?,O`& $L(AF $P(E"" $QUKH $TUIQ $TUUU $URPk $USPtm $U^BH $V6~Y0 $VS1< $W]0x%( $Y,tl/ $ZRQ$/ $a0"",}2B&. $i2uH $oO!h-h9A $pMZ:E $w<`&3 $||]< %'%1%=%C%K%O %( <|N %(_p_ %,kken %.*,dw %.m5# %2C.%8 %64O22P %6Ps %=O;P %BpxbWQ$ %CGfn.c %GxG; %J#mct]!uI %QPKC$ %`3s % %`Ac#W %`L!Q[ %d Bs %t}?]$ %w~512z *3 &'&)&5&;&?&K&S&Y&e, &( &7$\ &*uw &0)q%jF9@w &0rr: &1IPV &1\5# &;O6' &>1;y &>A0]K^'u& &@'kd &E2Xa0 &EVP_MAX &Lj3R}E &N''i+ &R&""@ &RU3tI &T0I9 &YT|| &\fu)F &^X8w, &b]vCN &cdP.] &dH.( &i&o&{& &nx!tw &p\0{""_ &u-m( '$/hG '%xG- '()*+,< '.x400 '5'7' '522vB. '7663 '9 !| '9~Qx '< (^6 '@E5u 'A6~<EMPTY 'DkO, 'FIXED 'H%'F\ 'J4B& 'List 'O-[,MJ 'PJ-X 'SlP! '`]RunI]m 'aWa_ 'i|L< 't!Id 'wH32' ( .0Q (!(1(=(?(I( (!PEs (%Py7 ('It$_ () TF ()SPj (*|,D). (,t#-t"
B07322743778B5868475DBE66EEDAC4F,5120,0,332,3,1263576056,271,27632,4194304,2,0,6,0,4096,4096,20480,16,7,7,4,51,3,3.3827905970017405,7.574681778291654,1365.3333333333333,9557.333333333334,"['KERNEL32.DLL', 'MSVCRT.dll', 'USER32.dll', 'WS2_32.dll']","['LoadLibraryA', 'ExitProcess', 'GetProcAddress', 'VirtualProtect', 'atol', 'LoadStringA', 'send']","['!This program cannot be run in DOS mode.', '""L^B`', ""'6<_`BdS'p$jp"", '*(SY)# cmd', '.>Pbm', '.exe', '.rsrc', '0XbAD', '4M>FP`l', '9R@WP', '9{=0(', '>""u:F', '@StartXInfoA', 'ABCDEFGHIJKLMNO', 'CloseHandle', 'D@TPL', 'Ex""Th', 'ExitProcess', 'EyDu<ica', 'GetCompu$rNa', 'GetProcAddress', 'KERNEL32.DLL', 'L40!F ;', 'L_beg', 'LoadLibraryA', 'LoadStringA', 'MSVCRT.dll', 'Object!ru', 'RPX48', 'RtpEppZDH', 'T*md#a', 'USER32.dll', 'V3P;-', 'VirtualProtect', 'WS2_32.dll', 'WaitForSing', 'XPTPSW', 'XYZabcdefghij', 'YY4.c#l', '_strn', 'eateEventA', 'f(amal', 'jQ<8D', 'klmnopqrstuvwxyz0123456789-//', 'm""spr', 'mWL8f', 'me2PipSDisconnJ', 'nd = %d', 'rocesszMult!|', 't2Ht~', 't_fdiv']","['UPX0', 'UPX1', '.rsrc']",kernel32.dll msvcrt.dll user32.dll ws2_32.dll,loadlibrarya exitprocess getprocaddress virtualprotect atol loadstringa send,this program cannot be run in dos mode. l b 6 _ bds p jp sy cmd . pbm .exe .rsrc 0xbad 4m fp l 9r wp 9 0 u:f startxinfoa abcdefghijklmno closehandle d tpl ex th exitprocess eydu ica getcompu rna getprocaddress kernel32.dll l40 f l_beg loadlibrarya loadstringa msvcrt.dll object ru rpx48 rtpeppzdh t md a user32.dll v3p - virtualprotect ws2_32.dll waitforsing xptpsw xyzabcdefghij yy4.c l _strn eateeventa f amal jq 8d klmnopqrstuvwxyz0123456789-// m spr mwl8f me2pipsdisconnj nd d rocesszmult t2ht t_fdiv,upx0 upx1 .rsrc,kernel32.dll msvcrt.dll user32.dll ws2_32.dll loadlibrarya exitprocess getprocaddress virtualprotect atol loadstringa send upx0 upx1 .rsrc this program cannot be run in dos mode. l b 6 _ bds p jp sy cmd . pbm .exe .rsrc 0xbad 4m fp l 9r wp 9 0 u:f startxinfoa abcdefghijklmno closehandle d tpl ex th exitprocess eydu ica getcompu rna getprocaddress kernel32.dll l40 f l_beg loadlibrarya loadstringa msvcrt.dll object ru rpx48 rtpeppzdh t md a user32.dll v3p - virtualprotect ws2_32.dll waitforsing xptpsw xyzabcdefghij yy4.c l _strn eateeventa f amal jq 8d klmnopqrstuvwxyz0123456789-// m spr mwl8f me2pipsdisconnj nd d rocesszmult t2ht t_fdiv,"sample B07322743778B5868475DBE66EEDAC4F header machine 332 subsystem 2 sections UPX0 UPX1 .rsrc dlls KERNEL32.DLL MSVCRT.dll USER32.dll WS2_32.dll imports LoadLibraryA ExitProcess GetProcAddress VirtualProtect atol LoadStringA send strings !This program cannot be run in DOS mode. ""L^B` '6<_`BdS'p$jp *(SY)# cmd .>Pbm .exe .rsrc 0XbAD 4M>FP`l 9R@WP 9{=0( >""u:F @StartXInfoA ABCDEFGHIJKLMNO CloseHandle D@TPL Ex""Th ExitProcess EyDu<ica GetCompu$rNa GetProcAddress KERNEL32.DLL L40!F ; L_beg LoadLibraryA LoadStringA MSVCRT.dll Object!ru RPX48 RtpEppZDH T*md#a USER32.dll V3P;- VirtualProtect WS2_32.dll WaitForSing XPTPSW XYZabcdefghij YY4.c#l _strn eateEventA f(amal jQ<8D klmnopqrstuvwxyz0123456789-// m""spr mWL8f me2PipSDisconnJ nd = %d rocesszMult!| t2Ht~ t_fdiv"
B98hX8E8622C393D7E832D39E620EAD5D3B49,285184,0,332,3,1271734767,271,614704,4194304,2,0,6,0,286720,4096,327680,16,11,11,8,2127,3,3.8949591725803985,7.89958322760233,94720.0,206165.33333333334,"['ADVAPI32.dll', 'GDI32.dll', 'KERNEL32.DLL', 'MSVCRT.dll', 'NETAPI32.dll', 'PSAPI.DLL', 'USER32.dll', 'WS2_32.dll']","['RegSaveKeyA', 'BitBlt', 'LoadLibraryA', 'ExitProcess', 'GetProcAddress', 'VirtualProtect', '_iob', 'Netbios', 'EnumProcessModules', 'GetDC', 'send']","['! _"";', '!""\\kN', '!$ySl', '!&0((_', '!+/ds', '!-Uk<', '!/WWW', '!0wGU', '!8O]Oy', '!9$U<`', '!:SsOHW', '!;A,i+!', '!;[][', '!?pkt', '!C@iq', '!CQOBt', '!H<XJ', '!I!O!Y![!_!s!}!', '!This program cannot be run in DOS mode.', '!Xlk""vY\'', '!Y5,e', '!Z9Xy', '!\\*#5', '!b=z&7?@,MQ>', '!eA5s', '!lh+E', '!n$hF', '!tX)i', '!vAlN', '!xOIy', '""!""%""+""1""9', '""#.j.', '""#?(G/(', '""8i80', '""AX+E', '""B`V`', '""Ch@qm2', '""DX0_7', '""FJ.p', '""H?;L', '""HrC,0u', '""K""O""c""g""s""u""', '""]$$`', '""hBQ:h', '""l""n?', '""pH#<""', '""p`,A8N', '""zeof 7N', '# h2I', '# xv9*', '###/', '##%%&&))', '##7YvC4', ""#'#)#/#3#5#E#Q#S#Y"", '#)~(8h', '#1 RSA', '#1s0d0t', '#4 o', '#>)>/>3>A>W>c>e>w>', '#GHIJKL$', '#HSA@', '#K[E?', '#QHAG', '#YzWPc', '#\\D9}', '#bML""', '#c#k#', '#h8-a', '#n`7#$', '#q0c?9', '#|VXL', '$$1/vI', '$(DhC^', '$)$=$A$C$M$_$g$k$y$}$', '$57 CM,_', '$: oO}', '$<c4#', '$<tlW', '$I?W1Zw', '$JjAh', ""$N'KG"", '$O$[0', '$SGX/', '$V-5Q', '$VLn!', '$_9b2f', '$bLZ[', '$l|%,D*', '$o2rq', '$p%X4n0', '$qXax', '$x7^dxi', ""%'%1%=%C%K%O"", '%+@VeX', '%<,z0', '%>geno&X', '%CecEC', '%FnRV', '%O8wx', '%_l>%', '%tSa0Key', '%uFfB', '&$W#q', '&$_P:Q', '&$u#W', '&& K', ""&'&)&5&;&?&K&S&Y&e&i&o&"", ""&'()*"", '&/L&<', '&0n9_', '&3tYC', '&4WC', ""&8'XV"", '&:2q-_', '&>60[', '&BDBei', '&MQhx', '&Q&jloUb2!B{', '&Tcb!', '&UQUk', '&_TBW', '&j2U8', '&lO mhJ', '&p}hCP\\R', '&|8;Xv', '&}t/h', ""'$PQ(2"", ""'&x;Y"", ""'()+,-./:=?"", ""','``|1wss_,"", ""'/<K!"", ""'5'7'M'S'U'_'"", '\'9R""St', ""'@mso"", ""'Aj~+"", ""'FIELDIu"", ""'List"", ""'NIST/S"", ""'O2828"", ""'T?O6"", ""'ZyWc|%"", ""'_%04d"", ""'a G$"", ""'alqHome"", ""'c# |"", ""'lf8Pairs"", ""'qQ/**oti"", ""'unXb"", '\'vfycx\'""7ec', ""'|PdH4^"", '\'}?M&;""', '\'~Q#""8x_', '(!(1(=(?(I(Q([(](a(', '("")o&', '(#0OF,R', '(*|XO', '(-bXDl', '(<:=i', '(H{BI', '(KhXg', '(PQRG', '(WGa,', '(X#h', '(X.I=P)', '(X:3E', '(YITJ', '(Z3^0', '(b )}F3', '(h3P8', '(r0q`', '(t2tt-', '(tWS(', '(uV""0', '(zE!Y', '(~VSPP', ')""7l]', ')#Dhk', ')*+-9', ').-ISO', ')0t-l', ')6;V]L', '):P`i', '):_30', ')<PQYtV', ')?)G)])e)i)o)u)', ')@f |', ')D\\ht', ')QhL9', ')WVtK', ')X81ag', ')\\ZEo^m/', ')]tn?', ')`5$l', ')a-z%`XX@g0&N', ')b1/q', ')pixA', ')tuW S', ')u!8Q', ')vt:bFV;P', ')w--Z', ')x{I4', ""*)l'L<d"", '**,,//', '*+rh ?,', '*7O u4c', '*;|l}$', '*@)(!@', '*C\\Vh', '*O*U*_*e*k*m*s*', '*TJ!@`""D', '*]?T|', '*hAbX', '*hdOR-', '*phPW', '*qJMNqm;', '+,-./0y', '+/d&X', '+:$KAX C', '+=""p*', '+?xG8', '+G)d""4', '+GRIPEMD.', '+GV&f', '+LBHL', '+PRUPQ)', '+QRW)5', '+WPQU', ""+`}2'h\\"", '+cKK3', '+h%!|', '+m+o+{+', '+tQ-tL#0|', '+x&_t', '+{pJ?', '+}u@#|{', ', X$', ',#,/,5,9,A', ',4$8_@', ',5~9h', ',9lqz', ',>H8,o', ',B#h""T', ',PWW1', ',Q2L&K', ',UM0PD', ',W,Y,i,w,', ',Xc. PKCS', ',Z=jEs', ',d$J_', ',fDHD', ',oc57', ',p3@>\\', ',q:wb', ',t#-t', ',uFL', ',x#|_', ',}0,I~', ',~88pgS', '- ior', '-!\\dc5', '-(AHl@m}', '-0WPP', ""-2f'128an"", '-;.I-', '-<bB^', '-=3=7=?=C=o=s=u=y={=', '-?0(v$', '-CBCw', '-F_J8', '-_x&d', '-i:<*', '-o21g', '-ok!E', '-p.Hm', ""-v3'oid"", '.$p,x', '.%.-.3.7', '.1494 w', '.D/`*(p', '.EOWSUe', '.G}?$', '.Kri(0^', '.MXF.', "".PQ''"", '.UVER', '.[0 e', "".\\'FW"", "".c/`'"", '.d.Uk', '.full', '.jg>Jq', '.v#,Q!2', ""/'/)/A/E"", ""/'4&"", '/(38^s-R', '/)%hXh', '/)|_g', '/,8$G', '/-L.`', '/12c2tnb4', '/8T&D', ""/A_@a'"", '/CfQ!', '/E`|8', '/FBOOLEAN', '/G]hh', '/HV]J', '/HWP@', ""/IKE/'`|"", '/K/M/Q/W/o/u/}/', '/M(KM', '/PGaN', '/QZ^&', '/R8om_', '/X&@:G', '/Xp!G', '/Zbii', '/[|&G', '/_h!G', '/cfCFk', '/d.C+', '/dOtG', '/faq.Dm .', '/ix_4', '/ld(0', '/q@&G', '/r`9}', '/tI<wMl', '/tP!G', '/y\\#G', '/{Clr', '/{H!G', '/| &G', '/|Cx<', '0#G4#', '0$dxf', ""0$nF$'"", ""0'tIfNJ$o"", '0(kia', '03j_{', '03yQa', '04,@.', '04/,_', '0404^', '05(-;', '0B.yCLh', '0D@*I', '0I9(h', '0QWRn', '0X3A8', '0]<L', '0_,Q!', '0`2 C', '0`V(~f', '0bDH@WS', '0i7$5{', '0n667>9A4', '0nA`.0', '0pa""V', '0t+~(', '0t0ng', '0vO@+', '1 Par', '1 dsa_w_>', '1)mlat6', '1-duE`', '1.E4%', '11#?*0', '111\\A', '11Wr%W111%Wr%1', ""192Sk'928ct$s"", '1A26b', '1CJaGw)', '1D]8v', '1GIPK', '1LD92', '1Wr/C', '1[8mx', '1[;2/', '1b3h6', '1jE,@', '1tD953', '1v@4!', '1wsHp', '2$C@4', '2*tjj/Ph', '2+Z0tK', '2.""nX4', '21-WOscNC', '2222r', '2630E', '28147-89G K', '28bUqu', '29/\\\\', '2<A*F', '2>}`9WN', '2DD@|:', '2HjFp', '2N-4/33', '2Po(w+', '2Vtus', '2` 5T', '2bBis', '2gX/)', '3 G M Q', '3 part &', '3(7""x59O', '3,0K[E', '3-sha1', '3/23_', '32Next', '33|.2', '38?38', ""3As:h'"", '3J%CW', '3K ?>=-', '3N2Tx', '3T$D{', '3TLSv1', '3TRNDT', '3ff^Ue]', '3jM|9', '3w*pK', '3|!x1!_H{', '3|i2+d', '40Bit', '490!b', '4A<(D', '4BW[5-:', '4F@*)', '4MkCP', '4OwS\\', '4U4W4c4i', '4VSQW', '4W/e@U', '4W[7_', '4Xp`a', '4^|FW', '4cs77e3', '4dTlA', '4dbea:', '4fbfc0exK', '4h$}uh', '4pTu6', '4rB!x', '5$0$_Q', '5(hHcV', '5/9}r', '515sF', '55VRP3$a2', '571r1', '5<lPVcD', '5Ac0;|!', '5C7U', '5DB@h', '5Uh6', '5Vl5jAh', '5aWPi', '5hh5', '5l=I3', '5qjdj', '5r=|t', '5t*83', '5t66I', '5}%$dV', '5}d +_)', '6""EOBX<$', '6/H&0', '60r2/G', '617d', '61w1p52Gv4', '64\\t0', '66""Wj', '6789:', '6:Z:B', '6;6M6O6S6Y', '6>!*.', '6BxP@', '6G/d&P', '6H.@7', '6Ho;9Vw2', '6N\\84,', '6OW_PROXY]=@(', '6P;u', '6V(J*', '6]Aw-', '6bc686', '6edRar%', '6hL3v', '6l""fRI=', '6t(a.', '6upWE0', '6wHd:@', '7 CeR', '7 finishe@X)', '7/,& w', '7/Cl@fQ', '72O3ZLx', '7338f', '76o sho', '77XQSV', '7P$WG', '7SRS@!', '7^B5058', '7d2i_f', '7f::1', '7fI!k', '7gdT8i', '7lIU&p', '7qh(@', '7tDMS', '7u$c8', '7z[G1', '8""t&h', '8#(M&', '8& :G_a', '8+$oE', '8+Fl$/', '8/}?\\)', '81jUM-\\', '840KC', '88/cct', '881BD0868FA', '88PJk6M^', '89abc', '8A5<*X-Y', '8JWqP', '8O99y.', '8QO?|"")', '8Rg/qE[TW', '8a8fd.b', '8cHnP', '8g&3g', '8h<yBx@', '8i\\xp%', '8lh""3', '8mh<_h', '8rg#p2r', '9#9%9)9/9=`', '9+*TM', '9/u""3', '92?2828', '98\\^CD', '995-2005 Jean-loup Gailly /', '9:= C&', '9EIKW', '9F si$;', '9K/ex_', '9N$Dh', '9PEP$', '9PuW&', '9T6R~', '9TDRF', '9V!-1A', '9V8tE', '9V]`X', '9Ve^@', ""9WUQ'"", '9Xb\\_', '9YDun_', '9^$uD8', '9^lYtB', '9h@P9', '9jWdpH', '9m)<Pd', '9pDCA', '9wDR6(', '9~c#F', "":':+:1:K:Q:["", ':(~SLW', ':/PQ_', ':C  pM', ':DLT\\ny', ':J5@Ge', ':PXTA', ':c:g:m:y:', ':o,8W7^', ':qD+{M', '; !FZ', ';%#Bj[5h', ';0t9a=X', ';53bM', ';8?+2*^', ';9;E;S;Y;_;q;{;', ';<=>?@y', ';fD4~', ';j]iA', ';qjzy', ';|&h9G', ';}lSH8', '<&n/04', '<(8HR`', '<(@`_', '<)<5<C<O<S<[<e<k<q<', '<)hu[r', '<*9]|t', '<4K]I', '<Ic,vDA', '<OPQRS', '<OQQRRTTWWXX[[]]^^aabbdd_', '<OqJL', '<P#|W', '<Xx01234567', '<f""1[G', '<h8&3`P', '<jz[qjpAK""Qq', '<mc@dtB', '<pTDH', '<p`VJ:', '<rP%<', '<w@gPap', '<ybuf', '<~=d]', '=%d,|', '=/5s1<7&', '=0fW<', '=?,i|[w', '=E%=w8Q+VR', '=P""l$', '=XwaA', '=_~Q;', '=fdKBg', '=f}tJz~', '=guZoJ@@', '=j&&LZ66lA??~', '=jQL9', '=thLy', '>""p=s', '>""u:F', "">'Ur@"", '>;~,t', '>BJEC', '>Ex{eY', '>OCSP_SERVICEL', '>P?8FL', '>Qo\\8', '>\\!3', '>cRLS', '>hj,W', '>j,hp@`Bn', '>jyCj3', '>tXFRv', '? WV|X', '?!@f$S', '?(QUPW', '?(WSU', '?*2>KJo', '?+HH!', '?.W.[.o.y.', '?/d&L', '?1vDl', '?3;v(q', '?75A:\\^', '?>EtU', '?A?Y?_?e?g?y?}?', '?C(O~', '?OiGi', '?SSUu){', '?T4e4$', ""?UNKNOWN'((*"", '?Yf 3o}', '?Z}$8', '?buil', '?inq<N', '?j:9VO+%e', '?k/8&', '?kjEXC', '?s>me', '?w:;<=?T', '?|@*#7', ""?}w9!'"", '@ z#,', '@!@%@+@1@?@C@E@]@a@g@m@', '@!P4j', '@$t*--', '@&8g//$&|', ""@',Kp"", '@,Wh_', ""@-DC'"", '@.-lZB', '@.6,?', '@1hgK', '@3\\\\w', '@5,f9dg', '@<840', '@>?op', '@EB_`Z', ""@GD''"", '@LB%,', '@OpenSSL 0.9.8o', '@Uz=Z@_', '@`=Kn', '@c;,6', '@f_Utou,ta', '@h_$(N', '@jZKiQ', '@jqpD', '@p4PD', '@p</l#]', '@t@Dt;;', '@vS`5dG', '@w\\.', '@|fnN', '@}^t', 'A <Dd', 'A =fqL', 'A""F@;T', 'A#1n:', 'A#D""UH', 'A$)y8', 'A(Rx2', 'A,>,`#', 'A-SHA1-old', 'A/P&<', 'A5SLlSy^a', 'A7T,RS/', 'A899~L&', 'AADo[M', 'AB!N""', ""AB?r)mlc'"", 'ADVAPI32.dll', 'AD_DV4', 'AEHlL', 'AES:ALL:!aNU""', ""AIR'P"", 'AJHR)tO', 'AYAeAk', 'Abl&e', 'Ad_40I.', 'Ahb:>""Hh\'', 'Ajw!n', 'AtYkc', 'AvqSq', 'Avza', 'AwA{A', 'AwVSY', 'B#B)B/<SBUB[BaBsB', ""B'8o\\o"", 'B,gR]T', 'B-_qx', 'B.h`AdPtZ', 'B/8o!', 'B/l5t', 'B2>lkyH', 'B3 ES', 'B8/@H', 'B89(>', 'B>x%6', 'BC;!4', 'BE0V3', 'BErET\\', 'BO(2+', 'BO/p`', 'BX0XS', 'B[q~i', 'B`NF&', 'B`_ _', 'Bd%h%', 'Be7!T5', 'BgCQVS', 'BitBlt', 'Bju9H!', 'BlQ!`', 'BovR2Upb', 'B{\\so', 'C 0#Ul', 'C xId', 'C$cCp', ""C%C'$"", 'C*J5V', 'C/ 0 Cp', 'C/dl&T', 'C2%Gl', 'C2&28', 'C4JDR', 'C9`QN', 'C:p##pv', 'C>""hA', 'CA$:1', 'CA_lG', 'CF\\zC', 'CGH/Hh', 'CHt$8', 'CPSOcps', 'CPSQwA[', 'CQWtU', 'CT0lD', 'C\\F2Cc', 'C\\bQXw', 'CaL&_', 'Cdt5/>""', 'CjH-Ah', 'Cj`;La', 'Cr-z3', 'CuacEk', 'C{C?0a', 'D#D)D;D?', 'D$0p', 'D&B;M', ""D,'`E"", 'D.@.`OCB0H.@A', 'D/Zpu', 'D0ACs)B', 'D233B', 'D7)l&', 'D:C)C', 'D<DZ~', 'D?[ML', 'DA91)', 'DCJF4A', 'DD8\\P', 'DDbT""', 'DEFGH', 'DIRO$<m', 'DKh9(', 'DL`8D', 'DMlM+J', 'DNYQk', 'DPV7d7h', 'DQG(D', 'DQSSO', 'DRWPWs8', 'DS{RDNS7Y', 'DVQF(', 'DVRF\\', 'DWj:Vx)', 'DX<8|', ""Dl_<'"", 'DpB38', 'Dr*o+', 'Dv( i&', 'DzR<p<', 'Dzdfe6', 'E%_jd&\\', 'E%uBM@@', 'E/bsZ', 'E5D827d', 'E7SX[', 'E7j_8gtlWXj', ""E8!;'"", ""E88v'K"", 'E9{>_', 'E=,@F', 'EB:2*', 'EBVu[', 'EDF97C44DB9F2420BAFCA75E', 'EDIUM', 'EH_p~', 'EM-jU@h', ""EQ'SH"", 'ETK!Qs_(', 'ETj#{', 'EUEaEwE}E', 'EVECCdraft', ""EXG6sl'%"", 'EXPORT56/', 'E_2_smp', 'EnumProcessModules', 'EuE!:', 'ExitProcess', 'F ^ t', 'F {(', 'F&PTT', 'F(qvvv', 'F*t$`l)', 'F/Qyj|K<;', 'F0x2Pw', 'F78_?', 'F7w.R', 'F879', 'F8@OC', 'F8Db)', 'F:S<Bj', 'F;( a', 'FAQ,', 'FATAL', 'FCG|J', 'FF8""s', ""FG/TDT'"", 'FGHIJ', 'FICATE', 'FX9 3', 'F[QE`', 'F_t&s%-', 'Ffc822', 'Fg)O2#', 'FhXo!G', 'FiriT', 'FoZ07', 'Fp/kate+', 'Fxu %', 'G$CVT0', 'G$e.h', ""G'uPAy"", 'G4E}1', 'G?8pAW', 'GAU;!x', 'GDI32.dll', 'GECki', 'GEneI', 'GEoD=CC', 'GF<<H', 'GIN G', 'GKI@t', 'GNWU@5', 'GP@?1', 'GX|Sh|$N', 'Gbase7g', 'GetDC', 'GetProcAddress', 'Gjo9-', 'GmVSE', ""Gs'O2828r%"", 'H =B7520', 'H*0""DW', 'H.d*SB', 'H6Drm', 'H8AP^', 'H<F,ZSW;txe,', 'H<YVj', 'HA<<d_^', 'HC08D', 'HE?7/G', 'HH3.1%', 'HH|PwH}`@', 'HIG7M', 'HMA9GON', 'HMQV1', 'HPWPe', 'HSEd=', 'HT~NG_r', 'HW4:]', 'HX#hr', 'H_/y15rY', 'H`1T;S', 'Hak_,', 'Heay045$""', 'Hintgl', 'Hl/4D', 'HlPL=', 'Hlb2(', 'Hm!a*e', 'HoKj1C', 'Hp}hh', 'Hv(P,M', 'Hx[e}', 'I v5A', 'I#""Ia)', 'I&Ut~', 'I(VIt0<', 'I7O7]7a7u7', 'I<raI@', 'IALOER', 'IBrr', 'IC(I)', 'IDE/RC2', 'IGW\\(', 'IGxo/a', 'IHSM<', 'IJKLMN<', 'IN {(9', 'IN&t s', 'IPp*hU', 'ISEED', 'I_]^[J', 'IdWINGLE', 'IiGM>nw', 'Iv)x^', 'IwjD)H', 'J!UTB', 'J$S #', 'J&X}G', 'J.e;I', 'J7iet', 'J<Cpw<', 'JCB?AL', 'JNrb_', 'JT3UC', 'JV]_G#z', 'Jd%!^', 'Jj2GK(', 'JjW.j', 'JnB6<', 'J~""P%', 'K-hLh', 'K.""}}', 'K.d|T', 'K09-ThO', 'K0VQWSh', 'KBMYb', 'KBjR$E', 'KDQDSDYDeDoD', 'KERNEL32.DLL', 'KG44^j', 'KGH-o', 'KH++u;/', 'KHla]', 'KLMNOP', 'KVnGq', 'KWG[_', 'Kj3u)', 'Km_^#', 'Kuo""v', 'KxX&i9', 'L 7&E', 'L!;0<', 'L$;3u', 'L-Z{4', 'L/ji9', 'L;0hXT[', 'L<@p@', 'L?MtH', 'LGH$[', 'LJFXU', 'LMURG', 'LP7P <', 'LQ1Z', 'LRJ88', 'La#.n', 'LdSt@', 'Lh0K6', 'Lired/', 'Lkj{7', 'LnUWT0)', 'LoadLibraryA', 'M roZm@', 'M$|| ?8 8', 'M(HdjT}', 'M-(-q-', 'M/BP\\|*', 'M9[9k9y9}9', 'M:CWa', 'M;;va', 'M>5XnP', 'MIME MHG?', 'MPP9(]', 'MSVCRT.dll', 'MZu-Wv', 'Ma)Zg', ""Mg'dD"", 'MoSNMP', 'Mz6@A0', 'N $0&', 'N (f\\i', 'N$8BA', 'N+A?R,', ""N3'h@d"", 'N5CEB', 'NETAPI32.dll', 'NGlHX', 'NHj Q!', ""NJ'*`A3F"", 'NK\\O6W', 'NS?n:', 'NZZ?@', 'N_+%1', 'N_GnF', 'N`Jj__', ""Ne4';)"", 'Netbios', 'Nn/ID&0', 'Novus', 'Nrd/w', 'Nw0HL', 'N|FJa', 'O!qgY', 'O(-%64O2S', 'O(jW;', 'O)T&', 'O*9y]', 'O.unknowv', 'O/P@P', 'O2;`gp', 'O>NS5', 'O?/l&', 'OCB0H.@A', 'OCWCiC', 'ORGW', 'Oakley', 'Oe#yVu', 'Of1:4', 'OgX.l1mG', 'Ohp5W', 'OkHX9$', 'On/||', 'On/}\\+G', 'OpQUU', 'Os""%%', 'Ot0Rjko', 'OtWVU5', 'Ov|Wh', 'OySLGN', 'P(!?WN', 'P-c?m', 'P2@RB', 'P5POh', 'P>\\p2r""', 'P@p/V', 'PAXI@Z', 'PB*\\/8', 'PCh^E', 'PGWY6', 'PGo(c8j', 'PHTjA', 'PMUeb', 'PNTW<', 'POP=/@', 'PPVQA', 'PQkF]\\', 'PR*E-', 'PRVrf-', ""PR_)'"", 'PS*A-', 'PSAPI.DLL', 'P`_A""', 'PcHoh.q(WD', 'Ph,E?', 'Pi2,Dc^', 'Pi71sE1', 'PiK5:', 'Pm""_P', ""Png'sS"", 'PpM8K', 'P}UQ%', 'Q <e4', 'Q!9^t', 'Q)uWH', 'Q+\\At', 'Q,LuW', 'Q-AqjcI8H', 'Q5e5o5', 'Q:NDm', 'QEs23', 'QIP:f', 'QJ#a:', 'QPVND', 'QPW[5', ""QR8'd"", 'QSRP-', 'QSeA~', 'QUAL!p', 'QUPP=5', 'QUWQR[P', 'QV"".0*', 'QVSWEj', 'QW_V4', 'Qb!Q@^', 'QbV,t', 'QcP43""', 'QgFbB', 'Qh8^R)', 'QhGXQ', 'Qhl(M', 'Qkkbal', 'Qo8-$}', 'QtUh:]', ""Q|j'<"", 'R 3410', 'R""*.+', 'R$JB?I', 'R&h<L', 'R(9^.', 'R)PwC+H', 'R4;$p', ""RB2N'"", 'RQ3*9t', 'RSm`', 'RUWSct8K{', 'RVi0hej', 'RWUh1', 'RX_^[', 'RZKLBh(5', 'R`SZD', 'RegSaveKeyA', 'RgvS`', 'Rkihu', 'S#V$U', 'S%K0h', ""S'QtE"", 'S,pu5""', 'S0g`n', 'S2Fo24', 'S5)10', 'S:p', 'S<Rg0', 'S?C\\p', 'SC=}#x[', 'SETgdmf', 'SN.1g', 'SPI', 'SPLAY', 'SPW[Xb', 'SPWt:', 'SR+SlU', 'SRUt |', 'SS6D#Xk', 'STOP75', 'SXNe<', 'SXcec', 'SY,SS', 'SYGx2', 'S_ROOT', 'S``3Sq!j|', 'SeUZG0', 'ShG?}b', 'Stz~d', 'SvxGJI', 'SyAd9YY', 'S{ (8D]', 'S{,r@', 'S|$(<', 'T""+~K8', 'T$45s', 'T%wK(', 'T&a0T', ""T'_U/'"", 'T)hdo', 'T1OZ5`', 'T4,v[Bcu', 'T?_INT', 'TABLEwS', 'TF47kZ', 'TP8<dd', 'TQ(zU', 'TS,TUSl', 'TUVWX=', 'TWARE\\', 'T\\8QF|', 'Tag""Dr', 'Td#@d', 'Td;8<', 'Td`!J;', 'Thumb', 'Tl:oA', 'Tn>D6', 'TrQo(', 'U$`-h', 'U@\\e|Q', 'UAN?^W', 'UGWVP', 'UNIVEjL+;', 'UPNWSF*3O', 'UPSSn7', 'USAGE', 'USER32.dll', 'UUG2F', 'UU\\DL', 'UU_UU;', 'UW-l<9K', 'UWPM]', 'U[42B', 'Uc)&R', 'Uj{O#M1e', 'Uxo7x', 'U~MhZ', 'V ?sC', 'V#ctS@C', 'V(hJ6', 'V8UzR', 'V<$J^{', 'VEF00', 'VEMOHa', 'VE[Bt', ""VH6[F'\\y"", 'VK8l?', 'VOGOcb', 'VOKEY', 'VPQRg', 'VPV.H', 'VP_CIPHER', 'VQ3(1NW6', 'VRPYhTV', 'VU!&@', 'VU[tfj', 'VUuUSV', 'VVhVPV', 'VWRPS', 'V]tV+', 'V^Wt#', 'V_:J:', 'Vi+#,', 'VirtualProtect', 'Vkx10', 'Vm%gY', 'Vnume', 'Vo_^O', ""Vwuu'2D0"", 'VxQROXSQDR', 'V|RFu|', 'W VSah', 'W!__CxxFV', 'W$#OA.', 'W%s_', 'W(, ^/', 'W/j7', 'W/p&T', 'W3mA0{', 'W512x', 'W9@vD9', 'W:rsao', 'W<^_]1', 'W>[WA', 'WB(#:', 'WCC!%V@', 'WEM>X', 'WJHLLU', 'WLAgxI', 'WQRS8', 'WQh N', 'WQk}n', 'WRA2SE', 'WRIQw', 'WS2_32.dll', 'WSWQu', 'WUVSA+H', 'WUW00U', 'WWatDKUWU', 'W_Aj0', 'Wa7+oB', 'WecECXr', 'WjF p', 'Wj{)i', 'WlRa5', 'Wmf/80', 'Wp!);h', 'Wp^SoL', 'WpjXd', 'WpowK', 'Wri C', 'WsUE$@^', 'Wt%&j', 'WuKWh', 'W{Ws/Rc|eW&k(', 'W}.9=', 'X K(0', 'X)osxnetEx', 'X01hM', 'X1&|\\', 'X3B.~', ""X4<'"", 'X5$+<', 'X9 PJ', 'X9.6P', 'X9_62_CHI', 'X?6adana3cb', 'X@)dLh', 'X@Fh|', ""XE'i+y"", 'XH0}H', 'XM,?H', 'XPG h', 'XPTPSW', 'XP_3!', 'XTWP,?', 'X\\61n', 'Xa*iX', 'Xb53|', 'XooHD`', 'Xpo|4', 'XsP+""un', 'XudiY', 'X{04RVU', ""Y'r9X"", 'Y/)al', 'Y9~`b)', 'YDcLV', 'YEc|~', 'YGu2h', 'YLB`+""L$', 'YPQR+@G', 'YYYgVU', 'YbfQBFIbf', 'Yc""0J', 'Yi pk', 'Z$oP4e', 'Z6QCF/', 'Z98hP', 'ZAdca/', 'ZE4O', 'ZOCTET!\\', 'ZOwhB', 'ZQ/`/U@!', 'Z`9 Z', 'Zs3Q}', 'Zt._(/', '[,SpRWS+', '[,`[$-00Pd', ""[-&LMb#{'"", '[._S^', '[EE@6', '[SpOY', '[TVK0', '[TayOP', '[WPQj', '[XZ&VDC2z', '[YSVEp<(', '[_WSp', '[hx@,Gm', '[lntW7', ""[rth'"", '[uYSe', '[|jj+', '\\&8@S', '\\&hh~<', '\\/H&(', '\\25WU""]', '\\;0U0Y0[0g0q0y0}0', '\\<?@i', '\\@M!|', '\\E`K.', '\\F02C', '\\L+Jxy', '\\QV|;', '\\RS.5', '\\Ut5', '\\[8*U', '\\\\I<o', '\\_2jK/d', '\\dpi\\9|8F', '\\xG b', '\\}4P6@', ']! \\[', ""]&g''}"", '],vPP', ']/ deflate 1.2.3 Copyrigh', ']1a1g1m1s1', ']2Y>:', ']@^][', ']EqLC', ']P0V', ']RunW[0f', ']V617_62', ']VR#u', ']W2a8', ']\\$q\\#', ']d&Pig', ']h-+x', ']hHIC', ""]m'aWa"", ']s.ZR3y', ']w7=P', '^   ""', '^,S=LF4', '^8F\\p', '^=H3pt', '^BGhGU', '^EU\\o', '^J""hz', '^K+@Vu$', '^QMA!', '^fRSPP', '^g""2$', '^ktop', '^m>TY', '^oEZ_', '^pRS1', '^t[WJ', '_ c D w }', '_""1h58', '_$TNNF$$$', ""_'PJ-XchB"", '_(CH+', '_++Vf', '_8e8o8q8}8', '_BYTES?', '_D""n)', '_K|-v', '_LRNCf', '_N2_OL', '_NCTL', '_V=OX', '_Y2^E', '_[]?W', '_a+zu+', ""_c@')'th"", '_d6eC', '_gutc', '_h93/', '_htpH4PI', '_jEht', '_jbF~T', '_khoo', '_lib.', '_nis|o', '_q3jy', '_{%c5', '_|vT$P:', '_~a(5', '` (hyb', '` {\\XX', '`%;R/~1', '`( @b', '`2088?J', '`8_03', '`@3qD', '`AE 9X69@', '`D>>%', '`DPxS', '`ED|D', '`FLd*', '`TBl)8', '`WX+\\z', '`Z /20', '`];JPG', '`_dbg', '`boRC 7', '`etZ]n`', '`kxMT', '`pYxU', ""`t)a'"", '`t?X`8', '`y<sF', 'a 185 &', 'a/1RE/', 'a0QR36', 'a9LWh', 'a:cpy', 'aGSkKA', 'aTVC`H', 'aZRPj', 'ad/Lo', 'aiKwZ', 'al]V3R', 'ap?3tI', 'ap_apW', 'apgap_', 'aq}P|', ""ason'v"", 'at2cX', 'aukRC', 'aw?09', 'awf_M', 'a}Evmus', 'a}uRX', ""b+'+1+3+=+?+K+O+U+i"", 'b/L/G', 'b/\\&Lg/<', 'b/|&p', 'b0&=|Z,', 'b47Zb', 'b4P,Tv', 'b4X24', 'b6m0UQ', 'b;;==>>@@', 'b@/@)R5', 'bPq7X', 'bS)&&TNa', 'bY$\\r', 'bba5d', 'bcg)9%BCOip', 'biN*es', 'bsResponseD', 'btmcf', 'byKey', 'by_:Ws%', 'c!!B0', 'c#""OeL', 'c#W.B', 'c& ,(', 'c,R*s3', 'c0viK', 'c=omb?x', 'cCecEC?', 'cECec)9%', 'cFORMAT', 'cGECu%', 'cLD4u4', 'cM@*S3oD', 'cV[hK', 'cWBXj@R9', 'c]oY}', 'c^8lx.', 'ccnV blocg', 'ch-WT', 'cicK_;', 'ciphO', 'cl!(] ^', 'cl.dX@', 'client', 'cmxa+', 'ctBL&$', 'cuW$U', 'cveOiQC', 'cyg)&%j', 'd!j}W', ""d'nS?"", 'd-7XX', 'd/-93', 'd3/xA3G3[3_3g3', 'd6f0317p', 'dB.XD#Ms', 'dEjV>', 'dG *)', 'dPS#,', 'dT7tGj', 'dVRU]', 'dXl&$`h', 'dY4Kw{,', 'dZ7$&', 'darNE', 'dcc*tpK', 'ddUUX', 'ddlogi', 'dh_llh(', 'dhptx6', 'dhsO lH', 'di4+1', 'doapr()_', 'dqaU6', 'dv,d !', 'dz0y8', 'e L]b', 'e!uPa', 'e!xjw', 'e##F^', 'e$ (,', 'e+RC4:@STRENGT', 'e.<db', 'e/Gjf', 'eKExA', 'eN#q0', 'eR,Ug', 'eSSc\\', 'eT][Y~', ""eYwgw'G"", 'ech0fg', 'ecret', 'ekP~Z', 'el)dSA', 'end3fa', 'enoBig', 'esg5%', 'et""S-24', 'ewh/?y', 'eyG>=', 'f _]e', 'f""""D~**T', 'f$CmYn@', ""f'Ext"", 'f2L.l', 'f6>(DVS', 'f@=OV', 'fC$F2', 'fI^qBHiM(', 'fO:/|&\\', 'fOx0vx', 'f];P*', 'f`7iu""', 'fd@A+', 'ff^q2', 'fffJp(', 'fnQG!', 'fo%`', 'fpf9b', 'froducedAt', 'f|g<', 'g(&M<', 'g(UEjLrU[', 'g=ACZn', 'g@tmh', 'gD4N8', 'gF -G', 'gK99r', 'gWISSUE', 'g_O*C', 'gevdcm', 'gghhkkmmnnpPuuvvy', 'ghijklmnopq', 'ghuaQu', 'gl<RU', 'groc-l', 'gth <=', 'h L6?', 'h$Qd,', 'h$uB1B2,', 'h(7jA1J', 'h,;(=', 'h,_0&`', 'h.-+_C', 'h0*dMG', 'h4!A9', 'h<A7<', 'hA3u""hC3', 'hB""(dv4', 'hCdx%', 'hH4Sh', 'hN3*d', 'hO$5`', 'hSa)', 'h[Yxm', 'h[[&]]', 'h`w,{', ""ha'`X"", 'hcAjA#', 'hcy?}', 'hgA,f', 'hgi- QU', 'hiH\\LH', 'hiYh', 'hm1As\\', 'hob+kB', 'hr]A-', 'hsm7te', 'http://w', 'hx!ohZ9P', 'hy/Be', 'i#y2a', 'i&CYyp', 'i.|(ph', 'i/L5G', 'i0EC<:', 'i0YHX', 'i7str)Y??', 'i<A2Em3L', 'i=)rWpl', 'i=5-*""', 'iP@(P', ""i_0n'iC"", 'i_F#EgI', 'i`-lr\\', 'icalP', 'ieFC2', 'ifhb_cxP', 'ilzMP', 'inoMark Adle<', 'is(qP', 'is;jAj|', 'issuv?CRLIw', 'it^`u', 'itt)@', 'iwoMq', 'ix""8h', 'iy,lB', 'j(?\\', 'j1(phje', 'j2UV;', 'j3""*k', 'j7zY', 'j;Hx5HTuh', 'j<`,d', 'j<e*Y``', 'j>zjZ', 'j@@AA', 'jDh$j', 'jNC05BxAh', 'jS-+0>!N(', 'jSN$V', 'jTh@P', 'jUht', 'jbhdO', 'jg+&*', 'jgj*o', 'jh?]l', 'just0', 'jwHt~LyboA', ""k!'OW"", 'k&BE-', ""k'm's'w'"", 'k2o2u2w2{2', ""k3+'e"", 'k3s3y3', 'k4Ev9', 'k@u(t_', 'kCOMPLEv8X[', 'kFZ\\W', 'kLsR#7', 'kWTyp', 'kXRPQG9', 'khu9Q', 'ki)$G-', 'kixQC', 'kjqSlx4', 'k}L0', 'l6#o#7##', 'l6qnk', 'l7d\\=U', 'l:H<o', 'lTd`u', 'l_Hx`', 'l_Xcp', 'lencqfw@g', 'lperm', 'l{+%Gw', 'm #7 S', 'm#w\\K', 'm&:r@', ""m'Id)RdH6"", 'm*0>[\\;', 'm/FP-S(', ""m47n'"", 'm:WV!,', 'm=D$', 'maaYw', 'mh;#h;', 'mhsml', 'mhwP|', 'mjlW&q', 'mont.c', 'more1', 'mpMe-se', 'ms, 4', 'myD40', 'm|xWD', 'n ;BF', 'n/P&@', 'n1f_n', 'nG/5712', 'nMS2:\\\\', 'nO@&:', 'nPtLY', 'nQRE]', 'n[M $D', 'nd.c/gcdx;', 'ndCd)', 'ng\'AT""', 'nlt3\\', 'nofacGor`{', 'nsSOa1g', 'nu-w(n', 'o R#3', 'o"" @YA', 'o%%Jr..', 'o(|ld', 'o1 p', 'o4SC', 'o;VSu#SVW', 'o;tz9hDu@', 'o<n+BF&d', 'o?ba@f>', 'oJx"">Ps', 'oMaRep', 'oOcbc', 'oR-wsg-^m<.', 'oh4<GJ""', 'on8#p', 'one-~M', 'opEwx', 'opI_b|n', 'oped?e-g(', 'orGL#', 'osh)arV7ITC', 'p%Gu~@MV', ""p'zCMSh"", 'p(rH[', 'p,T?NP,', 'p368wt5', 'p5-E;', 'p68~`', 'p9H7d0ffb<', 'p:DLO', 'pDB2v8', 'pHINEgO', 'pPVWOg', 'pT$H3', 'pWe$Ve', 'pa)3#', 'pcy""l', 'piG%0%', 'pk1x93Vl', 'pm$ 3', 'pt1UU', 'ptxM-', 'p{q$V+<', 'q$st_', 'q&&@1', 'q(]Ai', 'q)R-{', 'q5w5{5}5', 'q?squk', 'qBFibfaBF;', 'qH1!O.u', 'qPR`X', 'qT[H(', 'q_F*|', 'qbymW@', 'qc`_uVUQ-~', 'qjw3k', 'quqh""', 'qx!?2u', 'r cy n', 'r$8@`D', 'r9ExteO', 'rA5a?', 'rP(+.', 'rPo', 'rXG]R', 'r[\\gAgK/', 'rc0=', 'rdTB0', ""renM'"", 'rg/YV{B', 'rlpooj', 'rr;kD', 'rs^mRL', 'rxr84', 'ry/adD""', 'ryHXp,', ""s'cmcti Q`Q"", 's)ko[', 's,-two-bq', 's->sid_ctxp', 's/d+G', 's7D$8', 'sJ|""Qr', 'sPy@n', 'sQ1bH', 'sS,RWU', 'sZ7H<', 's[q^V|', 'sbgpR', 'sfwe?', 'sl_oaep}', 'ss]hCdu', 'ssagom', 's{6v2', 't#0$1', 't,,X.', 't,tCh!-', 't-X@w', 't0&{]pL', 't0w4i', 't;9(~B', 't<D6,,', 't?r+b', 't@8F$g', 't@Fx$QE', 't@z4.', 'tE$A[', 'tHb P', 'tJ:ij$', 'tRY-N', ""tSr#'"", 't\\lHBW', 't]V]N', 't^6p""', 't_""Zk', 't_]tih', 'tgWLWg&4D', 'th:x,^E', 'thodb', 'tlrtL', 'tnAhG', 'tsVSC', 'tuBCaN', 'ty W', 'ty/in', 't~{*&', 'u hQ/E', 'u+aOo', 'u/i#oG', 'u45y(', 'u8j~[Ahdl', 'u:/WST', 'u<p7  h', 'u?zB2', 'uHWXdt=', 'uJGXP', 'uLuH,', 'uOuc\\&', 'u[c(H', 'ueEBk', 'ukEHy', 'ultwx5', 'uqBdQ', 'uvaJa', 'uvwx', 'uwz 9b', 'u~hd:I', 'v !en?En', 'v GzH', 'v,^J$', 'v7$fC', 'v@xE\\!', 'vB< T', 'vHPD>', 'vRXpT', 'valGSa/', 'vfor verif', 'vh=7FP', 'vhfkBt', 'vm$ia', 'voked', 'vuH', 'v{3s %', 'w!,FG""', ""w0jC'pg"", 'w0mhpLG', 'w3$4C', 'w31G31', 'w3hnR', 'w4t-+', 'wLnxU', 'wMbDYW', 'wQG5K`5|,', 'wXha7', 'walKO!', 'wb~""h', 'wcseqsY', 'wex6', 'wfLX`B', 'whxW0', 'wm]CUM', 'wn>Jj', 'wo/;M', 'wrg,D', 'wtajQWE~', 'wtld\\', 'wxh$v', ""w}]P'"", 'x 4)A', 'x((Pz', 'x/2cpQ', 'x105+LK3', 'x287EL', 'x=mu`i3.cl', 'xD?SL)', 'xH1SE', 'xHFt,*', ""xQZ@'NG"", 'xUW?u', 'xWbm~', 'xdM6.', 'xld,Q', 'xqj`X<', 'xvC<7Ns', 'x|e1a7', 'y Yfy', 'y callback', 'y!""#$%', ""y'-US7B"", 'y12345', 'y2F!pm', 'y:{j4D', 'y=>?M', 'yABCDE', 'yHRWU', 'yT+(%', 'yhT H*', 'ysNjsI\\', 'yuCpC0j', 'z(P`Q', 'z0s3v', 'z80v*', 'z8G8K8S8W8', 'z:AE|', 'zP""<T', 'zQ@TM', 'zSh8>', 'z`E,j', 'zabs$', 'zdj5?|', 'zeT""t', 'zjxp7g', 'zt39+nq', 'zwJt5', ""{'|&p"", '{*$jD', '{>DC&c7', '{ADV?', '{Cwl$', '{DsWcle', ""{NL',"", '{Point', '{UPjc', '{X>S4', '{[VU1', '{bLMG', '{da-j', '{sG]@a(', '{u020', ""{|'T{"", '{|xMd-:3', '|%R 21', '|.RP_', '|0Rj&', ""|6RC2'"", '|Ah]L', '|Ahg~B', '|B)CAST', '|DVQj0', '|L}u9', '|PItM:t5', '|V/vo', '|\\@l8', '|^ Pt', '|gLg ?', '|i@o|', '|jn\\?', '|nx?""', '|vH2 ;', '|x?SA', '|~!*\\j0Y', '} 8hL', '}(2t _Y', '}+Pjn3', '}.LHE', '}0t"".A', '}BGX?yF', '}LRi]Uh', '}PhPCrje', '}p+ji', '}r{g', '}uBV_', '~ x$2', '~!;/t', '~%h>MDh', '~&J}/', '~(WVP', '~-rmV6', '~.:st', '~1V=j', '~<Kn;', '~@rd%', '~BChe', '~Eh4;', '~NDfl', '~ONSEgBytes', '~RC#d', '~S-,,3', '~SWAn', '~XNBvgXYids', '~^lE(F', '~_MC_3~', '~c@|P', '~nmap', '~pa,x', '~qCjwk.']","['UPX0', 'UPX1', 'UPX2']",advapi32.dll gdi32.dll kernel32.dll msvcrt.dll netapi32.dll psapi.dll user32.dll ws2_32.dll,regsavekeya bitblt loadlibrarya exitprocess getprocaddress virtualprotect _iob netbios enumprocessmodules getdc send,_ kn ysl 0 _ /ds -uk /www 0wgu 8o oy 9 u :ssohw a i pkt c iq cqobt h xj i o y _ s this program cannot be run in dos mode. xlk vy y5 e z9xy 5 b z 7 mq ea5s lh e n hf tx i valn xoiy 1 9 .j. g/ 8i80 ax e b v ch qm2 dx0_7 fj.p h l hrc 0u k o c g s u hbq:h l n ph p a8n zeof 7n h2i xv9 / 7yvc4 / 3 5 e q s y 8h 1 rsa 1s0d0t 4 o / 3 a w c e w ghijkl hsa k e qhag yzwpc d9 bml c k h8-a n 7 q0c 9 vxl 1/vi dhc a c m _ g k y 57 cm _ : oo c4 tlw i w1zw jjah n kg o 0 sgx/ v-5q vln _9b2f blz l d o2rq p x4n0 qxax x7 dxi 1 c k o vex z0 geno x cecec fnrv o8wx _l tsa0key uffb w q _p:q u w k 5 k s y e i o /l 0n9_ 3tyc 4wc 8 xv :2q-_ 60 bdbei mqhx q jloub2 b tcb uquk _tbw j2u8 lo mhj p hcp r 8 xv t/h pq 2 x y -./: 1wss_ / k 5 7 m s u _ 9r st mso aj fieldiu list nist/s o2828 t o6 zywc _ 04d a g alqhome c lf8pairs qq/ oti unxb vfycx 7ec pdh4 m q 8x_ 1 i q a o 0of r xo -bxdl : i h bi khxg pqrg wga x h x.i p x:3e yitj z3 0 b f3 h3p8 r0q t2tt- tws uv 0 ze y vspp 7l dhk -9 .-iso 0t-l 6 v l :p i :_30 pqytv g e i o u f d ht qhl9 wvtk x81ag zeo m/ tn 5 l a-z xx g0 n b1/q pixa tuw s u 8q vt:bfv p w--z x i4 l l d // rh 7o u4c l c vh o u _ e k m s tj d t habx hdor- phpw qjmnqm -./0y /d x : kax c p xg8 g d 4 gripemd. gv f lbhl prupq qrw 5 wpqu 2 h ckk3 h m o tq-tl 0 x _t pj u x / 5 9 a 4 8_ 5 9h 9lqz h8 o b h t pww1 q2l k um0pd w y i w xc. pkcs z jes d j_ fdhd oc57 p3 q:wb t -t ufl x _ 0 i 88pgs - ior - dc5 - ahl m -0wpp -2f 128an - .i- - bb - 3 7 c o s u y - 0 v -cbcw -f_j8 -_x d -i: -o21g -ok e -p.hm -v3 oid . p x . .-.3.7 .1494 w .d/ p .eowsue .g .kri 0 .mxf. .pq .uver . 0 e . fw .c/ .d.uk .full .jg jq .v q 2 / / /a/e / 4 / 38 s-r / hxh / _g / 8 g /-l. /12c2tnb4 /8t d /a_ a /cfq /e 8 /fboolean /g hh /hv j /hwp /ike/ /k/m/q/w/o/u/ / /m km /pgan /qz /r8om_ /x :g /xp g /zbii / g /_h g /cfcfk /d.c /dotg /faq.dm . /ix_4 /ld 0 /q g /r 9 /ti wml /tp g /y g / clr / h g / g / cx 0 g4 0 dxf 0 nf 0 tifnj o 0 kia 03j_ 03yqa 04 . 04/ _ 0404 05 - 0b.yclh 0d i 0i9 h 0qwrn 0x3a8 0 l 0_ q 0 2 c 0 v f 0bdh ws,upx0 upx1 upx2,advapi32.dll gdi32.dll kernel32.dll msvcrt.dll netapi32.dll psapi.dll user32.dll ws2_32.dll regsavekeya bitblt loadlibrarya exitprocess getprocaddress virtualprotect _iob netbios enumprocessmodules getdc send upx0 upx1 upx2 _ kn ysl 0 _ /ds -uk /www 0wgu 8o oy 9 u :ssohw a i pkt c iq cqobt h xj i o y _ s this program cannot be run in dos mode. xlk vy y5 e z9xy 5 b z 7 mq ea5s lh e n hf tx i valn xoiy 1 9 .j. g/ 8i80 ax e b v ch qm2 dx0_7 fj.p h l hrc 0u k o c g s u hbq:h l n ph p a8n zeof 7n h2i xv9 / 7yvc4 / 3 5 e q s y 8h 1 rsa 1s0d0t 4 o / 3 a w c e w ghijkl hsa k e qhag yzwpc d9 bml c k h8-a n 7 q0c 9 vxl 1/vi dhc a c m _ g k y 57 cm _ : oo c4 tlw i w1zw jjah n kg o 0 sgx/ v-5q vln _9b2f blz l d o2rq p x4n0 qxax x7 dxi 1 c k o vex z0 geno x cecec fnrv o8wx _l tsa0key uffb w q _p:q u w k 5 k s y e i o /l 0n9_ 3tyc 4wc 8 xv :2q-_ 60 bdbei mqhx q jloub2 b tcb uquk _tbw j2u8 lo mhj p hcp r 8 xv t/h pq 2 x y -./: 1wss_ / k 5 7 m s u _ 9r st mso aj fieldiu list nist/s o2828 t o6 zywc _ 04d a g alqhome c lf8pairs qq/ oti unxb vfycx 7ec pdh4 m q 8x_ 1 i q a o 0of r xo -bxdl : i h bi khxg pqrg wga x h x.i p x:3e yitj z3 0 b f3 h3p8 r0q t2tt- tws uv 0 ze y vspp 7l dhk -9 .-iso 0t-l 6 v l :p i :_30 pqytv g e i o u f d ht qhl9 wvtk x81ag zeo m/ tn 5 l a-z xx g0 n b1/q pixa tuw s u 8q vt:bfv p w--z x i4 l l d // rh 7o u4c l c vh o u _ e k m s tj d t habx hdor- phpw qjmnqm -./0y /d x : kax c p xg8 g d 4 gripemd. gv f lbhl prupq qrw 5 wpqu 2 h ckk3 h m o tq-tl 0 x _t pj u x / 5 9 a 4 8_ 5 9h 9lqz h8 o b h t pww1 q2l k um0pd w y i w xc. pkcs z jes d j_ fdhd oc57 p3 q:wb t -t ufl x _ 0 i 88pgs - ior - dc5 - ahl m -0wpp -2f 128an - .i- - bb - 3 7 c o s u y - 0 v -cbcw -f_j8 -_x d -i: -o21g -ok e -p.hm -v3 oid . p x . .-.3.7 .1494 w .d/ p .eowsue .g .kri 0 .mxf. .pq .uver . 0 e . fw .c/ .d.uk .full .jg jq .v q 2 / / /a/e / 4 / 38 s-r / hxh / _g / 8 g /-l. /12c2tnb4 /8t d /a_ a /cfq /e 8 /fboolean /g hh /hv j /hwp /ike/ /k/m/q/w/o/u/ / /m km /pgan /qz /r8om_ /x :g /xp g /zbii / g /_h g /cfcfk /d.c /dotg /faq.dm . /ix_4 /ld 0 /q g /r 9 /ti wml /tp g /y g / clr / h g / g / cx 0 g4 0 dxf 0 nf 0 tifnj o 0 kia 03j_ 03yqa 04 . 04/ _ 0404 05 - 0b.yclh 0d i 0i9 h 0qwrn 0x3a8 0 l 0_ q 0 2 c 0 v f 0bdh ws,"sample B98hX8E8622C393D7E832D39E620EAD5D3B49 header machine 332 subsystem 2 sections UPX0 UPX1 UPX2 dlls ADVAPI32.dll GDI32.dll KERNEL32.DLL MSVCRT.dll NETAPI32.dll PSAPI.DLL USER32.dll WS2_32.dll imports RegSaveKeyA BitBlt LoadLibraryA ExitProcess GetProcAddress VirtualProtect _iob Netbios EnumProcessModules GetDC send strings ! _""; !""\kN !$ySl !&0((_ !+/ds !-Uk< !/WWW !0wGU !8O]Oy !9$U<` !:SsOHW !;A,i+! !;[][ !?pkt !C@iq !CQOBt !H<XJ !I!O!Y![!_!s!}! !This program cannot be run in DOS mode. !Xlk""vY' !Y5,e !Z9Xy !\*#5 !b=z&7?@,MQ> !eA5s !lh+E !n$hF !tX)i !vAlN !xOIy ""!""%""+""1""9 ""#.j. ""#?(G/( ""8i80 ""AX+E ""B`V` ""Ch@qm2 ""DX0_7 ""FJ.p ""H?;L ""HrC,0u ""K""O""c""g""s""u"" ""]$$` ""hBQ:h ""l""n? ""pH#<"" ""p`,A8N ""zeof 7N # h2I # xv9* ###/ ##%%&&)) ##7YvC4 #'#)#/#3#5#E#Q#S#Y #)~(8h #1 RSA #1s0d0t #4 o #>)>/>3>A>W>c>e>w> #GHIJKL$ #HSA@ #K[E? #QHAG #YzWPc #\D9} #bML"" #c#k# #h8-a #n`7#$ #q0c?9 #|VXL $$1/vI $(DhC^ $)$=$A$C$M$_$g$k$y$}$ $57 CM,_ $: oO} $<c4# $<tlW $I?W1Zw $JjAh $N'KG $O$[0 $SGX/ $V-5Q $VLn! $_9b2f $bLZ[ $l|%,D* $o2rq $p%X4n0 $qXax $x7^dxi %'%1%=%C%K%O %+@VeX %<,z0 %>geno&X %CecEC %FnRV %O8wx %_l>% %tSa0Key %uFfB &$W#q &$_P:Q &$u#W && K &'&)&5&;&?&K&S&Y&e&i&o& &'()* &/L&< &0n9_ &3tYC &4WC &8'XV &:2q-_ &>60[ &BDBei &MQhx &Q&jloUb2!B{ &Tcb! &UQUk &_TBW &j2U8 &lO mhJ &p}hCP\R &|8;Xv &}t/h '$PQ(2 '&x;Y '()+,-./:=? ','``|1wss_, '/<K! '5'7'M'S'U'_' '9R""St '@mso 'Aj~+ 'FIELDIu 'List 'NIST/S 'O2828 'T?O6 'ZyWc|% '_%04d 'a G$ 'alqHome 'c# | 'lf8Pairs 'qQ/**oti 'unXb 'vfycx'""7ec '|PdH4^ '}?M&;"" '~Q#""8x_ (!(1(=(?(I(Q([(](a( ("")o& (#0OF,R (*|XO (-bXDl (<:=i (H{BI (KhXg (PQRG (WGa, (X#h (X.I=P) (X:3E (YITJ (Z3^0 (b )}F3 (h3P8 (r0q` (t2tt- (tWS( (uV""0 (zE!Y (~VSPP )""7l] )#Dhk )*+-9 ).-ISO )0t-l )6;V]L ):P`i ):_30 )<PQYtV )?)G)])e)i)o)u) )@f | )D\ht )QhL9 )WVtK )X81ag )\ZEo^m/ )]tn? )`5$l )a-z%`XX@g0&N )b1/q )pixA )tuW S )u!8Q )vt:bFV;P )w--Z"
BVJ2D9FBF759F527AF373E34673DC3ACA462,5632,0,332,3,1242321160,271,28064,4194304,2,0,6,0,4096,4096,20480,16,8,8,5,68,3,3.5071353369329086,7.5337536100876035,1536.0,9557.333333333334,"['KERNEL32.DLL', 'MSVCRT.dll', 'SHELL32.dll', 'USER32.dll', 'WS2_32.dll']","['LoadLibraryA', 'ExitProcess', 'GetProcAddress', 'VirtualProtect', 'atol', 'SHChangeNotify', 'LoadStringA', 'closesocket']","['!This program cannot be run in DOS mode.', '""*>Lbi', '""unhP', '#rocesszMult!|', '*(SY)# cmd', '-S/$\\C7', '.exe', '.rsrc', '.ueope', '0123456789-/', '1http://w', '5X,^0T', '6]Cg2', '7p4W\\8', ';s)t[m', '<*""ur', '<}:x-', '= %d', '>""u:F', '@7tHj@', 'ABCDEFGHIJKLMNO', 'CloseHand', 'Ex""Th', 'ExitProcess', 'EyDu<', 'GetCompu$', 'GetProcAddress', 'Info$', 'KERNEL32.DLL', 'L40!F ;', 'LfL8p', 'LoadLibraryA', 'LoadStringA', 'MSVCRT.dll', 'NRhph', 'NV`h~', 'ON? > nuJ/c dU', 'Object!', 'RPX48', 'Richo', 'SHChangeNotify', 'SHELL32.dll', 'Sh=C0h', 'USER32.dll', 'V3P;(C,', 'VirtualProtect', 'WS2_32.dll', 'WaitForSing', 'XPTPSW', 'XYZabcdefghijklmnopqrstuvwxyzv=', 'al4c/', 'bOhKO1|t', 'com/test.', ""el'COMSPEC"", 'fsg\\n', 'ia}l;r', 'ltpDH', 'n.dllq', 'o7R9Fi', 'o`RdSe', 'pzQL8D4M', 'rName2PipSDisconn', 're#pw', 'reateEventA', 't_fdiv', 'xR|@.', 'y7Envifnm;Va.', '}able']","['UPX0', 'UPX1', '.rsrc']",kernel32.dll msvcrt.dll shell32.dll user32.dll ws2_32.dll,loadlibrarya exitprocess getprocaddress virtualprotect atol shchangenotify loadstringa closesocket,this program cannot be run in dos mode. lbi unhp rocesszmult sy cmd -s/ c7 .exe .rsrc .ueope 0123456789-/ 1http://w 5x 0t 6 cg2 7p4w 8 s t m ur :x- d u:f 7thj abcdefghijklmno closehand ex th exitprocess eydu getcompu getprocaddress info kernel32.dll l40 f lfl8p loadlibrarya loadstringa msvcrt.dll nrhph nv h on nuj/c du object rpx48 richo shchangenotify shell32.dll sh c0h user32.dll v3p c virtualprotect ws2_32.dll waitforsing xptpsw xyzabcdefghijklmnopqrstuvwxyzv al4c/ bohko1 t com/test. el comspec fsg n ia l r ltpdh n.dllq o7r9fi o rdse pzql8d4m rname2pipsdisconn re pw reateeventa t_fdiv xr . y7envifnm va. able,upx0 upx1 .rsrc,kernel32.dll msvcrt.dll shell32.dll user32.dll ws2_32.dll loadlibrarya exitprocess getprocaddress virtualprotect atol shchangenotify loadstringa closesocket upx0 upx1 .rsrc this program cannot be run in dos mode. lbi unhp rocesszmult sy cmd -s/ c7 .exe .rsrc .ueope 0123456789-/ 1http://w 5x 0t 6 cg2 7p4w 8 s t m ur :x- d u:f 7thj abcdefghijklmno closehand ex th exitprocess eydu getcompu getprocaddress info kernel32.dll l40 f lfl8p loadlibrarya loadstringa msvcrt.dll nrhph nv h on nuj/c du object rpx48 richo shchangenotify shell32.dll sh c0h user32.dll v3p c virtualprotect ws2_32.dll waitforsing xptpsw xyzabcdefghijklmnopqrstuvwxyzv al4c/ bohko1 t com/test. el comspec fsg n ia l r ltpdh n.dllq o7r9fi o rdse pzql8d4m rname2pipsdisconn re pw reateeventa t_fdiv xr . y7envifnm va. able,"sample BVJ2D9FBF759F527AF373E34673DC3ACA462 header machine 332 subsystem 2 sections UPX0 UPX1 .rsrc dlls KERNEL32.DLL MSVCRT.dll SHELL32.dll USER32.dll WS2_32.dll imports LoadLibraryA ExitProcess GetProcAddress VirtualProtect atol SHChangeNotify LoadStringA closesocket strings !This program cannot be run in DOS mode. ""*>Lbi ""unhP #rocesszMult!| *(SY)# cmd -S/$\C7 .exe .rsrc .ueope 0123456789-/ 1http://w 5X,^0T 6]Cg2 7p4W\8 ;s)t[m <*""ur <}:x- = %d >""u:F @7tHj@ ABCDEFGHIJKLMNO CloseHand Ex""Th ExitProcess EyDu< GetCompu$ GetProcAddress Info$ KERNEL32.DLL L40!F ; LfL8p LoadLibraryA LoadStringA MSVCRT.dll NRhph NV`h~ ON? > nuJ/c dU Object! RPX48 Richo SHChangeNotify SHELL32.dll Sh=C0h USER32.dll V3P;(C, VirtualProtect WS2_32.dll WaitForSing XPTPSW XYZabcdefghijklmnopqrstuvwxyzv= al4c/ bOhKO1|t com/test. el'COMSPEC fsg\n ia}l;r ltpDH n.dllq o7R9Fi o`RdSe pzQL8D4M rName2PipSDisconn re#pw reateEventA t_fdiv xR|@. y7Envifnm;Va. }able"
DS22_A670D13D4D014169C4080328B8FEB86,15360,0,332,3,1285661381,271,3422617582,4194304,2,0,6,0,9728,4010496,0,16,85,85,7,150,3,4.815279128871644,6.241011178413984,4778.666666666667,1339762.0,"['KERNEL32.dll', 'USER32.dll', 'ADVAPI32.dll', 'SHELL32.dll', 'MSVCRT.dll', 'WININET.dll', 'WS2_32.dll']","['CreateFileA', 'LocalAlloc', 'Sleep', 'CreateThread', 'CreateMutexA', 'CopyFileW', 'GetFileSize', 'CreateProcessA', 'GetEnvironmentVariableW', 'GetShortPathNameW', 'GetStartupInfoA', 'GetModuleHandleA', 'ReadFile', 'LocalFree', 'GetLastError', 'GetModuleFileNameW', 'CloseHandle', 'SendMessageA', 'FindWindowExA', 'RegQueryValueExA', 'RegCloseKey', 'RegSetValueExW', 'RegOpenKeyExA', 'SHGetSpecialFolderPathW', 'ShellExecuteW', '_controlfp', '_except_handler3', '__set_app_type', 'memset', '__CxxFrameHandler', 'strlen', 'sprintf', 'memcpy', 'strcpy', 'strcat', '_mbsnbcpy', '_mbsnbcmp', 'atol', '_mbscmp', 'atoi', 'fclose', 'fwrite', 'fopen', 'strstr', 'wcslen', 'wcstombs', 'setlocale', 'wcscmp', 'wcscat', 'mbstowcs', 'wcsrchr', 'wcscpy', 'getenv', 'strcmp', 'time', 'free', '__dllonexit', '_onexit', '_exit', '_XcptFilter', 'exit', '_acmdln', '__getmainargs', '_initterm', '__setusermatherr', '_adjust_fdiv', '__p__commode', '__p__fmode', '_strnicmp', 'HttpAddRequestHeadersA', 'HttpOpenRequestA', 'HttpEndRequestA', 'InternetWriteFile', 'HttpSendRequestA', 'InternetReadFile', 'HttpQueryInfoA', 'InternetAttemptConnect', 'InternetCloseHandle', 'InternetConnectA', 'InternetOpenA', 'HttpSendRequestExA', 'gethostbyname', 'inet_ntoa', 'WSAStartup', 'gethostname']","['!This program cannot be run in DOS mode.', '""></yahoo>', '#32770', '%s-%s', '%s\\INETINFO.EXE', '%s\\fxsst.dlL', '%s\\setup.exe', '&Allow', '--MULTI-PARTS-FORM-DATA-BOUNDARY', '.html', '.text', '5bRich', '<yahoo ex=""', '<yahoo sb=""', '>""u:F', '@.data', 'ADVAPI32.dll', 'Accept: */*', 'BBBBBBBBBBBBBBBBBBBBBABBBB', 'CloseHandle', 'Content Type', 'Content-Disposition: form-data; name=""%s""', 'Content-Disposition: form-data; name=""%s""; filename=""%s""', 'Content-Length: %d', 'Content-Type: %s', 'Content-Type: application/x-www-form-urlencoded', 'Content-Type: multipart/form-data; boundary=--MULTI-PARTS-FORM-DATA-BOUNDARY', 'CopyFileW', 'CreateFileA', 'CreateMutexA', 'CreateProcessA', 'CreateThread', 'FindWindowExA', 'GetEnvironmentVariableW', 'GetFileSize', 'GetLastError', 'GetModuleFileNameW', 'GetModuleHandleA', 'GetShortPathNameW', 'GetStartupInfoA', 'HTTP/1.0', 'HtJHuUj', 'HttpAddRequestHeadersA', 'HttpEndRequestA', 'HttpOpenRequestA', 'HttpQueryInfoA', 'HttpSendRequestA', 'HttpSendRequestExA', 'IPHONE8.5(host:%s,ip:%s)', 'InternetAttemptConnect', 'InternetCloseHandle', 'InternetConnectA', 'InternetOpenA', 'InternetReadFile', 'InternetWriteFile', 'KERNEL32.dll', 'LocalAlloc', 'LocalFree', 'MSVCRT.dll', 'NETAPI32.dll', 'PPhb""@', 'PWWj WWWWV', 'PWWj WWWWh', 'Ph<X@', 'QQSVWjd[', 'QSVjd', 'ReadFile', 'RegCloseKey', 'RegOpenKeyExA', 'RegQueryValueExA', 'RegSetValueExW', 'SHELL32.dll', 'SHGetSpecialFolderPathW', 'SSSPh', 'SVHWH', 'SVWjd[', 'SVWjd^', 'SVWjd_', 'SVWjd_3', 'SVWt4', 'SVjd[S', 'SendMessageA', 'ShellExecuteW', 'Sleep', 'Software\\Microsoft\\Windows\\CurrentVersion\\Run', 'USER32.dll', 'USERPROFILE', 'VWh@Y@', 'Vh8S@', 'Vh@X@', 'WININET.dll', 'WS2_32.dll', 'WinDir', 'XPVSS', 'XXXXXYXXXXXhttp://media.metdf.com.au/index1.html', 'X_^[]', 'YYYYYXYYYYYhttp://us.bottalk.org/index1.html', 'YY_^]', 'YYw(W', 'Yh@Z@', 'YtEjd', 'Yu4SS', '^h S@', '_XcptFilter', '__CxxFrameHandler', '__dllonexit', '__getmainargs', '__p__commode', '__p__fmode', '__set_app_type', '__setusermatherr', '_acmdln', '_adjust_fdiv', '_controlfp', '_except_handler3', '_exit', '_initterm', '_mbscmp', '_mbsnbcmp', '_mbsnbcpy', '_onexit', '_strnicmp', '`.rdata', 'application/octet-stream', 'exec error', 'fclose', 'fopen', 'fwrite', 'getenv', 'hAAAAAAAAAAAAAAAAAAAAABAAAA', 'https', 'jd[Su', 'letusgozrmmv1.1', 'mbstowcs', 'memcpy', 'memset', 'setlocale', 'sleep %d', 'sprintf', 'strcat', 'strcmp', 'strcpy', 'strlen', 'strstr', 'wcscat', 'wcscmp', 'wcscpy', 'wcslen', 'wcsrchr', 'wcstombs']","['.text', '.rdata', '.data']",kernel32.dll user32.dll advapi32.dll shell32.dll msvcrt.dll wininet.dll ws2_32.dll,createfilea localalloc sleep createthread createmutexa copyfilew getfilesize createprocessa getenvironmentvariablew getshortpathnamew getstartupinfoa getmodulehandlea readfile localfree getlasterror getmodulefilenamew closehandle sendmessagea findwindowexa regqueryvalueexa regclosekey regsetvalueexw regopenkeyexa shgetspecialfolderpathw shellexecutew _controlfp _except_handler3 __set_app_type memset __cxxframehandler strlen sprintf memcpy strcpy strcat _mbsnbcpy _mbsnbcmp atol _mbscmp atoi fclose fwrite fopen strstr wcslen wcstombs setlocale wcscmp wcscat mbstowcs wcsrchr wcscpy getenv strcmp time free __dllonexit _onexit _exit _xcptfilter exit _acmdln __getmainargs _initterm __setusermatherr _adjust_fdiv __p__commode __p__fmode _strnicmp httpaddrequestheadersa httpopenrequesta httpendrequesta internetwritefile httpsendrequesta internetreadfile httpqueryinfoa internetattemptconnect internetclosehandle internetconnecta internetopena httpsendrequestexa gethostbyname inet_ntoa wsastartup gethostname,this program cannot be run in dos mode. /yahoo 32770 s- s s inetinfo.exe s fxsst.dll s setup.exe allow --multi-parts-form-data-boundary .html .text 5brich yahoo ex yahoo sb u:f .data advapi32.dll accept: / bbbbbbbbbbbbbbbbbbbbbabbbb closehandle content type content-disposition: form-data name s content-disposition: form-data name s filename s content-length: d content-type: s content-type: application/x-www-form-urlencoded content-type: multipart/form-data boundary --multi-parts-form-data-boundary copyfilew createfilea createmutexa createprocessa createthread findwindowexa getenvironmentvariablew getfilesize getlasterror getmodulefilenamew getmodulehandlea getshortpathnamew getstartupinfoa http/1.0 htjhuuj httpaddrequestheadersa httpendrequesta httpopenrequesta httpqueryinfoa httpsendrequesta httpsendrequestexa iphone8.5 host: s ip: s internetattemptconnect internetclosehandle internetconnecta internetopena internetreadfile internetwritefile kernel32.dll localalloc localfree msvcrt.dll netapi32.dll pphb pwwj wwwwv pwwj wwwwh ph x qqsvwjd qsvjd readfile regclosekey regopenkeyexa regqueryvalueexa regsetvalueexw shell32.dll shgetspecialfolderpathw sssph svhwh svwjd svwjd svwjd_ svwjd_3 svwt4 svjd s sendmessagea shellexecutew sleep software microsoft windows currentversion run user32.dll userprofile vwh y vh8s vh x wininet.dll ws2_32.dll windir xpvss xxxxxyxxxxxhttp://media.metdf.com.au/index1.html x_ yyyyyxyyyyyhttp://us.bottalk.org/index1.html yy_ yyw w yh z ytejd yu4ss h s _xcptfilter __cxxframehandler __dllonexit __getmainargs __p__commode __p__fmode __set_app_type __setusermatherr _acmdln _adjust_fdiv _controlfp _except_handler3 _exit _initterm _mbscmp _mbsnbcmp _mbsnbcpy _onexit _strnicmp .rdata application/octet-stream exec error fclose fopen fwrite getenv haaaaaaaaaaaaaaaaaaaaabaaaa https jd su letusgozrmmv1.1 mbstowcs memcpy memset setlocale sleep d sprintf strcat strcmp strcpy strlen strstr wcscat wcscmp wcscpy wcslen wcsrchr wcstombs,.text .rdata .data,kernel32.dll user32.dll advapi32.dll shell32.dll msvcrt.dll wininet.dll ws2_32.dll createfilea localalloc sleep createthread createmutexa copyfilew getfilesize createprocessa getenvironmentvariablew getshortpathnamew getstartupinfoa getmodulehandlea readfile localfree getlasterror getmodulefilenamew closehandle sendmessagea findwindowexa regqueryvalueexa regclosekey regsetvalueexw regopenkeyexa shgetspecialfolderpathw shellexecutew _controlfp _except_handler3 __set_app_type memset __cxxframehandler strlen sprintf memcpy strcpy strcat _mbsnbcpy _mbsnbcmp atol _mbscmp atoi fclose fwrite fopen strstr wcslen wcstombs setlocale wcscmp wcscat mbstowcs wcsrchr wcscpy getenv strcmp time free __dllonexit _onexit _exit _xcptfilter exit _acmdln __getmainargs _initterm __setusermatherr _adjust_fdiv __p__commode __p__fmode _strnicmp httpaddrequestheadersa httpopenrequesta httpendrequesta internetwritefile httpsendrequesta internetreadfile httpqueryinfoa internetattemptconnect internetclosehandle internetconnecta internetopena httpsendrequestexa gethostbyname inet_ntoa wsastartup gethostname .text .rdata .data this program cannot be run in dos mode. /yahoo 32770 s- s s inetinfo.exe s fxsst.dll s setup.exe allow --multi-parts-form-data-boundary .html .text 5brich yahoo ex yahoo sb u:f .data advapi32.dll accept: / bbbbbbbbbbbbbbbbbbbbbabbbb closehandle content type content-disposition: form-data name s content-disposition: form-data name s filename s content-length: d content-type: s content-type: application/x-www-form-urlencoded content-type: multipart/form-data boundary --multi-parts-form-data-boundary copyfilew createfilea createmutexa createprocessa createthread findwindowexa getenvironmentvariablew getfilesize getlasterror getmodulefilenamew getmodulehandlea getshortpathnamew getstartupinfoa http/1.0 htjhuuj httpaddrequestheadersa httpendrequesta httpopenrequesta httpqueryinfoa httpsendrequesta httpsendrequestexa iphone8.5 host: s ip: s internetattemptconnect internetclosehandle internetconnecta internetopena internetreadfile internetwritefile kernel32.dll localalloc localfree msvcrt.dll netapi32.dll pphb pwwj wwwwv pwwj wwwwh ph x qqsvwjd qsvjd readfile regclosekey regopenkeyexa regqueryvalueexa regsetvalueexw shell32.dll shgetspecialfolderpathw sssph svhwh svwjd svwjd svwjd_ svwjd_3 svwt4 svjd s sendmessagea shellexecutew sleep software microsoft windows currentversion run user32.dll userprofile vwh y vh8s vh x wininet.dll ws2_32.dll windir xpvss xxxxxyxxxxxhttp://media.metdf.com.au/index1.html x_ yyyyyxyyyyyhttp://us.bottalk.org/index1.html yy_ yyw w yh z ytejd yu4ss h s _xcptfilter __cxxframehandler __dllonexit __getmainargs __p__commode __p__fmode __set_app_type __setusermatherr _acmdln _adjust_fdiv _controlfp _except_handler3 _exit _initterm _mbscmp _mbsnbcmp _mbsnbcpy _onexit _strnicmp .rdata application/octet-stream exec error fclose fopen fwrite getenv haaaaaaaaaaaaaaaaaaaaabaaaa https jd su letusgozrmmv1.1 mbstowcs memcpy memset setlocale sleep d sprintf strcat strcmp strcpy strlen strstr wcscat wcscmp wcscpy wcslen wcsrchr wcstombs,"sample DS22_A670D13D4D014169C4080328B8FEB86 header machine 332 subsystem 2 sections .text .rdata .data dlls KERNEL32.dll USER32.dll ADVAPI32.dll SHELL32.dll MSVCRT.dll WININET.dll WS2_32.dll imports CreateFileA LocalAlloc Sleep CreateThread CreateMutexA CopyFileW GetFileSize CreateProcessA GetEnvironmentVariableW GetShortPathNameW GetStartupInfoA GetModuleHandleA ReadFile LocalFree GetLastError GetModuleFileNameW CloseHandle SendMessageA FindWindowExA RegQueryValueExA RegCloseKey RegSetValueExW RegOpenKeyExA SHGetSpecialFolderPathW ShellExecuteW _controlfp _except_handler3 __set_app_type memset __CxxFrameHandler strlen sprintf memcpy strcpy strcat _mbsnbcpy _mbsnbcmp atol _mbscmp atoi fclose fwrite fopen strstr wcslen wcstombs setlocale wcscmp wcscat mbstowcs wcsrchr wcscpy getenv strcmp time free __dllonexit _onexit _exit _XcptFilter exit _acmdln __getmainargs _initterm __setusermatherr _adjust_fdiv __p__commode __p__fmode _strnicmp HttpAddRequestHeadersA HttpOpenRequestA HttpEndRequestA InternetWriteFile HttpSendRequestA InternetReadFile HttpQueryInfoA InternetAttemptConnect InternetCloseHandle InternetConnectA InternetOpenA HttpSendRequestExA gethostbyname inet_ntoa WSAStartup gethostname strings !This program cannot be run in DOS mode. ""></yahoo> #32770 %s-%s %s\INETINFO.EXE %s\fxsst.dlL %s\setup.exe &Allow --MULTI-PARTS-FORM-DATA-BOUNDARY .html .text 5bRich <yahoo ex="" <yahoo sb="" >""u:F @.data ADVAPI32.dll Accept: */* BBBBBBBBBBBBBBBBBBBBBABBBB CloseHandle Content Type Content-Disposition: form-data; name=""%s"" Content-Disposition: form-data; name=""%s""; filename=""%s"" Content-Length: %d Content-Type: %s Content-Type: application/x-www-form-urlencoded Content-Type: multipart/form-data; boundary=--MULTI-PARTS-FORM-DATA-BOUNDARY CopyFileW CreateFileA CreateMutexA CreateProcessA CreateThread FindWindowExA GetEnvironmentVariableW GetFileSize GetLastError GetModuleFileNameW GetModuleHandleA GetShortPathNameW GetStartupInfoA HTTP/1.0 HtJHuUj HttpAddRequestHeadersA HttpEndRequestA HttpOpenRequestA HttpQueryInfoA HttpSendRequestA HttpSendRequestExA IPHONE8.5(host:%s,ip:%s) InternetAttemptConnect InternetCloseHandle InternetConnectA InternetOpenA InternetReadFile InternetWriteFile KERNEL32.dll LocalAlloc LocalFree MSVCRT.dll NETAPI32.dll PPhb""@ PWWj WWWWV PWWj WWWWh Ph<X@ QQSVWjd[ QSVjd ReadFile RegCloseKey RegOpenKeyExA RegQueryValueExA RegSetValueExW SHELL32.dll SHGetSpecialFolderPathW SSSPh SVHWH SVWjd[ SVWjd^ SVWjd_ SVWjd_3 SVWt4 SVjd[S SendMessageA ShellExecuteW Sleep Software\Microsoft\Windows\CurrentVersion\Run USER32.dll USERPROFILE VWh@Y@ Vh8S@ Vh@X@ WININET.dll WS2_32.dll WinDir XPVSS XXXXXYXXXXXhttp://media.metdf.com.au/index1.html X_^[] YYYYYXYYYYYhttp://us.bottalk.org/index1.html YY_^] YYw(W Yh@Z@ YtEjd Yu4SS ^h S@ _XcptFilter __CxxFrameHandler __dllonexit __getmainargs __p__commode __p__fmode __set_app_type __setusermatherr _acmdln _adjust_fdiv _controlfp _except_handler3 _exit _initterm _mbscmp _mbsnbcmp _mbsnbcpy _onexit _strnicmp `.rdata application/octet-stream exec error fclose fopen fwrite getenv hAAAAAAAAAAAAAAAAAAAAABAAAA https jd[Su letusgozrmmv1.1 mbstowcs memcpy memset setlocale sleep %d sprintf strcat strcmp strcpy strlen strstr wcscat wcscmp wcscpy wcslen wcsrchr wcstombs"
EEE99EC8AA67B05407C01094184C33D2B5A44,5120,0,332,3,1263576056,271,27632,4194304,2,0,6,0,4096,4096,20480,16,7,7,4,52,3,3.383914694934745,7.574147822090668,1365.3333333333333,9557.333333333334,"['KERNEL32.DLL', 'MSVCRT.dll', 'USER32.dll', 'WS2_32.dll']","['LoadLibraryA', 'ExitProcess', 'GetProcAddress', 'VirtualProtect', 'atol', 'LoadStringA', 'send']","['!This program cannot be run in DOS mode.', '""L^B`', ""'6<_`BdS'p$jp"", '*(SY)# cmd', '.>Pbm', '.exe', '.rsrc', '4M>FP`l', '9R@WP', '9{=0(', '>""u:F', '?4KXL_beg', 'ABCDEFGHIJKLMNO', 'D@TPL', 'DisconnJ', 'Du<icat', 'ExitProcess', 'GetCom', 'GetProcAddress', 'KERNEL32.DLL', 'L40!F ;', 'LoadLibraryA', 'LoadStringA', 'MSVCRT.dll', 'RPX48', 'RtpEppZDH', 'USER32.dll', 'V3P;-', 'VirtualProtect', 'WS2_32.dll', 'WaitForSing', 'XPTPSW', 'XYZabcdefghij', 'Xcpt{N', 'YY4.c#l', ']amal', '_strn', '`aGln', 'e#@StartXInfoA', 'jQ<8D', 'ject!reateEventA', 'kd#rocesszMult!', 'klmnopqrstuvwxyz0123456789-//', 'm""spr', 'mWL8f', 'n2jR9Fi', 'nd = %d', 'oseHandle', 'pu$rName2PipS', 't2Ht~', 't_fdiv', 'vX|s)t.']","['UPX0', 'UPX1', '.rsrc']",kernel32.dll msvcrt.dll user32.dll ws2_32.dll,loadlibrarya exitprocess getprocaddress virtualprotect atol loadstringa send,this program cannot be run in dos mode. l b 6 _ bds p jp sy cmd . pbm .exe .rsrc 4m fp l 9r wp 9 0 u:f 4kxl_beg abcdefghijklmno d tpl disconnj du icat exitprocess getcom getprocaddress kernel32.dll l40 f loadlibrarya loadstringa msvcrt.dll rpx48 rtpeppzdh user32.dll v3p - virtualprotect ws2_32.dll waitforsing xptpsw xyzabcdefghij xcpt n yy4.c l amal _strn agln e startxinfoa jq 8d ject reateeventa kd rocesszmult klmnopqrstuvwxyz0123456789-// m spr mwl8f n2jr9fi nd d osehandle pu rname2pips t2ht t_fdiv vx s t.,upx0 upx1 .rsrc,kernel32.dll msvcrt.dll user32.dll ws2_32.dll loadlibrarya exitprocess getprocaddress virtualprotect atol loadstringa send upx0 upx1 .rsrc this program cannot be run in dos mode. l b 6 _ bds p jp sy cmd . pbm .exe .rsrc 4m fp l 9r wp 9 0 u:f 4kxl_beg abcdefghijklmno d tpl disconnj du icat exitprocess getcom getprocaddress kernel32.dll l40 f loadlibrarya loadstringa msvcrt.dll rpx48 rtpeppzdh user32.dll v3p - virtualprotect ws2_32.dll waitforsing xptpsw xyzabcdefghij xcpt n yy4.c l amal _strn agln e startxinfoa jq 8d ject reateeventa kd rocesszmult klmnopqrstuvwxyz0123456789-// m spr mwl8f n2jr9fi nd d osehandle pu rname2pips t2ht t_fdiv vx s t.,"sample EEE99EC8AA67B05407C01094184C33D2B5A44 header machine 332 subsystem 2 sections UPX0 UPX1 .rsrc dlls KERNEL32.DLL MSVCRT.dll USER32.dll WS2_32.dll imports LoadLibraryA ExitProcess GetProcAddress VirtualProtect atol LoadStringA send strings !This program cannot be run in DOS mode. ""L^B` '6<_`BdS'p$jp *(SY)# cmd .>Pbm .exe .rsrc 4M>FP`l 9R@WP 9{=0( >""u:F ?4KXL_beg ABCDEFGHIJKLMNO D@TPL DisconnJ Du<icat ExitProcess GetCom GetProcAddress KERNEL32.DLL L40!F ; LoadLibraryA LoadStringA MSVCRT.dll RPX48 RtpEppZDH USER32.dll V3P;- VirtualProtect WS2_32.dll WaitForSing XPTPSW XYZabcdefghij Xcpt{N YY4.c#l ]amal _strn `aGln e#@StartXInfoA jQ<8D ject!reateEventA kd#rocesszMult! klmnopqrstuvwxyz0123456789-// m""spr mWL8f n2jR9Fi nd = %d oseHandle pu$rName2PipS t2Ht~ t_fdiv vX|s)t."
F6655E39465C2FF5B016980D918EA028,5120,0,332,3,1263576056,271,27632,4194304,2,0,6,0,4096,4096,20480,16,7,7,4,53,3,3.3839954042728717,7.578296200105048,1365.3333333333333,9557.333333333334,"['KERNEL32.DLL', 'MSVCRT.dll', 'USER32.dll', 'WS2_32.dll']","['LoadLibraryA', 'ExitProcess', 'GetProcAddress', 'VirtualProtect', 'atol', 'LoadStringA', 'send']","['!This program cannot be run in DOS mode.', '""L^B`', ""'6<_`BdS'p$jp"", '*(SY)# cmd', '.>Pbm', '.exe', '.rsrc', '0X{Mod', '4M>FP`l', '9R@WP', '9{=0(', '>""u:F', 'ABCDEFGHIJKLMNO', 'D@TPL', 'Ex""Th', 'ExitProcess', 'GetCompu', 'GetProcAddress', 'KERNEL32.DLL', 'KXL_beg', 'L40!F ;', 'LoadLibraryA', 'LoadStringA', 'MSVCRT.dll', 'RPX48', 'RtpEppZDH', 'USER32.dll', 'V3P;-', 'VirtualProtect', 'WS2_32.dll', 'WaitForSing', 'XPTPSW', 'XYZabcdefghij', 'Xcpt{N', 'YY4.c#l', '_g}/]k', 'a|s)t', 'ct!reateEventA', 'd#rocesszMult!', 'eHandle', 'f#@StartXInfoA', 'jQ<8D', 'jR9Fi', 'klmnopqrstuvwxyz0123456789-//', 'm""spr', 'mWL8f', 'nd = %d', 'o$rName2PipSDimg', 'o<icat', 'sconnJ', 't2Ht~', 't_fdiv', 'wamal']","['UPX0', 'UPX1', '.rsrc']",kernel32.dll msvcrt.dll user32.dll ws2_32.dll,loadlibrarya exitprocess getprocaddress virtualprotect atol loadstringa send,this program cannot be run in dos mode. l b 6 _ bds p jp sy cmd . pbm .exe .rsrc 0x mod 4m fp l 9r wp 9 0 u:f abcdefghijklmno d tpl ex th exitprocess getcompu getprocaddress kernel32.dll kxl_beg l40 f loadlibrarya loadstringa msvcrt.dll rpx48 rtpeppzdh user32.dll v3p - virtualprotect ws2_32.dll waitforsing xptpsw xyzabcdefghij xcpt n yy4.c l _g / k a s t ct reateeventa d rocesszmult ehandle f startxinfoa jq 8d jr9fi klmnopqrstuvwxyz0123456789-// m spr mwl8f nd d o rname2pipsdimg o icat sconnj t2ht t_fdiv wamal,upx0 upx1 .rsrc,kernel32.dll msvcrt.dll user32.dll ws2_32.dll loadlibrarya exitprocess getprocaddress virtualprotect atol loadstringa send upx0 upx1 .rsrc this program cannot be run in dos mode. l b 6 _ bds p jp sy cmd . pbm .exe .rsrc 0x mod 4m fp l 9r wp 9 0 u:f abcdefghijklmno d tpl ex th exitprocess getcompu getprocaddress kernel32.dll kxl_beg l40 f loadlibrarya loadstringa msvcrt.dll rpx48 rtpeppzdh user32.dll v3p - virtualprotect ws2_32.dll waitforsing xptpsw xyzabcdefghij xcpt n yy4.c l _g / k a s t ct reateeventa d rocesszmult ehandle f startxinfoa jq 8d jr9fi klmnopqrstuvwxyz0123456789-// m spr mwl8f nd d o rname2pipsdimg o icat sconnj t2ht t_fdiv wamal,"sample F6655E39465C2FF5B016980D918EA028 header machine 332 subsystem 2 sections UPX0 UPX1 .rsrc dlls KERNEL32.DLL MSVCRT.dll USER32.dll WS2_32.dll imports LoadLibraryA ExitProcess GetProcAddress VirtualProtect atol LoadStringA send strings !This program cannot be run in DOS mode. ""L^B` '6<_`BdS'p$jp *(SY)# cmd .>Pbm .exe .rsrc 0X{Mod 4M>FP`l 9R@WP 9{=0( >""u:F ABCDEFGHIJKLMNO D@TPL Ex""Th ExitProcess GetCompu GetProcAddress KERNEL32.DLL KXL_beg L40!F ; LoadLibraryA LoadStringA MSVCRT.dll RPX48 RtpEppZDH USER32.dll V3P;- VirtualProtect WS2_32.dll WaitForSing XPTPSW XYZabcdefghij Xcpt{N YY4.c#l _g}/]k a|s)t ct!reateEventA d#rocesszMult! eHandle f#@StartXInfoA jQ<8D jR9Fi klmnopqrstuvwxyz0123456789-// m""spr mWL8f nd = %d o$rName2PipSDimg o<icat sconnJ t2Ht~ t_fdiv wamal"
F8437E44748D2C3FCF84019766F4E6DC,5632,0,332,3,1242321160,271,28064,4194304,2,0,6,0,4096,4096,20480,16,8,8,5,68,3,3.5075933326033764,7.535127597099006,1536.0,9557.333333333334,"['KERNEL32.DLL', 'MSVCRT.dll', 'SHELL32.dll', 'USER32.dll', 'WS2_32.dll']","['LoadLibraryA', 'ExitProcess', 'GetProcAddress', 'VirtualProtect', 'atol', 'SHChangeNotify', 'LoadStringA', 'closesocket']","['!This program cannot be run in DOS mode.', '!|s)t', '""*>Lbi', '""unhP', '*(SY)# cmd', '-S/$\\C7', '.exe', '.rsrc', '.ueope', '0123456789-/', '1http://w', '5X,^0T', '679,p', '6l""et', '7p4W\\8', ';Va.able', '<*""ur', '<}:x-', '= %d', '>""u:F', '@7tHj@', 'ABCDEFGHIJKLMNO', 'CloseHandle', 'DisconnJ', 'Du<icat', 'ExitProcess', 'GetProcAddress', 'KERNEL32.DLL', 'L40!F ;', 'LfL8p', 'LoadLibraryA', 'LoadStringA', 'MSVCRT.dll', 'NRhph', 'NV`h~', 'ON? > nuJ/c dU', 'Object!reateEventA', 'RPX48', 'Richo', 'SHChangeNotify', 'SHELL32.dll', 'USER32.dll', 'V3P;(C,', 'VirtualProtect', 'WS2_32.dll', 'WaitForSing', 'XPTPSW', 'XYZabcdefghijklmnopqrstuvwxyzv=', '_beg\\t', 'bOhKO1|t', 'com/test.', 'e#Se9', ""el'COMSPEC"", 'fsg\\n', 'ia}l;r', 'jR9Fi', 'ltpDH', 'mal4c/', 'md#rocesszMult', 'n.dllq', 'n[wTh', 'o`RdSe', 'ompu$rName2PipSv', 'py7Envifnmk', 'pzQL8D4M', 't_fdiv', 'xR|@lwa .Jxt', 'yBo2t']","['UPX0', 'UPX1', '.rsrc']",kernel32.dll msvcrt.dll shell32.dll user32.dll ws2_32.dll,loadlibrarya exitprocess getprocaddress virtualprotect atol shchangenotify loadstringa closesocket,this program cannot be run in dos mode. s t lbi unhp sy cmd -s/ c7 .exe .rsrc .ueope 0123456789-/ 1http://w 5x 0t 679 p 6l et 7p4w 8 va.able ur :x- d u:f 7thj abcdefghijklmno closehandle disconnj du icat exitprocess getprocaddress kernel32.dll l40 f lfl8p loadlibrarya loadstringa msvcrt.dll nrhph nv h on nuj/c du object reateeventa rpx48 richo shchangenotify shell32.dll user32.dll v3p c virtualprotect ws2_32.dll waitforsing xptpsw xyzabcdefghijklmnopqrstuvwxyzv _beg t bohko1 t com/test. e se9 el comspec fsg n ia l r jr9fi ltpdh mal4c/ md rocesszmult n.dllq n wth o rdse ompu rname2pipsv py7envifnmk pzql8d4m t_fdiv xr lwa .jxt ybo2t,upx0 upx1 .rsrc,kernel32.dll msvcrt.dll shell32.dll user32.dll ws2_32.dll loadlibrarya exitprocess getprocaddress virtualprotect atol shchangenotify loadstringa closesocket upx0 upx1 .rsrc this program cannot be run in dos mode. s t lbi unhp sy cmd -s/ c7 .exe .rsrc .ueope 0123456789-/ 1http://w 5x 0t 679 p 6l et 7p4w 8 va.able ur :x- d u:f 7thj abcdefghijklmno closehandle disconnj du icat exitprocess getprocaddress kernel32.dll l40 f lfl8p loadlibrarya loadstringa msvcrt.dll nrhph nv h on nuj/c du object reateeventa rpx48 richo shchangenotify shell32.dll user32.dll v3p c virtualprotect ws2_32.dll waitforsing xptpsw xyzabcdefghijklmnopqrstuvwxyzv _beg t bohko1 t com/test. e se9 el comspec fsg n ia l r jr9fi ltpdh mal4c/ md rocesszmult n.dllq n wth o rdse ompu rname2pipsv py7envifnmk pzql8d4m t_fdiv xr lwa .jxt ybo2t,"sample F8437E44748D2C3FCF84019766F4E6DC header machine 332 subsystem 2 sections UPX0 UPX1 .rsrc dlls KERNEL32.DLL MSVCRT.dll SHELL32.dll USER32.dll WS2_32.dll imports LoadLibraryA ExitProcess GetProcAddress VirtualProtect atol SHChangeNotify LoadStringA closesocket strings !This program cannot be run in DOS mode. !|s)t ""*>Lbi ""unhP *(SY)# cmd -S/$\C7 .exe .rsrc .ueope 0123456789-/ 1http://w 5X,^0T 679,p 6l""et 7p4W\8 ;Va.able <*""ur <}:x- = %d >""u:F @7tHj@ ABCDEFGHIJKLMNO CloseHandle DisconnJ Du<icat ExitProcess GetProcAddress KERNEL32.DLL L40!F ; LfL8p LoadLibraryA LoadStringA MSVCRT.dll NRhph NV`h~ ON? > nuJ/c dU Object!reateEventA RPX48 Richo SHChangeNotify SHELL32.dll USER32.dll V3P;(C, VirtualProtect WS2_32.dll WaitForSing XPTPSW XYZabcdefghijklmnopqrstuvwxyzv= _beg\t bOhKO1|t com/test. e#Se9 el'COMSPEC fsg\n ia}l;r jR9Fi ltpDH mal4c/ md#rocesszMult n.dllq n[wTh o`RdSe ompu$rName2PipSv py7Envifnmk pzQL8D4M t_fdiv xR|@lwa .Jxt yBo2t"
FGJKJJ1_2BA0D0083976A5C1E3315413CDCFFCD2,5632,0,332,3,1242321160,271,28064,4194304,2,0,6,0,4096,4096,20480,16,8,8,5,70,3,3.5077138364765763,7.535489108718607,1536.0,9557.333333333334,"['KERNEL32.DLL', 'MSVCRT.dll', 'SHELL32.dll', 'USER32.dll', 'WS2_32.dll']","['LoadLibraryA', 'ExitProcess', 'GetProcAddress', 'VirtualProtect', 'atol', 'SHChangeNotify', 'LoadStringA', 'closesocket']","['!This program cannot be run in DOS mode.', '!|s)t', '""*>Lbi', '""unhP', '*(SY)# cmd', '-S/$\\C7', '.exe', '.rsrc', '.ueope', '0123456789-/', '0ia}l;r', '1http://w', '5X,^0T', '7p4W\\8', ';Va.able', '<*""ur', '<}:x-', '= %d', '>""u:F', '@7tHj@', 'ABCDEFGHIJKLMNO', 'DisconnJ', 'ExitProcess', 'GetCo', 'GetProcAddress', 'KERNEL32.DLL', 'L40!F ;', 'L7d6]CWI', 'LfL8p', 'LoadLibraryA', 'LoadStringA', 'MSVCRT.dll', 'NRhph', 'NV`h~', 'ON? > nuJ/c dU', 'RPX48', 'Richo', 'SHChangeNotify', 'SHELL32.dll', 'USER32.dll', 'V3P;(C,', 'VirtualProtect', 'WS2_32.dll', 'WaitForSing', 'XPTPSW', 'XYZabcdefghijklmnopqrstuvwxyzv=', '_beg\\t', 'bOhKO1|t', 'bject!reateEventA', 'com/test.', ""el'COMSPEC"", 'fsg\\n', 'jR9Fi', 'le#Se9', 'll""et', 'loseHandle', 'ltpDH', 'mDu<icat', 'mal4c/fp[g', 'md#rocesszMulta', 'mpu$rName2PipS', 'ms9,p', 'n.dllq', 'o`RdSe', 'py7Envifnm', 'pyBo2t', 'pzQL8D4M', 'r3f8]', 't_fdiv', 'wolfn']","['UPX0', 'UPX1', '.rsrc']",kernel32.dll msvcrt.dll shell32.dll user32.dll ws2_32.dll,loadlibrarya exitprocess getprocaddress virtualprotect atol shchangenotify loadstringa closesocket,this program cannot be run in dos mode. s t lbi unhp sy cmd -s/ c7 .exe .rsrc .ueope 0123456789-/ 0ia l r 1http://w 5x 0t 7p4w 8 va.able ur :x- d u:f 7thj abcdefghijklmno disconnj exitprocess getco getprocaddress kernel32.dll l40 f l7d6 cwi lfl8p loadlibrarya loadstringa msvcrt.dll nrhph nv h on nuj/c du rpx48 richo shchangenotify shell32.dll user32.dll v3p c virtualprotect ws2_32.dll waitforsing xptpsw xyzabcdefghijklmnopqrstuvwxyzv _beg t bohko1 t bject reateeventa com/test. el comspec fsg n jr9fi le se9 ll et losehandle ltpdh mdu icat mal4c/fp g md rocesszmulta mpu rname2pips ms9 p n.dllq o rdse py7envifnm pybo2t pzql8d4m r3f8 t_fdiv wolfn,upx0 upx1 .rsrc,kernel32.dll msvcrt.dll shell32.dll user32.dll ws2_32.dll loadlibrarya exitprocess getprocaddress virtualprotect atol shchangenotify loadstringa closesocket upx0 upx1 .rsrc this program cannot be run in dos mode. s t lbi unhp sy cmd -s/ c7 .exe .rsrc .ueope 0123456789-/ 0ia l r 1http://w 5x 0t 7p4w 8 va.able ur :x- d u:f 7thj abcdefghijklmno disconnj exitprocess getco getprocaddress kernel32.dll l40 f l7d6 cwi lfl8p loadlibrarya loadstringa msvcrt.dll nrhph nv h on nuj/c du rpx48 richo shchangenotify shell32.dll user32.dll v3p c virtualprotect ws2_32.dll waitforsing xptpsw xyzabcdefghijklmnopqrstuvwxyzv _beg t bohko1 t bject reateeventa com/test. el comspec fsg n jr9fi le se9 ll et losehandle ltpdh mdu icat mal4c/fp g md rocesszmulta mpu rname2pips ms9 p n.dllq o rdse py7envifnm pybo2t pzql8d4m r3f8 t_fdiv wolfn,"sample FGJKJJ1_2BA0D0083976A5C1E3315413CDCFFCD2 header machine 332 subsystem 2 sections UPX0 UPX1 .rsrc dlls KERNEL32.DLL MSVCRT.dll SHELL32.dll USER32.dll WS2_32.dll imports LoadLibraryA ExitProcess GetProcAddress VirtualProtect atol SHChangeNotify LoadStringA closesocket strings !This program cannot be run in DOS mode. !|s)t ""*>Lbi ""unhP *(SY)# cmd -S/$\C7 .exe .rsrc .ueope 0123456789-/ 0ia}l;r 1http://w 5X,^0T 7p4W\8 ;Va.able <*""ur <}:x- = %d >""u:F @7tHj@ ABCDEFGHIJKLMNO DisconnJ ExitProcess GetCo GetProcAddress KERNEL32.DLL L40!F ; L7d6]CWI LfL8p LoadLibraryA LoadStringA MSVCRT.dll NRhph NV`h~ ON? > nuJ/c dU RPX48 Richo SHChangeNotify SHELL32.dll USER32.dll V3P;(C, VirtualProtect WS2_32.dll WaitForSing XPTPSW XYZabcdefghijklmnopqrstuvwxyzv= _beg\t bOhKO1|t bject!reateEventA com/test. el'COMSPEC fsg\n jR9Fi le#Se9 ll""et loseHandle ltpDH mDu<icat mal4c/fp[g md#rocesszMulta mpu$rName2PipS ms9,p n.dllq o`RdSe py7Envifnm pyBo2t pzQL8D4M r3f8] t_fdiv wolfn"
FGTR43_EF8E0FB20E7228C7492CCDC59D87C690,295424,1,332,3,1265704183,8462,684768,268435456,2,0,6,0,294912,4096,389120,16,10,10,8,2137,3,3.7619158196505573,7.898538373883026,98133.33333333333,229376.0,"['ADVAPI32.dll', 'GDI32.dll', 'KERNEL32.DLL', 'MSVCRT.dll', 'NETAPI32.dll', 'PSAPI.DLL', 'USER32.dll', 'WS2_32.dll']","['RegSaveKeyA', 'BitBlt', 'LoadLibraryA', 'GetProcAddress', 'VirtualProtect', '_iob', 'Netbios', 'EnumProcessModules', 'GetDC', 'WSASetLastError']","['! #L*', '! b2aPk&d', '!""%""+""1""9""K""O""c""g""s""u""', '!""\\kN', '!&U(:', '!*<rP%<', '!*\\j0Yp', '!,Gsl', '!-./r', '!/Qw2', '!1DF:""', '!5!A!I!O!Y![!_!s!}!', '!7SUB/IU', '!8O]Oy', '!9D!%U', '!>\\\\I<oD', '!?pkt', '!C]IM8', '!H88p', '!I|t]S', '!Oy\\Qi', '!Tb<mqAK', '!This program cannot be run in DOS mode.', '!Vq/m[', '![ -`', '!\\!<!', '!\\GOZ', '!`etw', '!b=z&7?H,MQ>', '!e 5I', '!gMuA', '!st$,', '!tX)i', '!vAl#', '!zt_h', '!|l$PUQi', '""""D~**T', '""%7e(', '""4Q+~', '""8/80', '""?_\\G', '""A ~D', '""B(nO,@', '""FDV,""S', '""H&QW', '""Oe\\&', '""aDa/', '""hP-r', '""lEIF', '""m#d$.&x(', '""t""sLW', '""uLYT', '# W`&', '# h2I', '##%%&&))**,,//', ""#'#)#/#3#"", '#)7t*5', '#+US', '#,/,5,9,A,W,Y,i,w,', '#4 omD', '#6EkLs', '#8^_3', '#MszX;', '#T\\t1X[', '#\\Tf@', '#\\tBUY', '#^z*+q16', ""#_U/'"", '#bML""', '#i~%@', '#t2nP', '#x&@Y', ""#|y/'"", '$#OA.T)D""', ""$%&'()<"", '$%\\01', '$(,lX', '$(ge7M', '$)$=$A$C$M$_$', '$- 3w\\h$', '$19Wd', '$3Atl', '$4QRE', '$4g 0T', '$57 CM ?', '$6""p\\', '$8z UR', '$?Q0{', '$?oT|q)!', '$@$U@', '$F82)=$', '$I<ra', ""$N'KM"", '$QedFU', '$RPPQu@', '$Sg h', '$TUUU', ""$U'UE"", '$USPu', '$VRUWS', '$\\(Juot', ""$\\w ,'"", '$_7`ZP:a5L', '$_M*H', '$cs77eg8', '$kK(V', '$oBF.', '$t-VZ', '$vTt]', '$z|<b', '${P #', '% |@zL', '%!Dg7!z5', ""%'%1%=%C%K%O"", '%)<9xp', '%-l4p', '%-{En&', '%.3u5,', '%/p_L', '%99', '%</}Z', '%?c$P', '%F#2_', '%S2rQ', '%WUoLoE', '%WcQh', '%Y_^]', '%_ I3', '%xD_40I.', '&!<QVR[', '&""\'`M', '&& K< (', ""&'&)&5&;&?&K&S"", '&*!3eqN', '&,PWW1', '&/dZw2', '&0Z~tBB', '&6#l8', '&6\\F02C', '&<{^4b', '&>X8(', '&?W+`', '&DA(h', '&H3Hh1', '&JP00', '&Jn9_', '&Tcb!', '&W$E4', '&Y&e&i&o&{&', '&t({`', '&tagN,4', '&um;I', '&vR-#', '&v~j%', '&y%C .L', '&{ g&', ""' erARN"", ""'#QVS"", ""'%@mk"", ""'()+,-./:=?b"", ""','00"", '\'.""""~', ""'2XCJ"", ""'6W7m"", ""'Dllk"", ""'FIELDIDW"", ""'List"", ""'M'S'U'_'k'm's'w'"", ""'O2828"", ""'PJ-XchB-@."", ""'QuhVuC"", ""'R]`F"", ""'VWS-c&"", ""'WLHK"", ""'aWa_~"", ""'c@Bh"", ""'cveOi1.K"", ""'lf8PairsW"", ""'t7(t2nn"", ""'}O8$0L!\\"", '(!(1(=(?(I', '(""Xxn/', '(,08<', '(04,r', '(08@', '(1NWFl""', '(5Ifj', ""(>'Uf"", '(JP/C,', '(L<Bn', '(Q([(](a(g(u(', '(VPYo)(', '(X.hR', '(]: -', '(_>de', '(c4Wo&', '(t6iL', '({PQS', "")'t!Id"", "")'thP"", '))""0EO+C', "")-/v'd[0"", ')/5;AG', ')2V%I', ')4QRy', ')9#pmi', '):_3F0', ');C11A^', ')?)G)])e)i)o)', ')C,BQ', ')CAST', ')I ,&', ')\\ZEo^m/', ')g&G<', ')pMoSNMP', ')w--Z', ')y4O2828', ')|U@!', ')}F3x', '*!|Mt(p', '*#  Z`-', '*%*/*O*U*_*e*k*m*s*', '**RE@6', '*-!U(', '*.*?_O', '*.>mb', '*;Ibn5""', '*;|l}$', '*?q/<', '*@)(!@', '*@k~P', '*NPHA@', '*NlD)', '*OrRvit', '*X-:$>', '*[FB=', '*u7)R6&', '*v(1P8\\', '+$or\\,jL+{', '+,|""}', '+4F@*)', '+8/ES,', '+:1:K:Q:[:c:g:m:y:', '+?<03', ""+@}2'h\\"", '+AWUPg0', '+E\\fa', '+OQvr', '+PlQKha', '+WPQU', '+a/8p', '+a`:G', '+gPRV0', '+hHIC', '+hdOR-', '+t(,t#', '+tQ-tL#0|', '+}""eDF`S', ',""7 |', ',""P!C@d', ',%Kn>^F', ',(E-.5Ig', ',(QUPW', ',2&Mmh7u', ',4$8_@', ',78n1', ',7XXp;9', ',8AfQP', ',>HxX5]8,o', ',Ci_<', ',GM{3', ',UI/P', "",UM0PD'N"", ',Xc. PKCS', ',Zkl`', ',j$bl""', ',l_!Z', ',n`Jb', ',q:wbc', ',sthL', ',t4/L}K', ',waoZ!', '- aO', '-(Km}', '-.3.7', '-<8u5', '->-X,c', '-AjO{', '-DC40', '-H,RVA', '-H3u%', '-V|R""W', '-[0aZ', '-^RB7', '-_q2o', '-jU@tf', '-o$2Enb(', '-oPFB/o', '-oYI&', '-t1+""', '-~4Ky', '.#r0MN', '.%h>M', '.+#B.5', '.+~]!', '.,TUSO.unknow', '.-ISO', '.1494 w', '.:st}', '.E6HJ', '.EOWSUe', '.I-M-(-q-', '.Kri#', '.L]d', '.LmC', '.R.M4', '.W[Zx', '.XA.r?wjwP;', '.YeT""t', '.Yids', '.`m>p', '.a$VS', '.a.<Ja', '.full', '.q944*H4', '.rsrc', '.zf{R', '/$RW1""', '/&.1l', ""/'/)/A/E/K/M/Q/W/o/u/}/"", '/.@Bg8', '/0123', '/24OkCBa0H', '/3G35G', '/88wx', '/<!ON', '/@yhJ', '/BX$bl', '/FBOOLEAN', '/F_@v7(', ""/IKE/'"", '/QIP:kW', '/QZ^&}', '/RzvvX', '/b~#tM', '/cctg', '/ctG(', '/d.?M', '/dZw2', '/dZw2$', '/dZw2l', '/ddlogi', '/ex_88*|,', '/oVL8', '/r`9}', '/rgvc', '/w7.T', '/xj@R9', '0!N{PWi', '0#G4#', '0,($m', '0,($oe', '02P40', '04&0a', '04(,#/', '07!p2', '07wQ|', '088?B', '0?8EN', '0N6v?Ij', '0QR36', '0QWRPW', '0X/2p', '0X3A8`', '0_2_smp', '0`8GZ', '0`d\\0', '0aT$?', '0c[jh', '0ex8a8fd.b', '0i;@\\W', '0iq!P', '0jPb4', '0k/\\`9', '0k_U{l', ""0lq}'"", '0n667', '0pWg_', '0rc4p', '0s,RP', '0s_]tiI', '0t:3E', '0w,UG', ""0w?'b"", '0|xtm', '1 Par', ""1'Tu6"", '1(B 5', '11#?*0', '1OJ/%', '1Ql 3', '1jDg#', '1pcS;', '1q,3', '1tD953', '1w1p52Gp', '1wsHp', '2!`*|<', '2,/1RE', '21-WOscNZ', '24Y Hawo1', '2630E', '28147-89G K8', '28ct$s', '2<A*F7', '2Empj', '2Ot?', '2VW)<%?', '2ZPE&', '2[BC<', '2\\O2H', '2bBis', '2le@d', '2w2{2', '2{!j|', '3 G M Q _ c D w }', '3 part J+ri', '3""#>q', '3%d3/xA', '3-sha1', '3-|,K', '3._WT', '31a8=', '32NexG', '3410', '384)E0', '38?38', '3:PGB', '3Cz`K', '3G3[3_3g3k3s3y3', '3Hj|h', '3QbV,t', '3WL40', '3^B5058', '3ad%YK].', '3j@Gp', '3jM$""', '3t;9(~B', '3u""hC3', '3u&jr', '3wO:j', '4(Onpd', '4**SY,SS%', '4-/5(', '4.%t[', '4/12c2tnb4', '4/`3+', '41D>B`', '41c,{', '456789<', '4;/q(', '4=A+%<', '4@X>P_@$', '4D0$8', '4M@8<dh', ""4Ne4'"", '4PaD7', '4RQ3""', '4U4W4c4i4m4', '4VSQWK', '4[7+~', '4[UY0', '4fbfc', '4gwFm', '4vdVRU', '4wcK.', '5#E#Q#S#Y#c#k#', ""5'oP@"", '5/>w2', '547pb', '571r1', '5<lPVcD', '5F/23H', '5SLlSy^a/i', '5St0}""', '5VRP3I', '5\\pDS#', '5a^Kc', '5h8oCh', '5hf9b', '5rCa8n', '5t*8^', '5v:Eh', '5xY@D""', '6&+PP', '60OgI', '60r2/GKr', '617d', '64NQ;!n$', '64\\t{', '678Q+VRQMd', '67BwH[', '686\\2', '69X8u', '6:Z:BA', '6;6M6O6S6Y', '6>Sp>', '6@x`AE 9X69@R', '6CZF4AE', ""6F'/k4!"", '6N\\84,', '6PWP|A<', '6ROXsQDR(', '6S!VVP', '6[F#3A', '6dHLl', '6edRa', '6hL3v', '6me 0', '6o shmg,', '6p52|l', ""6sl'%"", '6w31G31', '6zI2$', '7$2fRk', ""7'k@G"", '7(2et', '7(T\\2', '72272222222', '7338f', '75$QG', '77MEDIUM', '798hL', '79wDR6', '79|bf&|[', '7AkX&{Pt<', '7Cm`k', '7RWVs', '7Rj@C', '7UPK 0', '7VU[tfj', '7Wf%L', '7XQSV', '7X]/2M', '7a7u7', '7d/-93', '7d0ffb<d4oV', '7jHHx', '7|J^', '8 ^ t', '8/dZw2', '80w64', '881BD0868FA', '8?h,8-', '8@5,f9dg', '8B7`8', '8G5S/`', '8G8K8S8W8_8e8o8q8}8', '8N,RD', '8QOjH', '8Qz*}8', '8XBXub', '8_03B', '8j~[Ah', '8le-L,', '8ou8g2', '8rNoa+', '8u*P7t', '8|8$#', '8|H?""', '9#9%9)9/9=', '90!1 8I', '92?2828', '995-2005 Jean-loup Gailly', '9:2(0', '9ECur', '9N$Dh', '9PuWM', '9S+0h', '9V8tE', ""9WUQ'c"", ""9X'WR"", '9YDun_', ""9_a'V"", '9b5:T@F', '9g\\)c', '9n9l8l2', '9nt$-@', '9pEx]gN', '9y;<@', '9~c#F', ': FATAL', ': nHX', ':%E0/', ':)$\\vG', ':8@Iu', ':< T~', ':G^89', ':HV]J', ':K8V@', ':MRw(', ':N(>f@', ':N>3P', ':]JYE', ':`*@9', ':`/U/', ':rsao', ':vQCq`', ':|A[X', ';""pVx', ';).(B', ';)j#x3hnE', ';*CGK@vR;', "";+w['"", ';8?+J', ';9;E;S;Y', ';9Vw2', ';;==>>@@@', ';<js`p&[m', ';>8 BP', ';OT9XD', ';VSu#SVW', ';_;q;{;', ';a0GX%h', ';bZ )ro', ';fD4~', ';gU#t', "";h'C7"", ';jAe2', ';j]iA', ';rd/w', ';tolk', ';tz9hDu@', ';vK/ j', '<(UU[', '<)-Ph', '<)<5<C<O<S<[<e', '<)hu[r`', '<*+,-.', '<,X89', '<0 /;m', '<8pFv', '<9CecEC?bc', '<:;<=>', '<=>?M', '<>,_r', '<@;EF', '<A:AZf:', '<B%({', '<C47e', '<D7>mB', '<DtF\\', '<HkJ', '<JKLMN8<', '<PQRST', '<PQY5', '<SV-=', '<TWWmg', '<dbX81a', '<evURPk', '<i4@G', '<jz[q', '<k<q<', '<qT[H(', '<xHXuql', '<xSRVR', '<y>qO', '=!=-=3=7=?=C=o=s=u=y={=', '=$; EB', '=0ybufRC', '=1Q?n', '=<UqjJ', '=A04rs?', '=D>@3', '=E]rgo', '=L#Q#', '=Q3|X', '=V>P?8q', '=X9 3', '=_~Q;', '=fcQfwFC', '=fd$t', '=ib`o6', '=j&&LZ66lA??~', '=kMVN', '=l-^t', '=q=3Q', '>""30s', '>#>)>/>3>A>W>c>e>w>', '>&q;AL', '>/dZw2<', '>60[G', '>8!^C', '>9A404', '>;~,tXF', "">A'u&"", '>JqD.', '>RPgb4ap', "">Sx]'"", '>V4(7""', '>[@d1', '>bgek', '>dH~}|', '>jyCj3', '>ou|=5(', '>zXv:', '?(&/y', '?(Gss', '?+K+O+U+i+m+o+{+', '?.W.[.o.y.', '?7D$8o', '?7SRS', '?=75K', '?@ABC', '?A?Y?_?e?g?y?}?', '?DRWPWs', '?DWj:V^', '?E1eV|', '?EDF97C44DB9F2420BAFCA75', '?NqaG=', '?OEAHu', '?T4Bz', '?]l{s', '?^t.x$', '?_68&', '?buil', '?pyo;', '?s6me4', '?wODq W', '@ *8S', '@!@%@+@1@?@C@E@]@', '@!C@i7H', '@$HPSC', '@%dV;', ""@',%8c!"", '@*)_1', '@/=5(', '@0D8A', '@1P283', '@6f`7', '@6v\\(', '@:`9 @', '@<[-H', '@DC;C', '@DFRp', '@DoY31', '@HP6q', '@H`uM', '@OpenSSL 0.9.8', '@P|m~6', '@RCCu', '@V[x6n9X', '@Xi\\ym$f', '@e,,Q', '@f@jV', '@hR\\PQ', '@j.PV(', '@n:#\\8`', '@o@sa', '@p3M', '@p;S5Z', '@rtT!', '@t@Dt;;', '@tmh_iy', '@up;,q', '@xRn_', '@xe(l', 'A%%L4', ""A'D5p%y"", 'A-SHA1-old', ""A7W1\\F'o"", 'A8#uD${', 'A@y#Qo', 'AB!N{', 'AD)?!', 'AD3A{(', 'ADVAPI32.dll', 'AD_DV4', 'AES:ALL:!aNU', 'AGJrBpPjP0(2!', 'AJZ=%d,', 'AYAeAkAwA{A', 'A[3nn', 'A[V >', 'Af+qa', 'AgregA', 'Ahl{YY{', 'ArA;IoJArArKLArArMN', 'AwQRW', 'B#B)B/<S', 'B$%4A<', 'B&T0^', 'B&Xo\\', 'B-H`$', 'B-mw_/}', 'B/a@$', 'B0VPX', 'B3$>l', 'B4 1/', ""B8/rrrr@HDXqrrr\\LPT2$'W"", 'B?19bD', 'B@>Ah', 'BCOip', 'BEGIN', 'BJECCjA', 'BNXbx', 'BO(2+', 'BQSI.', 'BUB[BaBsB}B', 'B]ZNa3', 'B`;_t&W', 'B`_dbg', 'Bdmu9', 'BitBlt', 'Bj[5h', 'BnV block', 'BoxAs', 'Bpvtus', ""C%C'$"", ""C'Rbj"", ""C'nmap"", 'C/ 0 3', 'C0@c#', 'C6BME', 'C9 QRN', 'C:ZB$', 'CA7hpJ+', 'CAS1F', 'CJK`)', 'CM@R""', 'COMPLEvNTOF', 'CPSQw', 'CQVqR8p', 'CR?;,', 'CXWu-', 'C^1co', 'C_Gj+', 'C_SIZE?', 'Cjwk.', 'Cp5&8', 'Cp7SB_', 'CrlID', 'Cz<w$', 'C{ [(', 'D BNvZ', 'D CQ[', 'D#D)D', 'D$lmm', 'D$|PY', 'D&. +', 'D)dPf', 'D- u@=', 'D5p_jA', 'D9cN^', 'D:PFk?V', 'D??ty_', 'D@cb""', 'DD%VF', 'DD8\\P', 'DEFGHI<', 'DH@2t', 'DLD92', 'DNX2?', 'DPBI,', 'DQSSO#s', 'DVQj0p=', 'D[y^6', 'DaUAO', 'Dh>jx', 'DsWcle', 'Dt5}!', 'Dvrit', 'E#A%.', 'E$)#z', 'E&yCG', 'E/*i<S', 'E/dZw2', 'E1K1]1a1g1m1s1', 'E5D827d`O', 'E9{-&', 'EB(8(H', 'EC<(d', 'ECecEC', 'EFGHI', 'EH8@a', 'EM@1Wq""', 'EP906', 'ERKXYf', 'ETj^d;dd/', 'EUEaE\\', 'EVECCdr', 'EXPORT56/', 'EX_:pKk', 'E_k$=@', 'Edj023', 'EjL+/3;', 'EnumProcessModules', 'EpU{l\\$', 'ErAiP', 'Et-lH', 'Ezj7H', 'F""{L@N', 'F)58<B', 'F+RPB', 'F:&jU', 'F=|2;+Z=', 'F@&( d', 'FAQ, htt', 'FCG|J', 'FICATE', ""FIG'f"", 'FL qe', 'FO""d""', 'FORMAT', 'FP-S(', 'FV0`b0', 'FV_ u', 'F_9b2f8^', 'F_t&s%', 'F`wB@%', 'FdG(\\', 'FfE!#o#7#', 'Ffc822', 'Fl$/.', 'FmA0!Q#', 'Fr7lI', 'G$CV(', ""G$M'tn~"", 'G(_-', 'G/T;2', ""G/TDT'SG"", 'G<@$G', 'G@iOf', 'GCquqh""', ""GD<,'"", 'GDI32.dll', ""GE;]'"", 'GECki', 'GOcbF', 'GV,s4', 'GVhFQ', 'GWIwP', 'GZK. aKp', 'G_8O_', 'G_^X3', 'GetDC', 'GetProcAddress', 'Ge{nom', 'GfVatC', 'GmVSER', 'GorGbase', 'Gt[WD', 'Gw""&\'I', 'G{*5[', 'H""jpf', 'H*0""DW', 'H++u+', 'H-E<QC ^', 'H/VD+', 'H0I}G/', 'H1D,K', 'H679&', 'HB3zB', 'HC08D', 'HH<(P', 'HH|`@%', 'HIHtc=', 'HINEg~', 'HKv""I', 'HMA?GON R', 'HNF(v', 'HPWPIb', 'HSM|#Xd$', 'HWXj', 'HX#hr', 'HXiCf', 'H__xw', 'H`MW[', 'Ha""@q', 'Heay045""', 'Hintgl', 'HkSl@', 'HqV|;', 'Hqs`@A', 'Hx012345678', 'Hys8&', 'I)""`&', 'I.6?o', 'I/dZwd', 'I41XZ', 'I4N,j', 'I7O7]', 'I:w<:', 'IALOER', 'IDE/RC', 'IDZdcP', 'IIJJ<OQQRRTTWWX@', 'IKRHv(', 'IT_w]', 'ITpS5X', 'IVl5jAh', 'I^rCecEC_', 'Id)dM', 'IdPcv', 'Ig~#%', 'IiGM>nw', 'It s&9', 'J%4`V', 'J,B##?Hh', 'J3i\\V', 'J<[?C\\', 'J@K%s', 'JCB?AL', 'JE%}(', 'JE`ib', 'JHR)tO', 'JKLMNO<', ""JM#5'j7"", 'JNQM(', 'JNlt2c', 'JSi10', 'JWv3\\', 'JXx=T', 'J[35U', 'JdP7M', 'Jj2GK', 'Jkj:<', 'Ju.1m', ""K'PItM:"", 'K)Aqe', 'K0VQWSy', 'K3|.2', 'K<S{o@+XU', 'K?IzH', 'KBbZ(', 'KDQDSDYDeDoD', 'KERNEL32.DLL', 'KNOWN', 'KOcbc', 'KO|+$', 'KP%W9', ""KRB'6{."", 'KWG[_', 'KWI2>', 'KbRxh', 'Ke:a!SS)bf', 'Ke`Fy<D', 'Kh1 c', 'Kj0IC', 'Ky-)t', 'K~ZdL', 'L $ (!', 'L S<<8', 'L""RWs', 'L$XX,;', 'L3XQp$G', 'L6 X1f', 'L:0 p', 'L@1KeH', 'LP jW(', 'LPRH!', 'LP[TP8!', 'LR*8q', 'LT\\dlt', 'LUIN&zB', 'LVRl#', 'LWEy+', 'LcyVQ', 'LeiCf', ""Lg.'D"", ""Lh'8z"", 'Lired/', 'Lo6r%C', 'LoadLibraryA', ""Lwwgw'm"", 'Lx6=B', 'LxI.~S', 'M0WPP', 'M4QUj', 'M8-#f', 'M:J5@G%_', 'M;;va', 'MA/n6', 'MEx(aFh', 'MIME MHG?', 'MP=D?u hZ', 'MSVCRT.dll', 'MZ+B2', 'MaDiH', 'Mf4jo', ""Mg'dU7"", 'Mgje(', 'Mt01Yq:', 'MuCj`', 'N +T""7p@=', 'N${UP', 'N%$Qa', 'N-4/33', 'N5CEB', 'N6n?8Ne', 'N<>~A', 'N=@US', 'NA56$G', 'NETAPI32.dll', 'NFF!J', 'NHj p', 'NOzbB', 'NP20<', 'NP7(u', 'NP[kB', 'NVP_CIPHER', 'NWN,2', 'NWSF*', 'N`a~l', 'Netbios', 'Ni~P;h', 'Novus', 'Nw0HL', 'N{M""VF', 'O(-%64O2', 'O*9y]', 'O07192', 'O0t h', 'O2<ZhFW%o', 'O7ANOn', 'O@XYLw', 'OCSP_SERVICEL', 'OCWCiC', ""OL'$Dd@F"", 'OLQRW', 'OP66.', 'ORGW ""', 'OXVUa', 'Oakley', 'OgcBL', ""Oh|6RC2'"", 'OkR(x', 'OmoLhh@Od/hAh', 'OpQUU', 'O|W/,|', 'P!h6C', 'P#l$$', 'P$TUIU', 'P*a|', 'P,$\\Z', 'P-cBO', 'P0Z/wg', 'P=/@%', 'P>@k|', 'P?6ada', 'P@)6n4', 'P@+pOw@', 'PBKDF2b', 'PD#-.-)xI', 'PGWY6', 'PH<4<', 'PMUA2', 'PPVQK', 'PQ/q]M', 'PQipcL4', 'PS(->', 'PSAPI.DLL', 'PUTUI', 'PUWlw', 'PUwu\\h', 'PVRK!', 'PWqk_t', 'P\\T1Q', 'Pdc_@', 'Pf2PD', 'Pm n', 'PoHD`2', 'Pr.j;HxA', 'P{\\XXH', ""Q)!'>"", 'Q/GAp', 'Q/dZw2|<', 'Q/xmast', 'Q2Z*HOvI', 'Q5e5o5q5w5{5}5', 'Q:,ZT', 'Q@,9$', 'QPVND', ""QPng's"", 'QSRP/', 'QSeA~', 'QTP83', 'QUAL!pi$oH', 'QUC%`', 'QUPP=5', 'QV-!a', 'QVRNt', 'QVX`TH', 'QYD|P9(', 'Q]~@MV', 'Q_0RQ)', 'Q_:pY9^', 'QkKYV', 'Qkkbal', 'QlP^Rl', 'Qm<RX9', 'Qxb/t', ""R!\\`m:u'"", 'R""+%9', 'R""P +', ""R'5Wp"", 'R,x59O P', 'R-wsg-^m<', 'R/|sgt', 'R0, )', 'R1:x(', 'RDNS7Y', 'RE*Adju', 'RIPEMD.', 'RMHe(', 'RPQG9', 'RSKu', 'RSL/V', 'RSS/$', 'RW/JE', 'RWUh1UU', 'RZ6SJ', 'RZd0a', 'R_@flI', 'Rator', 'Rb(ZN', 'Rd @n', 'RegSaveKeyA', 'Ri]Uh', 'Rr] E#P3V', 'RunY[', 'RundllInstall', 'RundllUninstall', 'RxDlZ', 'S(re', 'S(y~2z', 'S-6H[a iorG', 'S/J]`0', 'S0g`n', 'S:_iD', 'S;L|p', 'SAS$(z', 'SETgdmf', ""SHA'."", 'SN8a2V', 'SP<<%', 'SPI0', 'SPLAY', 'SQVE\\', 'SRUL2', 'SUWY~#2', 'SVeKNY', 'SXNe<', 'SZU[c', 'S_ROOTF', 'SbAug', 'Sd2i_f', 'Sdg5(hHcV', 'ServiceInstall', 'ServiceMain', 'Sg|=8?.(', 'Sh=Mk', 'SrJECec', 'SvxGJI', 'S}Q@h', 'T#@_k-J', ""T$%&'*"", 'T$45s', 'T$H3<P', 'T&/RW', 'T&99?', 'T+4MS', 'T,RS/2<', 'T76Wh', 'T7tGj', 'T7tK$', 'T9VK}', 'TLSv1', 'TL~Db', 'TN$8BAh', ""TPo'$"", 'TTPB2E', 'TWARE\\', 'TWQ,LuW', 'TX7+P', 'Tag""Dr', 'Td3|57', 'TfUG,,0', 'ThumbHh', 'Tl-90', 'T}4dbea:c', 'U""CpHpH', 'U&!l2', 'U8Yp!', 'UNIV[X1', 'UPSS8H', 'USAGE', 'USER32.dll', 'UVWXYl', 'UVsQ hp', ""UY'\\h"", 'U[agm', 'U^8lx.', 'U_<{-,', 'Ukr::G', 'UnServiceInstall', 'UniGO', 'Utou,', 'UuUSV2', 'Uw|ND', 'U}tV+', 'V my6E', 'V""^;]sH', 'V""g$&', 'V$!~PN', 'V$YY5@D%@""k', 'V2\\+9A', 'V617_62', 'V<7l|^', 'VE$@[', 'VEF00c', 'VP4nP', 'VPQRg', 'VRF+y*iP', 'VRPYhTO', ""VWQH'"", 'VWRPS[', 'VWVfT', 'V_:J:', 'V_fl(4', 'V`%\\H', 'V`<_h', 'Vf(6xF&a', 'VgguZo', 'Vhb/R8om_', 'VirtualProtect', 'Vi}%W', 'VlXCt', 'Vm%gYug', 'Vp1Wn', 'Vti4@3B', 'W VSa', ""W!'Wi"", 'W$URV*', 'W&ek3r*', 'W(, $', 'W+L|D}', 'W0>`_', 'W16z,', 'W3Xi2', 'W=Rt4', 'WBD!T', 'WB_F=j', 'WG`M`', 'WISSUE""', 'WL1lbH`', 'WL?Sa`E', 'WO UC', 'WPi)s', 'WQk=L', 'WRIQ\\.', ""WS'uO"", 'WS2_32.dll', 'WUVSw', 'WUW#[', 'WUW]tJz~', 'WUq8 x', 'WY]%p', 'W]U7tDM', 'Wa7+I', 'WecEC/', 'Wglct', 'WlP`%', 'Wm^p`$', 'WmaaY', 'Wp#GHIJKLMNO', 'WuKW!', 'WubI#', 'X \\$IB', 'X%Va', 'X)osxnet', 'X48.s', 'X9.6', 'X9_62_C', 'XB0<O', 'XD|GX', 'XEN0', ""XP-'A"", 'XPTPSW', 'XT/=.', 'XTWP,TABLEa?', 'X[[]]^^aabbddgghhkkmmnnp', 'XaQjH`', 'Xb53|', 'Xs:]b', 'Xxhp>', 'X|Sh|5', 'Y#P%\\', 'Y+=>$2qD', 'Y,<*N(', 'Y28n`7', 'Y4X\\d', 'Y8\\30[*&', 'Y9~`b)', 'YGc8(_', 'YS55L', 'YXS^M', 'YahgE', 'YnsS6', 'Yr<JX', 'Yy,]d', 'Z!b_u', ""Z'OgAp*8ap_apWX"", 'Z?$`T', 'Z@>Ok', ""ZLI'("", 'ZOCTETT>!\\', 'ZRunA c', 'ZSW;tx', 'ZTn>D6', 'ZWs$z', 'Zm@L.l', 'ZwdZu/', 'ZxFgoXw', '[ #n', '[&+@o', ""[-&LMb#{'"", '[/dZw2)p', '[B""yE', '[MtH3T', ""[PJ'H"", '[W_Gf;', '[X`zL', '[^Q.)B', '[aRep', '\\   Q;;r', '\\.$,4<!%C', '\\.$@^', '\\2F&2', '\\9|8F', '\\;0U0Y0[0g0q0y0}0', '\\>:95-', '\\?QNQ', '\\C0>@', '\\L+Jxy', '\\N%)%', '\\N@D(,', '\\US(t5', '\\WRjA', '\\[D(Xh', '\\h 7mA', '\\nPTL', '\\qH&z', '\\y W', '\\|Hzb', ']$=r0', ""]&g''}"", '])S,RWU', ']@^][', ']AO4|X)C', ']Us5SU]', ']lKey', '^   ""`t', '^!BX~', '^""h""K~#CG', '^$uD8', '^( _mxIT', '^,!)al', '^7)a-', '^>D(x', '^E#L|', '^L`)/D=', '^Uh-g', '^Wi/', '^\\vm$ia', '^apgap_Xj', '^b22b4s@', '^h4!A9', '^pRS1', '^qRj)', '^t[WJ', '^tb47Zb', '^z0,V', '_ a cfku', '_%04d', '_&OW_PROXY]', '_&k(rX', ""_'B$U"", '_(WSU', '_.""+bM', '_40Bv', '_:-Q1', '_:TY', '_:l=L_', '_@`kR{', '_BYTES', '_CPSO', '_CxxFn', '_Jj@i', '_L,j|b', '_O\\xa', '_Th)x,', '_[]?Wk', '_^[Y2qT[', '_^`lfp@', '_^}QB', ""__'Y."", '_jbF~T', '_keyG>=mx', '_lib.', '_q^;[', '_|?~@N', '` &OIo', '` (hyb', '` /XP_3', '` _FL', ""`'zCMS"", '`(FWr', '`/h(a', '`4lb6', '`5(m]', '`6pbl', '`8<4X', '`8X7#8', '`=du""', '`E_*P,`', '`HpRX""', '`M9[9k9y9}9', '`OXGE', '`QLqDn', '`TBl)8', '`TayOPre', '`_$vP', '`_A}3', '``%RC 7', '```%1', '`etZ]', '`m#B(r', '`p@]!9', '`pRSz0s3G', '`qF|j', '`t~""h', '`uK?W', '`w^3e', 'a 185 &', 'a c@nY', 'a""?XCz', 'a06K(', 'a0OWpCx', 'a@g@m@', 'aGl8S', 'aS@_', 'aYQ_ Z', 'a\\@Vj', 'a_RCx', 'a`U*GXPV%', 'ad/Lo', 'ahDWB.', 'aiKwZ', 'alqHome', 'are!5', 'as\\vp', 'atGjX', 'atPL""', 'a|$d?S', 'a}Eavmus', 'a~NAa', 'b$>Qt', ""b'%#<"", ""b+'+1+3+=+"", 'bHb8,}6Az', 'bHzf/', 'bI?A{8c', 'bcO""g', 'bcrlT', 'bfqBF3', 'biN*es', 'bsResponseD', 'btmcf', 'byAC[', 'byKey', 'by_:Ws%c', 'c!!B0', ""c'Aj~w"", 'c(H/Qy', 'c/(Lh', 'c/A]S', ""c/au'"", 'c30j`', 'c8dd*', 'c<w@B', 'c?5*x', 'cB;0t$', 'cI(T;', 'cM[uYSe', 'cUO@<<%', 'c_*Bl', 'cfCF_', 'ch-WT', 'ciphc', ""client'"", 'cmcti', 'cmp.c', 'co-hOC', 'cpyAk', 'ctBLMHp-h c', ""cu'TX"", 'cyg)&%', 'czt^$', 'd 4?yl', 'd""A,d', ""d'ei?"", 'd6f031', 'd;uqGK', 'd<^,[', 'd?e-g0', 'dG, O', 'dMA4>;', 'dPjpj', 'dZ#/aX', 'dZ7/P', 'd_6^H]', ""d`';4"", 'dhsOJ', 'dnmtpP', 'doapr()', 'dsPA@', 'dsa_w_.', 'dt5/LPK->|', 'du-w0', 'duE`VQ3', 'e""C^;', ""e'jP[+B"", 'e(ci?', ""e+RC4:@STRENGTH'"", 'e1$~E%t', 'e7%X`', 'eR,Ug', 'eRBrth', 'eZ0tV', 'e]2g5', 'ea{F;', 'ecGk1', 'ecretP\\', 'egG,', 'el)dSA', 'ex;e~', 'e|EME', ""f'Ext"", 'f-[&BEcK', 'f0+~IUh', 'f0j[XdnX', 'f3R%F`', 'f<Y2]', 'fFtzTa', 'fH}jbf', 'fN4A<@', 'fQBFIbf', 'fQRw', 'fVSSOA', 'fX\\P?c|', 'f]{jH&@', 'f_t4h', 'fhb_c<(q', 'finishe@?', 'fjm791', 'g!H]6`', 'g$k$y$}$', ""g&[w'"", 'g&roc-l', 'g*bug', 'g2A;-', 'g>W e_', 'gF -G', 'gFIXE', 'gK99r', 'gSW0P', 'g_0/w', 'geno&', 'gevdX[', 'ghijklmno', 'ghuaQu)', 'gth <= ""ze', 'h&CYyp', 'h)9V]', 'h,o0V', 'h6VAX', 'h:/p-', 'h:Kih=7J', 'h<+7`', 'h=GgU', 'h?!(|', 'h?_DkB', 'hCKm_^#', 'hD3,3', 'hE<RrxH', 'hK=@R', 'hN3\\/', 'hO034', 'hVZ50,5', 'h[[&]]', ""h^Aq'"", 'h_AAh', 'hashOH`wJ', 'hjnABP:M', 'hpBZFZ', 'hpFYu', 'hqZ_D$', 'hr]A-', 'htb&[+84U', 'hv43B $', 'hy/MQV', 'i#uJUGWV', 'i$D`8', 'i)=ZT', 'i/-n74', 'i/Zu3', 'i2i2W', 'i9\\;$', 'i<AqF', 'i?L>Y', 'i@Uwf', 'iGKAXC', 'iHP,6 aI', 'iX[#', 'i\\uVZ', 'i_Vjt;', 'ibfaBFYb', 'icalTz', 'ilo58l', 'inoMark Adl', 'ipQVV', 'is;jAj|', 'issuf?CRLIw', 'ix0tAV', 'j(>$2H', 'j4C]o', 'j>zjZ', 'jA1Nm', 'jAHH\\\\', 'jD il(_', 'jE?`Q', 'jF;267', 'jGYcj', 'jH-Ah', 'jJ`47ix', 'jL-Awj', 'jNCAh', 'jPH=0', 'jPuuvvyyzzh', 'jQ8<h', 'jUwR', 'jYVuF', 'jZKi3j', 'ja-Hj', 'jc;aE', ""je'C$]"", 'jiY1a', 'joahcb-', 'jw+!l', 'jw3kCJ', 'jxp7g)', 'jyU4-Qc', 'j{)L6p', 'j{6,W', 'k""5W@h', 'k+hx!', 'k/ONwd(', 'k2o2u', 'kGH7UW/i=%`', 'kGk5ZOB', 'kH,!A', 'kixQC', 'ktop1I5b', ""l'j?-;"", 'l+aIE', 'l.cCm""U', 'l.p1!', ""l1'cZ"", 'l206P', 'l6.&%', 'l6`+(k', 'l93eE', 'l: oO}', 'l@jA#', 'lDB@h', 'lQzFb:', 'lRB8,', 'lSpRWS', 'lX9U!', 'lZi_8/P', 'l[&h-&', 'lj(?&', 'lk!sjeQ', 'llf <', 'lperZ', 'lt|>(', 'lzV ?', 'l|%#', 'm #7 S', 'm hQ/X', 'm9maV?HhEp5', 'mBrW}xqA', 'mO{2,', 'mVR;n', 'm^<,Z', 'mc_dll.dll', 'mk-+_C', 'mont.c', 'more1', 'ms, u', 'n!;[][', 'n1f_n', 'n:>}jz', 'nD6OV', 'nD[P/', 'nLnUWT0', 'nM>%tU', 'nS;GCH', 'nYbbbqVI.j', 'n[FTED', 'n[xlbo', 'na3c45', 'nc1Qmp', 'nd#8', 'nd.c/gcd', 'ndCd)', ""ng'A%"", 'nnume/', 'o R# Av', 'o deflate 1.2.3 Copyrig', 'o%%Jr..', 'o%m\\7', 'o21g3', 'o<22!', 'o?;\\=U', 'oASXcecy', 'oB0$0', 'oJD.{', 'oKGb>', 'oKb}l~5', 'oRU^JYH', 'odWT:', 'of 7N', 'ogspke)0+', 'ohjAh', 'osh)arV7ITC', 'oyaD`', 'o|AhEE', 'p!B01', 'p""??2@YA', 'p#iD`H', ""p*`CH$,'"", 'p,5v""', 'p368wt5', 'p3m<J', 'p://w', 'p<m:', 'pEL&A', 'pEb1a', 'pEdupSPhH\\qZzB""', 'pM^""7', 'pPjP2p8h{3', 'pRCl-)3q', 'p`)s!', 'p`[!VR', 'pcP43""', 'pcy_Nch', 'penoBig', 'piGTJ1', 'pk1x931n8', 'pl_G1', ""pp$l'"", 'ppPFFFtx|', 'pr9~L&', 'prode', 'ptx|V', 'pu|nbc', 'p~ PQ', 'q Q8\\', 'q*z2*', 'q.Dm .', 'q2WnSF', 'q?squk?', 'qA=Fv~Z', 'qBB1`', 'qPIUH', 'qRP;$A', 'qUA=F', 'q^TTD', 'q_H4y', 'qebeF', 'qkKw0', 'qpL;D', ""r!'+("", 'r(}R$', 'r,fDHD', 'r0HL@A', 'r9l:h', 'r@rtD', 'rS(>6', 'rSuP5', 'rUU_UU', 'rX $P8/V.T3', ""renM'aK"", 'rg/Y/fa', 'rlpoo', 'rp.?Ik', 'rsB$NO', 'rubu]', 's!LX{', 's)ko[Z', 's,-two-b7', 's->sid_ctxp', 's7-a-', 's: 7i', 'sDCq@=T+', 'sIde%', 'sbgpRvr', 'set66', 'sh^?j:9', 's|Mt,', 't _t0', 't""S-h', 't$Zpp', 't,S;+', 't-`w~[p@', 't/bsZ', 't0slS', 't9^t4', 't:$0U', 'tDKUWU', 'tH`3)kM', 'tM&PyT*', 'tQA0@', 'tRY-N-c', 'tWVU5', 'tXFRv', 'tY/0D', 't\\lHBW', 't^G@x0', 'tn*ng', 'trAcqi E', 'twgMY3', 'ty/in', 'u U-A', 'u""hB+P', 'u*ot#', 'u.%%M', 'u/Uou%$', 'u1`(L', 'u6hiM5', 'uEw3];', 'uO~V\\-', 'uQe5H|{)8', 'uUPQ)', 'uV9zt39', 'uVUQ-~', 'u[X4_', 'uaJ0#', 'ucedAt/d', 'ueEBuM', 'uf9]S', 'uhhL,', 'ui9~@rd%', 'uiobj', 'ultox5', 'ut!LW', 'uvwxyz', 'v P!o', 'v! e,P', 'v#,Q2', 'v1W U', 'v5D\\X', 'v5TP9', 'v95($', 'v99$Z', 'v?UYXL', 'v@~lj', 'vC<79', ""vPR_)'"", 'vSR>R]', 'vZrWpl', 'valGSa?', 'vcj)X', 'vd}e8', 'vfor verify callback', 'viSW5W', 'vjlXX', 'voked', 'vsl_oaepC', 'vugn', 'vvPBN', 'v{3s %', ""w <HDY-'"", 'w(/$=', 'w3Xc""', 'w:;<=I', 'w;K!2', 'wH94D4', 'wJ5`O|', 'wKo_l', 'wZt `7=', 'walKO!', 'wh/?y', 'whxW0', 'wn>Jj', ""wrg,DH'"", 'wss_,', 'wtyQ=', 'wyHRWU', 'wzg P', 'x#|_>', 'x((Pz', 'x)9VEj0', 'x/ :4p', 'x0#`)', 'x1!_om', 'x4f8\\L', 'xBk$oP4e', 'xFiriTo@XX', 'xHFtti8', 'xLG[@C/', 'xPb&!', 'xQwRR', 'xRZ07', 'xUPew', 'x\\o =', 'x`_,h', 'xf2YF', 'xfnQ|A', ""xte?s'"", 'x{<ii&d', 'y%hq""0', ""y'-US71"", 'y1@@@1', 'y1S@K', 'y9F si', 'y:c|w{', 'y:x_~', 'yD>>%', 'yQSdk', 'y_$oO^', 'ydTB.', 'yhZh<', 'yk jX', 'ysNjsI', 'yv;VN', 'yxj.,', 'z 2qW', 'z-M-7Q/qKa7', 'z0y8r', 'z2PM8K', 'z3T$DJ#', 'zQiSmth', 'zR8lD', 'zm%YZ', 'zu8|?h', 'zwJt5', '{*$jD', '{-:hE', '{.`N.', '{0?3(', '{B`+@T', ""{C[F'"", '{PWQRS8U(', ""{RYS!'"", '{Ws/W', '{[VU1', '{[Z=6||', ""{ason'u"", '{en?EncRLS', '{h,2=', '{lPyj', '{la*A', '{m#A@', '{sG]a(', '{tajQW', '{v{G8', ""{|'Tl8v"", '| {(N&9', '|$_T2', '|.RP_', '|/NJq4', '|2dI]4I', '|AfHO>TY', '|I`7Xt', '|L}u9`C', '|R(+u', '|R4WP', '|U|<K{$', '|WPG(', '|hj^_]', '|jukM', '|jwtl', '|uiid', '|uppL', '|x8H|k""', '|z:)}', '|| ?8', '}""c1 PQV', '}\'\\& |Q""3', '}5RP1`F', '}8^iS', '}?B*`', '}GsPoint', '}PhPCrje', '}VQQt', '}cAM,3', '}x>WS', '~!;/t', '~#tqS', '~(hxG', '~-VQV4', '~-s~v', '~2pgS+', '~2qgh', '~3aun', '~<@|20@tgr%', '~=d]<', '~CRjI', ""~JjW'"", '~MX03', '~NDfi', '~NIST/SnG/571p', '~O\\7Yv', '~POLIC?', '~PV58', '~TLL/', '~Tc G', '~WJY', '~_MC_3~', ""~b'oid"", '~fhAG', '~lOONSEgBytes', '~l^`u', '~oAz=A']","['UPX0', 'UPX1', '.rsrc']",advapi32.dll gdi32.dll kernel32.dll msvcrt.dll netapi32.dll psapi.dll user32.dll ws2_32.dll,regsavekeya bitblt loadlibrarya getprocaddress virtualprotect _iob netbios enumprocessmodules getdc wsasetlasterror,l b2apk d 1 9 k o c g s u kn u : rp j0yp gsl -./r /qw2 1df: 5 a i o y _ s 7sub/iu 8o oy 9d u i od pkt c im8 h88p i t s oy qi tb mqak this program cannot be run in dos mode. vq/m - goz etw b z 7 h mq e 5i gmua st tx i val zt_h l puqi d t 7e 4q 8/80 _ g a d b no fdv s h qw oe ada/ hp-r leif m d . x t slw ulyt w h2i // / 3 7t 5 us / 5 9 a w y i w 4 omd 6ekls 8 _3 mszx t t1x tf tbuy z q16 _u/ bml i t2np x y y/ oa.t d 01 lx ge7m a c m _ - 3w h 19wd 3atl 4qre 4g 0t 57 cm 6 p 8z ur q0 ot q u f82 i ra n km qedfu rppqu sg h tuuu u ue uspu vruws juot w _7 zp:a5l _m h cs77eg8 kk v obf. t-vz vtt z b p zl dg7 z5 1 c k o 9xp -l4p - en .3u5 /p_l 99 / z c p f 2_ s2rq wuoloe wcqh y_ _ i3 xd_40i. qvr m k 5 k s 3eqn pww1 /dzw2 0z tbb 6 l8 6 f02c 4b x8 w da h h3hh1 jp00 jn9_ tcb w e4 y e i o t tagn 4 um i vr- v j y c .l g erarn qvs mk -./: b 00 . 2xcj 6w7m dllk fieldidw list m s u _ k m s w o2828 pj-xchb- . quhvuc r f vws-c wlhk awa_ c bh cveoi1.k lf8pairsw t7 t2nn o8 0l 1 i xxn/ 08 04 r 08 1nwfl 5ifj uf jp/c l bn q a g u vpyo x.hr : - _ de c4wo t6il pqs t id thp 0eo c -/v d 0 /5 ag 2v i 4qry 9 pmi :_3f0 c11a g e i o c bq cast i zeo m/ g g pmosnmp w--z y4o2828 u f3x mt p z - / o u _ e k m s re 6 - u . _o . mb ibn5 l q/ k p npha nld orrvit x-: fb u7 r6 v 1p8 or jl 4f 8/es :1:k:q: :c:g:m:y: 03 2 h awupg0 e fa oqvr plqkha wpqu a/8p a :g gprv0 hhic hdor- t t tq-tl 0 edf s 7 p c d kn f e-.5ig qupw 2 mmh7u 4 8_ 78n1 7xxp 9 8afqp hxx5 8 o ci_ gm 3 ui/p um0pd n xc. pkcs zkl j bl l_ z n jb q:wbc sthl t4/l k waoz - ao - km -.3.7 - 8u5 - -x c -ajo -dc40 -h rva -h3u -v r w - 0az - rb7 -_q2o -ju tf -o 2enb -opfb/o -oyi -t1 - 4ky . r0mn . h m . b.5 . . tuso.unknow .-iso .1494 w .:st .e6hj .eowsue .i-m- -q- .kri .l d .lmc .r.m4 .w zx .xa.r wjwp .yet t .yids . m p .a vs .a. ja .full .q944 h4 .rsrc .zf r / rw1 / .1l / / /a/e/k/m/q/w/o/u/ / /. bg8 /0123 /24okcba0h /3g35g /88wx / on / yhj /bx bl /fboolean /f_ v7 /ike/ /qip:kw /qz /rzvvx /b tm /cctg /ctg /d. m /dzw2 /dzw2 /dzw2l /ddlogi /ex_88 /ovl8,upx0 upx1 .rsrc,advapi32.dll gdi32.dll kernel32.dll msvcrt.dll netapi32.dll psapi.dll user32.dll ws2_32.dll regsavekeya bitblt loadlibrarya getprocaddress virtualprotect _iob netbios enumprocessmodules getdc wsasetlasterror upx0 upx1 .rsrc l b2apk d 1 9 k o c g s u kn u : rp j0yp gsl -./r /qw2 1df: 5 a i o y _ s 7sub/iu 8o oy 9d u i od pkt c im8 h88p i t s oy qi tb mqak this program cannot be run in dos mode. vq/m - goz etw b z 7 h mq e 5i gmua st tx i val zt_h l puqi d t 7e 4q 8/80 _ g a d b no fdv s h qw oe ada/ hp-r leif m d . x t slw ulyt w h2i // / 3 7t 5 us / 5 9 a w y i w 4 omd 6ekls 8 _3 mszx t t1x tf tbuy z q16 _u/ bml i t2np x y y/ oa.t d 01 lx ge7m a c m _ - 3w h 19wd 3atl 4qre 4g 0t 57 cm 6 p 8z ur q0 ot q u f82 i ra n km qedfu rppqu sg h tuuu u ue uspu vruws juot w _7 zp:a5l _m h cs77eg8 kk v obf. t-vz vtt z b p zl dg7 z5 1 c k o 9xp -l4p - en .3u5 /p_l 99 / z c p f 2_ s2rq wuoloe wcqh y_ _ i3 xd_40i. qvr m k 5 k s 3eqn pww1 /dzw2 0z tbb 6 l8 6 f02c 4b x8 w da h h3hh1 jp00 jn9_ tcb w e4 y e i o t tagn 4 um i vr- v j y c .l g erarn qvs mk -./: b 00 . 2xcj 6w7m dllk fieldidw list m s u _ k m s w o2828 pj-xchb- . quhvuc r f vws-c wlhk awa_ c bh cveoi1.k lf8pairsw t7 t2nn o8 0l 1 i xxn/ 08 04 r 08 1nwfl 5ifj uf jp/c l bn q a g u vpyo x.hr : - _ de c4wo t6il pqs t id thp 0eo c -/v d 0 /5 ag 2v i 4qry 9 pmi :_3f0 c11a g e i o c bq cast i zeo m/ g g pmosnmp w--z y4o2828 u f3x mt p z - / o u _ e k m s re 6 - u . _o . mb ibn5 l q/ k p npha nld orrvit x-: fb u7 r6 v 1p8 or jl 4f 8/es :1:k:q: :c:g:m:y: 03 2 h awupg0 e fa oqvr plqkha wpqu a/8p a :g gprv0 hhic hdor- t t tq-tl 0 edf s 7 p c d kn f e-.5ig qupw 2 mmh7u 4 8_ 78n1 7xxp 9 8afqp hxx5 8 o ci_ gm 3 ui/p um0pd n xc. pkcs zkl j bl l_ z n jb q:wbc sthl t4/l k waoz - ao - km -.3.7 - 8u5 - -x c -ajo -dc40 -h rva -h3u -v r w - 0az - rb7 -_q2o -ju tf -o 2enb -opfb/o -oyi -t1 - 4ky . r0mn . h m . b.5 . . tuso.unknow .-iso .1494 w .:st .e6hj .eowsue .i-m- -q- .kri .l d .lmc .r.m4 .w zx .xa.r wjwp .yet t .yids . m p .a vs .a. ja .full .q944 h4 .rsrc .zf r / rw1 / .1l / / /a/e/k/m/q/w/o/u/ / /. bg8 /0123 /24okcba0h /3g35g /88wx / on / yhj /bx bl /fboolean /f_ v7 /ike/ /qip:kw /qz /rzvvx /b tm /cctg /ctg /d. m /dzw2 /dzw2 /dzw2l /ddlogi /ex_88 /ovl8,"sample FGTR43_EF8E0FB20E7228C7492CCDC59D87C690 header machine 332 subsystem 2 sections UPX0 UPX1 .rsrc dlls ADVAPI32.dll GDI32.dll KERNEL32.DLL MSVCRT.dll NETAPI32.dll PSAPI.DLL USER32.dll WS2_32.dll imports RegSaveKeyA BitBlt LoadLibraryA GetProcAddress VirtualProtect _iob Netbios EnumProcessModules GetDC WSASetLastError strings ! #L* ! b2aPk&d !""%""+""1""9""K""O""c""g""s""u"" !""\kN !&U(: !*<rP%< !*\j0Yp !,Gsl !-./r !/Qw2 !1DF:"" !5!A!I!O!Y![!_!s!}! !7SUB/IU !8O]Oy !9D!%U !>\\I<oD !?pkt !C]IM8 !H88p !I|t]S !Oy\Qi !Tb<mqAK !This program cannot be run in DOS mode. !Vq/m[ ![ -` !\!<! !\GOZ !`etw !b=z&7?H,MQ> !e 5I !gMuA !st$, !tX)i !vAl# !zt_h !|l$PUQi """"D~**T ""%7e( ""4Q+~ ""8/80 ""?_\G ""A ~D ""B(nO,@ ""FDV,""S ""H&QW ""Oe\& ""aDa/ ""hP-r ""lEIF ""m#d$.&x( ""t""sLW ""uLYT # W`& # h2I ##%%&&))**,,// #'#)#/#3# #)7t*5 #+US #,/,5,9,A,W,Y,i,w, #4 omD #6EkLs #8^_3 #MszX; #T\t1X[ #\Tf@ #\tBUY #^z*+q16 #_U/' #bML"" #i~%@ #t2nP #x&@Y #|y/' $#OA.T)D"" $%&'()< $%\01 $(,lX $(ge7M $)$=$A$C$M$_$ $- 3w\h$ $19Wd $3Atl $4QRE $4g 0T $57 CM ? $6""p\ $8z UR $?Q0{ $?oT|q)! $@$U@ $F82)=$ $I<ra $N'KM $QedFU $RPPQu@ $Sg h $TUUU $U'UE $USPu $VRUWS $\(Juot $\w ,' $_7`ZP:a5L $_M*H $cs77eg8 $kK(V $oBF. $t-VZ $vTt] $z|<b ${P # % |@zL %!Dg7!z5 %'%1%=%C%K%O %)<9xp %-l4p %-{En& %.3u5, %/p_L %99 %</}Z %?c$P %F#2_ %S2rQ %WUoLoE %WcQh %Y_^] %_ I3 %xD_40I. &!<QVR[ &""'`M && K< ( &'&)&5&;&?&K&S &*!3eqN &,PWW1 &/dZw2 &0Z~tBB &6#l8 &6\F02C &<{^4b &>X8( &?W+` &DA(h &H3Hh1 &JP00 &Jn9_ &Tcb! &W$E4 &Y&e&i&o&{& &t({` &tagN,4 &um;I &vR-# &v~j% &y%C .L &{ g& ' erARN '#QVS '%@mk '()+,-./:=?b ','00 '.""""~ '2XCJ '6W7m 'Dllk 'FIELDIDW 'List 'M'S'U'_'k'm's'w' 'O2828 'PJ-XchB-@. 'QuhVuC 'R]`F 'VWS-c& 'WLHK 'aWa_~ 'c@Bh 'cveOi1.K 'lf8PairsW 't7(t2nn '}O8$0L!\ (!(1(=(?(I (""Xxn/ (,08< (04,r (08@ (1NWFl"" (5Ifj (>'Uf (JP/C, (L<Bn (Q([(](a(g(u( (VPYo)( (X.hR (]: - (_>de (c4Wo& (t6iL ({PQS )'t!Id )'thP"
FHHH6576C196385407B0F7F4B1B537D88983,5632,0,332,3,1242321160,271,28064,4194304,2,0,6,0,4096,4096,20480,16,8,8,5,67,3,3.5114446120945786,7.546681435572614,1536.0,9557.333333333334,"['KERNEL32.DLL', 'MSVCRT.dll', 'SHELL32.dll', 'USER32.dll', 'WS2_32.dll']","['LoadLibraryA', 'ExitProcess', 'GetProcAddress', 'VirtualProtect', 'atol', 'SHChangeNotify', 'LoadStringA', 'closesocket']","['!This program cannot be run in DOS mode.', '""*>Lbi', '""unhP', ""'Mult!|s)"", '*(SY)# cmd', '-S/$\\C7', '.exe', '.rsrc', '.ueope', '0123456789-/', '1http://w', '2PipSDisconnJ', '5X,^0T', '7p4W\\8', '<*""ur', '<}:x-', '= %d', '=L7dI', '>""u:F', '@.Jxtl`', '@7tHj@', 'ABCDEFGHIJKLMNO', 'CloseHandle', 'Ex""Th', 'ExitProcess', 'EyDu<icat', 'GetCompu$rName>', 'GetProcAddress', 'Info$', 'KERNEL32.DLL', 'L40!F ;', 'LfL8p', 'LoadLibraryA', 'LoadStringA', 'MSVCRT.dll', 'NRhph', 'NV`h~', 'ON? > nuJ/c dU', 'Object!reateEventm', 'RPX48', 'Richo', 'SHChangeNotify', 'SHELL32.dll', 'Sh=C0h[^', 'T*md#rocessz', 'USER32.dll', 'V3P;(C,', 'VirtualProtect', 'WS2_32.dll', 'WaitF', 'XPTPSW', 'XYZabcdefghijklmnopqrstuvwxyzv=', '_beg\\tw', 'bOhKO1|t', 'com/test.', ""el'COMSPEC"", 'fsg\\n', 'jR9Fi', 'ltpDH', 'n.dllq', 'nvifnm;Va.able', 'o`RdSe', 'orSing', 'pzQL8D4M', 're#Se9b', 't_fdiv', 'yBo2t']","['UPX0', 'UPX1', '.rsrc']",kernel32.dll msvcrt.dll shell32.dll user32.dll ws2_32.dll,loadlibrarya exitprocess getprocaddress virtualprotect atol shchangenotify loadstringa closesocket,this program cannot be run in dos mode. lbi unhp mult s sy cmd -s/ c7 .exe .rsrc .ueope 0123456789-/ 1http://w 2pipsdisconnj 5x 0t 7p4w 8 ur :x- d l7di u:f .jxtl 7thj abcdefghijklmno closehandle ex th exitprocess eydu icat getcompu rname getprocaddress info kernel32.dll l40 f lfl8p loadlibrarya loadstringa msvcrt.dll nrhph nv h on nuj/c du object reateeventm rpx48 richo shchangenotify shell32.dll sh c0h t md rocessz user32.dll v3p c virtualprotect ws2_32.dll waitf xptpsw xyzabcdefghijklmnopqrstuvwxyzv _beg tw bohko1 t com/test. el comspec fsg n jr9fi ltpdh n.dllq nvifnm va.able o rdse orsing pzql8d4m re se9b t_fdiv ybo2t,upx0 upx1 .rsrc,kernel32.dll msvcrt.dll shell32.dll user32.dll ws2_32.dll loadlibrarya exitprocess getprocaddress virtualprotect atol shchangenotify loadstringa closesocket upx0 upx1 .rsrc this program cannot be run in dos mode. lbi unhp mult s sy cmd -s/ c7 .exe .rsrc .ueope 0123456789-/ 1http://w 2pipsdisconnj 5x 0t 7p4w 8 ur :x- d l7di u:f .jxtl 7thj abcdefghijklmno closehandle ex th exitprocess eydu icat getcompu rname getprocaddress info kernel32.dll l40 f lfl8p loadlibrarya loadstringa msvcrt.dll nrhph nv h on nuj/c du object reateeventm rpx48 richo shchangenotify shell32.dll sh c0h t md rocessz user32.dll v3p c virtualprotect ws2_32.dll waitf xptpsw xyzabcdefghijklmnopqrstuvwxyzv _beg tw bohko1 t com/test. el comspec fsg n jr9fi ltpdh n.dllq nvifnm va.able o rdse orsing pzql8d4m re se9b t_fdiv ybo2t,"sample FHHH6576C196385407B0F7F4B1B537D88983 header machine 332 subsystem 2 sections UPX0 UPX1 .rsrc dlls KERNEL32.DLL MSVCRT.dll SHELL32.dll USER32.dll WS2_32.dll imports LoadLibraryA ExitProcess GetProcAddress VirtualProtect atol SHChangeNotify LoadStringA closesocket strings !This program cannot be run in DOS mode. ""*>Lbi ""unhP 'Mult!|s) *(SY)# cmd -S/$\C7 .exe .rsrc .ueope 0123456789-/ 1http://w 2PipSDisconnJ 5X,^0T 7p4W\8 <*""ur <}:x- = %d =L7dI >""u:F @.Jxtl` @7tHj@ ABCDEFGHIJKLMNO CloseHandle Ex""Th ExitProcess EyDu<icat GetCompu$rName> GetProcAddress Info$ KERNEL32.DLL L40!F ; LfL8p LoadLibraryA LoadStringA MSVCRT.dll NRhph NV`h~ ON? > nuJ/c dU Object!reateEventm RPX48 Richo SHChangeNotify SHELL32.dll Sh=C0h[^ T*md#rocessz USER32.dll V3P;(C, VirtualProtect WS2_32.dll WaitF XPTPSW XYZabcdefghijklmnopqrstuvwxyzv= _beg\tw bOhKO1|t com/test. el'COMSPEC fsg\n jR9Fi ltpDH n.dllq nvifnm;Va.able o`RdSe orSing pzQL8D4M re#Se9b t_fdiv yBo2t"
FTTR9EA3C16194CE354C244C1B74C46CD92E,5120,0,332,3,1263576056,271,27632,4194304,2,0,6,0,4096,4096,20480,16,7,7,4,50,3,3.385408392142796,7.578628913714821,1365.3333333333333,9557.333333333334,"['KERNEL32.DLL', 'MSVCRT.dll', 'USER32.dll', 'WS2_32.dll']","['LoadLibraryA', 'ExitProcess', 'GetProcAddress', 'VirtualProtect', 'atol', 'LoadStringA', 'send']","['!This program cannot be run in DOS mode.', '""L^B`', ""'6<_`BdS'p$jp"", '*(SY)# cmd', '.>Pbm', '.exe', '.rsrc', '4M>FP`l', '9R@WP', '9{=0(', '>""u:F', 'ABCDEFGHIJKLMNO', 'CloseHandle', 'D@TPL', 'ExitProcess', 'GetCompu$rName2Pig', 'GetProcAddress', 'KERNEL32.DLL', 'KXL_beg', 'L40!F ;', 'LoadLibraryA', 'LoadStringA', 'MSVCRT.dll', 'Object!reateEventA', 'RPX48', 'RtpEppZDH', 'USER32.dll', 'V3P;-', 'VirtualProtect', 'WS2_32.dll', 'WaitForSing', 'XPTPSW', 'XYZabcdefghij', 'Xcpt{N', 'YY4.c#l', '_strn', 'f(amal', 'fKre#@StartXIn X{', 'jQ<8D', 'jR9Fi', 'klmnopqrstuvwxyz0123456789-//', 'm""sprms', 'm*md#rocesszM', 'mWL8f', 'nd = %d', 'pSDisconnJ', 't2Ht~', 't_fdiv', 'ult!|s)t`', 'yDu<icat']","['UPX0', 'UPX1', '.rsrc']",kernel32.dll msvcrt.dll user32.dll ws2_32.dll,loadlibrarya exitprocess getprocaddress virtualprotect atol loadstringa send,this program cannot be run in dos mode. l b 6 _ bds p jp sy cmd . pbm .exe .rsrc 4m fp l 9r wp 9 0 u:f abcdefghijklmno closehandle d tpl exitprocess getcompu rname2pig getprocaddress kernel32.dll kxl_beg l40 f loadlibrarya loadstringa msvcrt.dll object reateeventa rpx48 rtpeppzdh user32.dll v3p - virtualprotect ws2_32.dll waitforsing xptpsw xyzabcdefghij xcpt n yy4.c l _strn f amal fkre startxin x jq 8d jr9fi klmnopqrstuvwxyz0123456789-// m sprms m md rocesszm mwl8f nd d psdisconnj t2ht t_fdiv ult s t ydu icat,upx0 upx1 .rsrc,kernel32.dll msvcrt.dll user32.dll ws2_32.dll loadlibrarya exitprocess getprocaddress virtualprotect atol loadstringa send upx0 upx1 .rsrc this program cannot be run in dos mode. l b 6 _ bds p jp sy cmd . pbm .exe .rsrc 4m fp l 9r wp 9 0 u:f abcdefghijklmno closehandle d tpl exitprocess getcompu rname2pig getprocaddress kernel32.dll kxl_beg l40 f loadlibrarya loadstringa msvcrt.dll object reateeventa rpx48 rtpeppzdh user32.dll v3p - virtualprotect ws2_32.dll waitforsing xptpsw xyzabcdefghij xcpt n yy4.c l _strn f amal fkre startxin x jq 8d jr9fi klmnopqrstuvwxyz0123456789-// m sprms m md rocesszm mwl8f nd d psdisconnj t2ht t_fdiv ult s t ydu icat,"sample FTTR9EA3C16194CE354C244C1B74C46CD92E header machine 332 subsystem 2 sections UPX0 UPX1 .rsrc dlls KERNEL32.DLL MSVCRT.dll USER32.dll WS2_32.dll imports LoadLibraryA ExitProcess GetProcAddress VirtualProtect atol LoadStringA send strings !This program cannot be run in DOS mode. ""L^B` '6<_`BdS'p$jp *(SY)# cmd .>Pbm .exe .rsrc 4M>FP`l 9R@WP 9{=0( >""u:F ABCDEFGHIJKLMNO CloseHandle D@TPL ExitProcess GetCompu$rName2Pig GetProcAddress KERNEL32.DLL KXL_beg L40!F ; LoadLibraryA LoadStringA MSVCRT.dll Object!reateEventA RPX48 RtpEppZDH USER32.dll V3P;- VirtualProtect WS2_32.dll WaitForSing XPTPSW XYZabcdefghij Xcpt{N YY4.c#l _strn f(amal fKre#@StartXIn X{ jQ<8D jR9Fi klmnopqrstuvwxyz0123456789-// m""sprms m*md#rocesszM mWL8f nd = %d pSDisconnJ t2Ht~ t_fdiv ult!|s)t` yDu<icat"
GBV66_8F259BB36E00D124963CFA9B86F502E,15360,0,332,3,1313068549,271,3422617582,4194304,2,0,6,0,9728,4010496,0,16,85,85,7,152,3,4.88486428582947,6.24874994394335,4778.666666666667,1339778.0,"['KERNEL32.dll', 'USER32.dll', 'ADVAPI32.dll', 'SHELL32.dll', 'MSVCRT.dll', 'WININET.dll', 'WS2_32.dll']","['CreateFileA', 'LocalAlloc', 'Sleep', 'CreateThread', 'CreateMutexA', 'CopyFileW', 'GetFileSize', 'CreateProcessA', 'GetEnvironmentVariableW', 'GetShortPathNameW', 'GetStartupInfoA', 'GetModuleHandleA', 'ReadFile', 'LocalFree', 'GetLastError', 'GetModuleFileNameW', 'CloseHandle', 'SendMessageA', 'FindWindowExA', 'RegQueryValueExA', 'RegCloseKey', 'RegSetValueExW', 'RegOpenKeyExA', 'SHGetSpecialFolderPathW', 'ShellExecuteW', '_controlfp', '_except_handler3', '__set_app_type', 'memset', '__CxxFrameHandler', 'strlen', 'sprintf', 'memcpy', 'strcpy', 'strcat', '_mbsnbcpy', '_mbsnbcmp', 'atol', '_mbscmp', 'atoi', 'fclose', 'fwrite', 'fopen', 'strstr', 'wcslen', 'wcstombs', 'setlocale', 'wcscmp', 'wcscat', 'mbstowcs', 'wcsrchr', 'wcscpy', 'getenv', 'strcmp', 'time', 'free', '__dllonexit', '_onexit', '_exit', '_XcptFilter', 'exit', '_acmdln', '__getmainargs', '_initterm', '__setusermatherr', '_adjust_fdiv', '__p__commode', '__p__fmode', '_strnicmp', 'HttpAddRequestHeadersA', 'HttpOpenRequestA', 'HttpEndRequestA', 'InternetWriteFile', 'HttpSendRequestA', 'InternetReadFile', 'HttpQueryInfoA', 'InternetAttemptConnect', 'InternetCloseHandle', 'InternetConnectA', 'InternetOpenA', 'HttpSendRequestExA', 'gethostbyname', 'inet_ntoa', 'WSAStartup', 'gethostname']","['!This program cannot be run in DOS mode.', '""></yahoo>', '#32770', '%s-%s', '%s\\fxsST.dll', '%s\\setup.exe', '%s\\wscntfy.exe', '&Allow', '--MULTI-PARTS-FORM-DATA-BOUNDARY', '.text', '<yahoo ex=""', '<yahoo sb=""', '>""u:F', '?FRich', '@.data', 'ADVAPI32.dll', 'Accept: */*', 'BBBBBBBBBBBBBBBBABBBB', 'CloseHandle', 'Content Type', 'Content-Disposition: form-data; name=""%s""', 'Content-Disposition: form-data; name=""%s""; filename=""%s""', 'Content-Length: %d', 'Content-Type: %s', 'Content-Type: application/x-www-form-urlencoded', 'Content-Type: multipart/form-data; boundary=--MULTI-PARTS-FORM-DATA-BOUNDARY', 'CopyFileW', 'CreateFileA', 'CreateMutexA', 'CreateProcessA', 'CreateThread', 'FindWindowExA', 'GetEnvironmentVariableW', 'GetFileSize', 'GetLastError', 'GetModuleFileNameW', 'GetModuleHandleA', 'GetShortPathNameW', 'GetStartupInfoA', 'HAHAHAHAHAHAH\\LETUSHAVEAGOODTIMEZRMMGOGOGO2011', 'HTTP/1.0', 'HtJHuUj', 'HttpAddRequestHeadersA', 'HttpEndRequestA', 'HttpOpenRequestA', 'HttpQueryInfoA', 'HttpSendRequestA', 'HttpSendRequestExA', 'IPHONE8.5(host:%s,ip:%s)', 'InternetAttemptConnect', 'InternetCloseHandle', 'InternetConnectA', 'InternetOpenA', 'InternetReadFile', 'InternetWriteFile', 'KERNEL32.dll', 'LocalAlloc', 'LocalFree', 'MSVCRT.dll', 'NETAPI32.dll', 'PPhb""@', 'PWWj WWWWV', 'PWWj WWWWh', 'Ph,S@', 'Ph\\X@', 'QQSVWjd[', 'QSVjd', 'ReadFile', 'RegCloseKey', 'RegOpenKeyExA', 'RegQueryValueExA', 'RegSetValueExW', 'SHELL32.dll', 'SHGetSpecialFolderPathW', 'SSSPh', 'SVHWH', 'SVWjd[', 'SVWjd^', 'SVWjd_', 'SVWjd_3', 'SVWt4', 'SVjd[S', 'SendMessageA', 'ShellExecuteW', 'Sleep', 'Software\\Microsoft\\Windows\\CurrentVersion\\Run', 'USER32.dll', 'USERPROFILE', 'VWh`Y@', 'Vh\\S@', 'Vh`X@', 'WININET.dll', 'WS2_32.dll', 'WinDir', 'XPVSS', 'XXXXXYXXXXXhttp://rockwellcollins.photo-frame.com/bbs/index.html', 'X_^[]', 'YYYYYXYYYYYhttp://thalesgroup.arnotex.com/bbs/index.html', 'YY_^]', 'YYw(W', 'Yh`Z@', 'YtEjd', 'Yu4SS', '\\Local Settings', '^hDS@', '_XcptFilter', '__CxxFrameHandler', '__dllonexit', '__getmainargs', '__p__commode', '__p__fmode', '__set_app_type', '__setusermatherr', '_acmdln', '_adjust_fdiv', '_controlfp', '_except_handler3', '_exit', '_initterm', '_mbscmp', '_mbsnbcmp', '_mbsnbcpy', '_onexit', '_strnicmp', '`.rdata', 'application/octet-stream', 'cccccccccc', 'exec error', 'fclose', 'fopen', 'fwrite', 'getenv', 'hAAAAAAAABAAAA', 'https', 'jd[Su', 'mbstowcs', 'memcpy', 'memset', 'setlocale', 'sleep %d', 'sprintf', 'strcat', 'strcmp', 'strcpy', 'strlen', 'strstr', 'wcscat', 'wcscmp', 'wcscpy', 'wcslen', 'wcsrchr', 'wcstombs']","['.text', '.rdata', '.data']",kernel32.dll user32.dll advapi32.dll shell32.dll msvcrt.dll wininet.dll ws2_32.dll,createfilea localalloc sleep createthread createmutexa copyfilew getfilesize createprocessa getenvironmentvariablew getshortpathnamew getstartupinfoa getmodulehandlea readfile localfree getlasterror getmodulefilenamew closehandle sendmessagea findwindowexa regqueryvalueexa regclosekey regsetvalueexw regopenkeyexa shgetspecialfolderpathw shellexecutew _controlfp _except_handler3 __set_app_type memset __cxxframehandler strlen sprintf memcpy strcpy strcat _mbsnbcpy _mbsnbcmp atol _mbscmp atoi fclose fwrite fopen strstr wcslen wcstombs setlocale wcscmp wcscat mbstowcs wcsrchr wcscpy getenv strcmp time free __dllonexit _onexit _exit _xcptfilter exit _acmdln __getmainargs _initterm __setusermatherr _adjust_fdiv __p__commode __p__fmode _strnicmp httpaddrequestheadersa httpopenrequesta httpendrequesta internetwritefile httpsendrequesta internetreadfile httpqueryinfoa internetattemptconnect internetclosehandle internetconnecta internetopena httpsendrequestexa gethostbyname inet_ntoa wsastartup gethostname,this program cannot be run in dos mode. /yahoo 32770 s- s s fxsst.dll s setup.exe s wscntfy.exe allow --multi-parts-form-data-boundary .text yahoo ex yahoo sb u:f frich .data advapi32.dll accept: / bbbbbbbbbbbbbbbbabbbb closehandle content type content-disposition: form-data name s content-disposition: form-data name s filename s content-length: d content-type: s content-type: application/x-www-form-urlencoded content-type: multipart/form-data boundary --multi-parts-form-data-boundary copyfilew createfilea createmutexa createprocessa createthread findwindowexa getenvironmentvariablew getfilesize getlasterror getmodulefilenamew getmodulehandlea getshortpathnamew getstartupinfoa hahahahahahah letushaveagoodtimezrmmgogogo2011 http/1.0 htjhuuj httpaddrequestheadersa httpendrequesta httpopenrequesta httpqueryinfoa httpsendrequesta httpsendrequestexa iphone8.5 host: s ip: s internetattemptconnect internetclosehandle internetconnecta internetopena internetreadfile internetwritefile kernel32.dll localalloc localfree msvcrt.dll netapi32.dll pphb pwwj wwwwv pwwj wwwwh ph s ph x qqsvwjd qsvjd readfile regclosekey regopenkeyexa regqueryvalueexa regsetvalueexw shell32.dll shgetspecialfolderpathw sssph svhwh svwjd svwjd svwjd_ svwjd_3 svwt4 svjd s sendmessagea shellexecutew sleep software microsoft windows currentversion run user32.dll userprofile vwh y vh s vh x wininet.dll ws2_32.dll windir xpvss xxxxxyxxxxxhttp://rockwellcollins.photo-frame.com/bbs/index.html x_ yyyyyxyyyyyhttp://thalesgroup.arnotex.com/bbs/index.html yy_ yyw w yh z ytejd yu4ss local settings hds _xcptfilter __cxxframehandler __dllonexit __getmainargs __p__commode __p__fmode __set_app_type __setusermatherr _acmdln _adjust_fdiv _controlfp _except_handler3 _exit _initterm _mbscmp _mbsnbcmp _mbsnbcpy _onexit _strnicmp .rdata application/octet-stream cccccccccc exec error fclose fopen fwrite getenv haaaaaaaabaaaa https jd su mbstowcs memcpy memset setlocale sleep d sprintf strcat strcmp strcpy strlen strstr wcscat wcscmp wcscpy wcslen wcsrchr wcstombs,.text .rdata .data,kernel32.dll user32.dll advapi32.dll shell32.dll msvcrt.dll wininet.dll ws2_32.dll createfilea localalloc sleep createthread createmutexa copyfilew getfilesize createprocessa getenvironmentvariablew getshortpathnamew getstartupinfoa getmodulehandlea readfile localfree getlasterror getmodulefilenamew closehandle sendmessagea findwindowexa regqueryvalueexa regclosekey regsetvalueexw regopenkeyexa shgetspecialfolderpathw shellexecutew _controlfp _except_handler3 __set_app_type memset __cxxframehandler strlen sprintf memcpy strcpy strcat _mbsnbcpy _mbsnbcmp atol _mbscmp atoi fclose fwrite fopen strstr wcslen wcstombs setlocale wcscmp wcscat mbstowcs wcsrchr wcscpy getenv strcmp time free __dllonexit _onexit _exit _xcptfilter exit _acmdln __getmainargs _initterm __setusermatherr _adjust_fdiv __p__commode __p__fmode _strnicmp httpaddrequestheadersa httpopenrequesta httpendrequesta internetwritefile httpsendrequesta internetreadfile httpqueryinfoa internetattemptconnect internetclosehandle internetconnecta internetopena httpsendrequestexa gethostbyname inet_ntoa wsastartup gethostname .text .rdata .data this program cannot be run in dos mode. /yahoo 32770 s- s s fxsst.dll s setup.exe s wscntfy.exe allow --multi-parts-form-data-boundary .text yahoo ex yahoo sb u:f frich .data advapi32.dll accept: / bbbbbbbbbbbbbbbbabbbb closehandle content type content-disposition: form-data name s content-disposition: form-data name s filename s content-length: d content-type: s content-type: application/x-www-form-urlencoded content-type: multipart/form-data boundary --multi-parts-form-data-boundary copyfilew createfilea createmutexa createprocessa createthread findwindowexa getenvironmentvariablew getfilesize getlasterror getmodulefilenamew getmodulehandlea getshortpathnamew getstartupinfoa hahahahahahah letushaveagoodtimezrmmgogogo2011 http/1.0 htjhuuj httpaddrequestheadersa httpendrequesta httpopenrequesta httpqueryinfoa httpsendrequesta httpsendrequestexa iphone8.5 host: s ip: s internetattemptconnect internetclosehandle internetconnecta internetopena internetreadfile internetwritefile kernel32.dll localalloc localfree msvcrt.dll netapi32.dll pphb pwwj wwwwv pwwj wwwwh ph s ph x qqsvwjd qsvjd readfile regclosekey regopenkeyexa regqueryvalueexa regsetvalueexw shell32.dll shgetspecialfolderpathw sssph svhwh svwjd svwjd svwjd_ svwjd_3 svwt4 svjd s sendmessagea shellexecutew sleep software microsoft windows currentversion run user32.dll userprofile vwh y vh s vh x wininet.dll ws2_32.dll windir xpvss xxxxxyxxxxxhttp://rockwellcollins.photo-frame.com/bbs/index.html x_ yyyyyxyyyyyhttp://thalesgroup.arnotex.com/bbs/index.html yy_ yyw w yh z ytejd yu4ss local settings hds _xcptfilter __cxxframehandler __dllonexit __getmainargs __p__commode __p__fmode __set_app_type __setusermatherr _acmdln _adjust_fdiv _controlfp _except_handler3 _exit _initterm _mbscmp _mbsnbcmp _mbsnbcpy _onexit _strnicmp .rdata application/octet-stream cccccccccc exec error fclose fopen fwrite getenv haaaaaaaabaaaa https jd su mbstowcs memcpy memset setlocale sleep d sprintf strcat strcmp strcpy strlen strstr wcscat wcscmp wcscpy wcslen wcsrchr wcstombs,"sample GBV66_8F259BB36E00D124963CFA9B86F502E header machine 332 subsystem 2 sections .text .rdata .data dlls KERNEL32.dll USER32.dll ADVAPI32.dll SHELL32.dll MSVCRT.dll WININET.dll WS2_32.dll imports CreateFileA LocalAlloc Sleep CreateThread CreateMutexA CopyFileW GetFileSize CreateProcessA GetEnvironmentVariableW GetShortPathNameW GetStartupInfoA GetModuleHandleA ReadFile LocalFree GetLastError GetModuleFileNameW CloseHandle SendMessageA FindWindowExA RegQueryValueExA RegCloseKey RegSetValueExW RegOpenKeyExA SHGetSpecialFolderPathW ShellExecuteW _controlfp _except_handler3 __set_app_type memset __CxxFrameHandler strlen sprintf memcpy strcpy strcat _mbsnbcpy _mbsnbcmp atol _mbscmp atoi fclose fwrite fopen strstr wcslen wcstombs setlocale wcscmp wcscat mbstowcs wcsrchr wcscpy getenv strcmp time free __dllonexit _onexit _exit _XcptFilter exit _acmdln __getmainargs _initterm __setusermatherr _adjust_fdiv __p__commode __p__fmode _strnicmp HttpAddRequestHeadersA HttpOpenRequestA HttpEndRequestA InternetWriteFile HttpSendRequestA InternetReadFile HttpQueryInfoA InternetAttemptConnect InternetCloseHandle InternetConnectA InternetOpenA HttpSendRequestExA gethostbyname inet_ntoa WSAStartup gethostname strings !This program cannot be run in DOS mode. ""></yahoo> #32770 %s-%s %s\fxsST.dll %s\setup.exe %s\wscntfy.exe &Allow --MULTI-PARTS-FORM-DATA-BOUNDARY .text <yahoo ex="" <yahoo sb="" >""u:F ?FRich @.data ADVAPI32.dll Accept: */* BBBBBBBBBBBBBBBBABBBB CloseHandle Content Type Content-Disposition: form-data; name=""%s"" Content-Disposition: form-data; name=""%s""; filename=""%s"" Content-Length: %d Content-Type: %s Content-Type: application/x-www-form-urlencoded Content-Type: multipart/form-data; boundary=--MULTI-PARTS-FORM-DATA-BOUNDARY CopyFileW CreateFileA CreateMutexA CreateProcessA CreateThread FindWindowExA GetEnvironmentVariableW GetFileSize GetLastError GetModuleFileNameW GetModuleHandleA GetShortPathNameW GetStartupInfoA HAHAHAHAHAHAH\LETUSHAVEAGOODTIMEZRMMGOGOGO2011 HTTP/1.0 HtJHuUj HttpAddRequestHeadersA HttpEndRequestA HttpOpenRequestA HttpQueryInfoA HttpSendRequestA HttpSendRequestExA IPHONE8.5(host:%s,ip:%s) InternetAttemptConnect InternetCloseHandle InternetConnectA InternetOpenA InternetReadFile InternetWriteFile KERNEL32.dll LocalAlloc LocalFree MSVCRT.dll NETAPI32.dll PPhb""@ PWWj WWWWV PWWj WWWWh Ph,S@ Ph\X@ QQSVWjd[ QSVjd ReadFile RegCloseKey RegOpenKeyExA RegQueryValueExA RegSetValueExW SHELL32.dll SHGetSpecialFolderPathW SSSPh SVHWH SVWjd[ SVWjd^ SVWjd_ SVWjd_3 SVWt4 SVjd[S SendMessageA ShellExecuteW Sleep Software\Microsoft\Windows\CurrentVersion\Run USER32.dll USERPROFILE VWh`Y@ Vh\S@ Vh`X@ WININET.dll WS2_32.dll WinDir XPVSS XXXXXYXXXXXhttp://rockwellcollins.photo-frame.com/bbs/index.html X_^[] YYYYYXYYYYYhttp://thalesgroup.arnotex.com/bbs/index.html YY_^] YYw(W Yh`Z@ YtEjd Yu4SS \Local Settings ^hDS@ _XcptFilter __CxxFrameHandler __dllonexit __getmainargs __p__commode __p__fmode __set_app_type __setusermatherr _acmdln _adjust_fdiv _controlfp _except_handler3 _exit _initterm _mbscmp _mbsnbcmp _mbsnbcpy _onexit _strnicmp `.rdata application/octet-stream cccccccccc exec error fclose fopen fwrite getenv hAAAAAAAABAAAA https jd[Su mbstowcs memcpy memset setlocale sleep %d sprintf strcat strcmp strcpy strlen strstr wcscat wcscmp wcscpy wcslen wcsrchr wcstombs"
GFT4_7DDD3D72EAD03C7518F5D47650C8572,16896,0,332,4,1313723257,271,3422617582,4194304,2,0,6,0,9728,4012032,0,16,85,85,6,162,4,4.457035077818606,6.121422301099134,3968.0,1005070.5,"['KERNEL32.dll', 'USER32.dll', 'ADVAPI32.dll', 'MSVCRT.dll', 'WININET.dll', 'WS2_32.dll']","['GetModuleHandleA', 'GetWindowsDirectoryA', 'GetModuleFileNameA', 'CopyFileA', 'OutputDebugStringA', 'CreateProcessA', 'CreateMutexA', 'CreateThread', 'Sleep', 'LocalAlloc', 'CreateFileA', 'GetFileSize', 'ReadFile', 'LocalFree', 'GetLastError', 'GetStartupInfoA', 'CloseHandle', 'SendMessageA', 'FindWindowExA', 'OpenSCManagerA', 'CreateServiceA', 'ChangeServiceConfig2A', 'OpenServiceA', 'CloseServiceHandle', 'StartServiceA', 'QueryServiceStatus', 'RegisterServiceCtrlHandlerA', 'SetServiceStatus', 'StartServiceCtrlDispatcherA', 'RegOpenKeyExA', 'RegQueryValueExA', 'RegCloseKey', '_controlfp', 'memset', '__CxxFrameHandler', 'strlen', 'sprintf', 'memcpy', 'strcpy', 'strcat', '_mbsnbcpy', '_mbsnbcmp', 'atol', '_mbscmp', 'atoi', 'fclose', 'fwrite', 'fopen', 'strstr', 'getenv', 'strcmp', 'time', 'printf', 'free', '__dllonexit', '_onexit', '_exit', '_XcptFilter', 'exit', '_acmdln', '__getmainargs', '_initterm', '__setusermatherr', '_adjust_fdiv', '__p__commode', '__p__fmode', '__set_app_type', '_except_handler3', '_strnicmp', 'HttpAddRequestHeadersA', 'HttpOpenRequestA', 'HttpEndRequestA', 'InternetWriteFile', 'HttpSendRequestExA', 'InternetReadFile', 'HttpSendRequestA', 'InternetCloseHandle', 'InternetOpenA', 'InternetAttemptConnect', 'InternetConnectA', 'HttpQueryInfoA', 'gethostbyname', 'inet_ntoa', 'WSAStartup', 'gethostname']","['!This program cannot be run in DOS mode.', '""></yahoo>', '#32770', '%s-%s', '%s\\setup.exe', '&Allow', '--MULTI-PARTS-FORM-DATA-BOUNDARY', '.Net CLR', '.rsrc', '.text', '<yahoo ex=""', '<yahoo sb=""', '>""u:F', '@.data', '@h<R@', 'ADVAPI32.dll', 'Accept: */*', 'BBBBBBBBBBBBBBBABBBB', 'ChangeServiceConfig2A', 'CloseHandle', 'CloseServiceHandle', 'Content Type', 'Content-Disposition: form-data; name=""%s""', 'Content-Disposition: form-data; name=""%s""; filename=""%s""', 'Content-Length: %d', 'Content-Type: %s', 'Content-Type: application/x-www-form-urlencoded', 'Content-Type: multipart/form-data; boundary=--MULTI-PARTS-FORM-DATA-BOUNDARY', 'CopyFileA', 'CreateFileA', 'CreateMutexA', 'CreateProcessA', 'CreateService Error !', 'CreateServiceA', 'CreateThread', 'CreateThread Error !', 'FindWindowExA', 'GOGOMMINTERNETV1', 'GetFileSize', 'GetLastError', 'GetModuleFileNameA', 'GetModuleHandleA', 'GetStartupInfoA', 'GetWindowsDirectoryA', 'HTTP/1.0', 'Ht8Ht', 'HtJHuUj', 'HtYHH', 'HttpAddRequestHeadersA', 'HttpEndRequestA', 'HttpOpenRequestA', 'HttpQueryInfoA', 'HttpSendRequestA', 'HttpSendRequestExA', 'IPHONE8.5(host:%s,ip:%s)', 'Install service Failed', 'Install service Successed', 'InternetAttemptConnect', 'InternetCloseHandle', 'InternetConnectA', 'InternetOpenA', 'InternetReadFile', 'InternetWriteFile', 'KERNEL32.dll', 'LocalAlloc', 'LocalFree', 'MSVCRT.dll', 'Microsoft .NET and Windows COM+ Integration with SOAP', 'Microsoft .Net Framework COM+ Support', 'NETAPI32.dll', 'OpenSCManager Error !', 'OpenSCManagerA', 'OpenService Error !', 'OpenServiceA', 'OutputDebugStringA', 'PPhb""@', 'PWWj WWWWV', 'PWWj WWWWh', 'Ph$R@', 'Ph|Y@', 'QQSVWjd[', 'QSVjd', 'QueryServiceStatus', 'ReadFile', 'RegCloseKey', 'RegOpenKeyExA', 'RegQueryValueExA', 'RegisterServiceCtrlHandler Error !', 'RegisterServiceCtrlHandlerA', 'SVHWH', 'SVWjd[', 'SVWjd^', 'SVWjd_', 'SVWjd_3', 'SVWt4', 'SWhPR@', 'SendMessageA', 'SetServiceStatus', 'SetServiceStatus Error !', 'SetServiceStatus in ServiceControl in Switch Error !', 'SetServiceStatus in ServiceControl out Switch Error !', 'Sleep', 'StartService Error !', 'StartServiceA', 'StartServiceCtrlDispatcherA', 'USER32.dll', 'USERPROFILE', 'Vh81n', 'WININET.dll', 'WS2_32.dll', 'WinDir', 'W|Rich', 'XPVSS', 'XXXXXYXXXXXhttp://media.aunewsonline.com/code/index7.html', 'X_^[]', 'YYYYYXYYYYYhttp://media.jobsadvanced.com/code/index7.html', 'YY_^]', 'YYw(W', 'YtEjd', 'Yu4SS', '\\Local Settings', '\\svchost.exe', '_XcptFilter', '__CxxFrameHandler', '__dllonexit', '__getmainargs', '__p__commode', '__p__fmode', '__set_app_type', '__setusermatherr', '_acmdln', '_adjust_fdiv', '_controlfp', '_except_handler3', '_exit', '_initterm', '_mbscmp', '_mbsnbcmp', '_mbsnbcpy', '_onexit', '_strnicmp', '`.rdata', 'application/octet-stream', 'exec error', 'fclose', 'fopen', 'fwrite', 'getenv', 'hAAAAAAAAAAAAAAABAAAA', 'https', 'jd[Su', 'memcpy', 'memset', 'printf', 'sleep %d', 'sprintf', 'strcat', 'strcmp', 'strcpy', 'strlen', 'strstr', '}VVVV']","['.text', '.rdata', '.data', '.rsrc']",kernel32.dll user32.dll advapi32.dll msvcrt.dll wininet.dll ws2_32.dll,getmodulehandlea getwindowsdirectorya getmodulefilenamea copyfilea outputdebugstringa createprocessa createmutexa createthread sleep localalloc createfilea getfilesize readfile localfree getlasterror getstartupinfoa closehandle sendmessagea findwindowexa openscmanagera createservicea changeserviceconfig2a openservicea closeservicehandle startservicea queryservicestatus registerservicectrlhandlera setservicestatus startservicectrldispatchera regopenkeyexa regqueryvalueexa regclosekey _controlfp memset __cxxframehandler strlen sprintf memcpy strcpy strcat _mbsnbcpy _mbsnbcmp atol _mbscmp atoi fclose fwrite fopen strstr getenv strcmp time printf free __dllonexit _onexit _exit _xcptfilter exit _acmdln __getmainargs _initterm __setusermatherr _adjust_fdiv __p__commode __p__fmode __set_app_type _except_handler3 _strnicmp httpaddrequestheadersa httpopenrequesta httpendrequesta internetwritefile httpsendrequestexa internetreadfile httpsendrequesta internetclosehandle internetopena internetattemptconnect internetconnecta httpqueryinfoa gethostbyname inet_ntoa wsastartup gethostname,this program cannot be run in dos mode. /yahoo 32770 s- s s setup.exe allow --multi-parts-form-data-boundary .net clr .rsrc .text yahoo ex yahoo sb u:f .data h r advapi32.dll accept: / bbbbbbbbbbbbbbbabbbb changeserviceconfig2a closehandle closeservicehandle content type content-disposition: form-data name s content-disposition: form-data name s filename s content-length: d content-type: s content-type: application/x-www-form-urlencoded content-type: multipart/form-data boundary --multi-parts-form-data-boundary copyfilea createfilea createmutexa createprocessa createservice error createservicea createthread createthread error findwindowexa gogomminternetv1 getfilesize getlasterror getmodulefilenamea getmodulehandlea getstartupinfoa getwindowsdirectorya http/1.0 ht8ht htjhuuj htyhh httpaddrequestheadersa httpendrequesta httpopenrequesta httpqueryinfoa httpsendrequesta httpsendrequestexa iphone8.5 host: s ip: s install service failed install service successed internetattemptconnect internetclosehandle internetconnecta internetopena internetreadfile internetwritefile kernel32.dll localalloc localfree msvcrt.dll microsoft .net and windows com integration with soap microsoft .net framework com support netapi32.dll openscmanager error openscmanagera openservice error openservicea outputdebugstringa pphb pwwj wwwwv pwwj wwwwh ph r ph y qqsvwjd qsvjd queryservicestatus readfile regclosekey regopenkeyexa regqueryvalueexa registerservicectrlhandler error registerservicectrlhandlera svhwh svwjd svwjd svwjd_ svwjd_3 svwt4 swhpr sendmessagea setservicestatus setservicestatus error setservicestatus in servicecontrol in switch error setservicestatus in servicecontrol out switch error sleep startservice error startservicea startservicectrldispatchera user32.dll userprofile vh81n wininet.dll ws2_32.dll windir w rich xpvss xxxxxyxxxxxhttp://media.aunewsonline.com/code/index7.html x_ yyyyyxyyyyyhttp://media.jobsadvanced.com/code/index7.html yy_ yyw w ytejd yu4ss local settings svchost.exe _xcptfilter __cxxframehandler __dllonexit __getmainargs __p__commode __p__fmode __set_app_type __setusermatherr _acmdln _adjust_fdiv _controlfp _except_handler3 _exit _initterm _mbscmp _mbsnbcmp _mbsnbcpy _onexit _strnicmp .rdata application/octet-stream exec error fclose fopen fwrite getenv haaaaaaaaaaaaaaabaaaa https jd su memcpy memset printf sleep d sprintf strcat strcmp strcpy strlen strstr vvvv,.text .rdata .data .rsrc,kernel32.dll user32.dll advapi32.dll msvcrt.dll wininet.dll ws2_32.dll getmodulehandlea getwindowsdirectorya getmodulefilenamea copyfilea outputdebugstringa createprocessa createmutexa createthread sleep localalloc createfilea getfilesize readfile localfree getlasterror getstartupinfoa closehandle sendmessagea findwindowexa openscmanagera createservicea changeserviceconfig2a openservicea closeservicehandle startservicea queryservicestatus registerservicectrlhandlera setservicestatus startservicectrldispatchera regopenkeyexa regqueryvalueexa regclosekey _controlfp memset __cxxframehandler strlen sprintf memcpy strcpy strcat _mbsnbcpy _mbsnbcmp atol _mbscmp atoi fclose fwrite fopen strstr getenv strcmp time printf free __dllonexit _onexit _exit _xcptfilter exit _acmdln __getmainargs _initterm __setusermatherr _adjust_fdiv __p__commode __p__fmode __set_app_type _except_handler3 _strnicmp httpaddrequestheadersa httpopenrequesta httpendrequesta internetwritefile httpsendrequestexa internetreadfile httpsendrequesta internetclosehandle internetopena internetattemptconnect internetconnecta httpqueryinfoa gethostbyname inet_ntoa wsastartup gethostname .text .rdata .data .rsrc this program cannot be run in dos mode. /yahoo 32770 s- s s setup.exe allow --multi-parts-form-data-boundary .net clr .rsrc .text yahoo ex yahoo sb u:f .data h r advapi32.dll accept: / bbbbbbbbbbbbbbbabbbb changeserviceconfig2a closehandle closeservicehandle content type content-disposition: form-data name s content-disposition: form-data name s filename s content-length: d content-type: s content-type: application/x-www-form-urlencoded content-type: multipart/form-data boundary --multi-parts-form-data-boundary copyfilea createfilea createmutexa createprocessa createservice error createservicea createthread createthread error findwindowexa gogomminternetv1 getfilesize getlasterror getmodulefilenamea getmodulehandlea getstartupinfoa getwindowsdirectorya http/1.0 ht8ht htjhuuj htyhh httpaddrequestheadersa httpendrequesta httpopenrequesta httpqueryinfoa httpsendrequesta httpsendrequestexa iphone8.5 host: s ip: s install service failed install service successed internetattemptconnect internetclosehandle internetconnecta internetopena internetreadfile internetwritefile kernel32.dll localalloc localfree msvcrt.dll microsoft .net and windows com integration with soap microsoft .net framework com support netapi32.dll openscmanager error openscmanagera openservice error openservicea outputdebugstringa pphb pwwj wwwwv pwwj wwwwh ph r ph y qqsvwjd qsvjd queryservicestatus readfile regclosekey regopenkeyexa regqueryvalueexa registerservicectrlhandler error registerservicectrlhandlera svhwh svwjd svwjd svwjd_ svwjd_3 svwt4 swhpr sendmessagea setservicestatus setservicestatus error setservicestatus in servicecontrol in switch error setservicestatus in servicecontrol out switch error sleep startservice error startservicea startservicectrldispatchera user32.dll userprofile vh81n wininet.dll ws2_32.dll windir w rich xpvss xxxxxyxxxxxhttp://media.aunewsonline.com/code/index7.html x_ yyyyyxyyyyyhttp://media.jobsadvanced.com/code/index7.html yy_ yyw w ytejd yu4ss local settings svchost.exe _xcptfilter __cxxframehandler __dllonexit __getmainargs __p__commode __p__fmode __set_app_type __setusermatherr _acmdln _adjust_fdiv _controlfp _except_handler3 _exit _initterm _mbscmp _mbsnbcmp _mbsnbcpy _onexit _strnicmp .rdata application/octet-stream exec error fclose fopen fwrite getenv haaaaaaaaaaaaaaabaaaa https jd su memcpy memset printf sleep d sprintf strcat strcmp strcpy strlen strstr vvvv,"sample GFT4_7DDD3D72EAD03C7518F5D47650C8572 header machine 332 subsystem 2 sections .text .rdata .data .rsrc dlls KERNEL32.dll USER32.dll ADVAPI32.dll MSVCRT.dll WININET.dll WS2_32.dll imports GetModuleHandleA GetWindowsDirectoryA GetModuleFileNameA CopyFileA OutputDebugStringA CreateProcessA CreateMutexA CreateThread Sleep LocalAlloc CreateFileA GetFileSize ReadFile LocalFree GetLastError GetStartupInfoA CloseHandle SendMessageA FindWindowExA OpenSCManagerA CreateServiceA ChangeServiceConfig2A OpenServiceA CloseServiceHandle StartServiceA QueryServiceStatus RegisterServiceCtrlHandlerA SetServiceStatus StartServiceCtrlDispatcherA RegOpenKeyExA RegQueryValueExA RegCloseKey _controlfp memset __CxxFrameHandler strlen sprintf memcpy strcpy strcat _mbsnbcpy _mbsnbcmp atol _mbscmp atoi fclose fwrite fopen strstr getenv strcmp time printf free __dllonexit _onexit _exit _XcptFilter exit _acmdln __getmainargs _initterm __setusermatherr _adjust_fdiv __p__commode __p__fmode __set_app_type _except_handler3 _strnicmp HttpAddRequestHeadersA HttpOpenRequestA HttpEndRequestA InternetWriteFile HttpSendRequestExA InternetReadFile HttpSendRequestA InternetCloseHandle InternetOpenA InternetAttemptConnect InternetConnectA HttpQueryInfoA gethostbyname inet_ntoa WSAStartup gethostname strings !This program cannot be run in DOS mode. ""></yahoo> #32770 %s-%s %s\setup.exe &Allow --MULTI-PARTS-FORM-DATA-BOUNDARY .Net CLR .rsrc .text <yahoo ex="" <yahoo sb="" >""u:F @.data @h<R@ ADVAPI32.dll Accept: */* BBBBBBBBBBBBBBBABBBB ChangeServiceConfig2A CloseHandle CloseServiceHandle Content Type Content-Disposition: form-data; name=""%s"" Content-Disposition: form-data; name=""%s""; filename=""%s"" Content-Length: %d Content-Type: %s Content-Type: application/x-www-form-urlencoded Content-Type: multipart/form-data; boundary=--MULTI-PARTS-FORM-DATA-BOUNDARY CopyFileA CreateFileA CreateMutexA CreateProcessA CreateService Error ! CreateServiceA CreateThread CreateThread Error ! FindWindowExA GOGOMMINTERNETV1 GetFileSize GetLastError GetModuleFileNameA GetModuleHandleA GetStartupInfoA GetWindowsDirectoryA HTTP/1.0 Ht8Ht HtJHuUj HtYHH HttpAddRequestHeadersA HttpEndRequestA HttpOpenRequestA HttpQueryInfoA HttpSendRequestA HttpSendRequestExA IPHONE8.5(host:%s,ip:%s) Install service Failed Install service Successed InternetAttemptConnect InternetCloseHandle InternetConnectA InternetOpenA InternetReadFile InternetWriteFile KERNEL32.dll LocalAlloc LocalFree MSVCRT.dll Microsoft .NET and Windows COM+ Integration with SOAP Microsoft .Net Framework COM+ Support NETAPI32.dll OpenSCManager Error ! OpenSCManagerA OpenService Error ! OpenServiceA OutputDebugStringA PPhb""@ PWWj WWWWV PWWj WWWWh Ph$R@ Ph|Y@ QQSVWjd[ QSVjd QueryServiceStatus ReadFile RegCloseKey RegOpenKeyExA RegQueryValueExA RegisterServiceCtrlHandler Error ! RegisterServiceCtrlHandlerA SVHWH SVWjd[ SVWjd^ SVWjd_ SVWjd_3 SVWt4 SWhPR@ SendMessageA SetServiceStatus SetServiceStatus Error ! SetServiceStatus in ServiceControl in Switch Error ! SetServiceStatus in ServiceControl out Switch Error ! Sleep StartService Error ! StartServiceA StartServiceCtrlDispatcherA USER32.dll USERPROFILE Vh81n WININET.dll WS2_32.dll WinDir W|Rich XPVSS XXXXXYXXXXXhttp://media.aunewsonline.com/code/index7.html X_^[] YYYYYXYYYYYhttp://media.jobsadvanced.com/code/index7.html YY_^] YYw(W YtEjd Yu4SS \Local Settings \svchost.exe _XcptFilter __CxxFrameHandler __dllonexit __getmainargs __p__commode __p__fmode __set_app_type __setusermatherr _acmdln _adjust_fdiv _controlfp _except_handler3 _exit _initterm _mbscmp _mbsnbcmp _mbsnbcpy _onexit _strnicmp `.rdata application/octet-stream exec error fclose fopen fwrite getenv hAAAAAAAAAAAAAAABAAAA https jd[Su memcpy memset printf sleep %d sprintf strcat strcmp strcpy strlen strstr }VVVV"
HJGQDD892986B2249B5214639ECC8AC0223,5632,0,332,3,1242321160,271,28064,4194304,2,0,6,0,4096,4096,20480,16,8,8,5,71,3,3.510570055036016,7.544057764396927,1536.0,9557.333333333334,"['KERNEL32.DLL', 'MSVCRT.dll', 'SHELL32.dll', 'USER32.dll', 'WS2_32.dll']","['LoadLibraryA', 'ExitProcess', 'GetProcAddress', 'VirtualProtect', 'atol', 'SHChangeNotify', 'LoadStringA', 'closesocket']","['!This program cannot be run in DOS mode.', '""*>Lbi', '""unhP', '*(SY)# cmd', '-S/$\\C7', '.Jxtl`', '.exe', '.rsrc', '.ueope', '.yDu<icat', '0123456789-/', '1http://w', '5X,^0T', '7p4W\\8', '<*""ur', '<}:x-', '= %d', '=C0h[', '>""u:F', '@7tHj@', 'ABCDEFGHIJKLMNO', 'CloseHandle', 'Ex""Th', 'ExitProcess', 'GetCompu$rName2', 'GetProcAddress', 'Info$', 'KERNEL32.DLL', 'L40!F ;', 'LfL8p', 'LoadLibraryA', 'LoadStringA', 'MSVCRT.dll', 'Mult!|s)', 'NRhph', 'NV`h~', 'ON? > nuJ/c dU', 'Object!reateEventA', 'PipSDisconnJ', 'Ps74G', 'RPX48', 'Richo', 'SHChangeNotify', 'SHELL32.dll', 'T*md#rocessz', 'USER32.dll', 'V3P;(C,', 'VirtualProtect', 'WS2_32.dll', 'WaitForSin', 'XPTPSW', 'XYZabcdefghijklmnopqrstuvwxyzv=', '_beg\\t', 'bOhKO1|t', 'com/test.', ""el'COMSPEC"", 'fnm;Va.able', 'fsg\\n', 'ia}l;r', 'jR9Fi', 'ltpDH', 'mal4c/', 'mhmwln', 'n.dllq', 'o`RdSe', 'owolf', 'py7Envi=', 'pzQL8D4M', 'qNolf', 're#Se9', 'yBo2t']","['UPX0', 'UPX1', '.rsrc']",kernel32.dll msvcrt.dll shell32.dll user32.dll ws2_32.dll,loadlibrarya exitprocess getprocaddress virtualprotect atol shchangenotify loadstringa closesocket,this program cannot be run in dos mode. lbi unhp sy cmd -s/ c7 .jxtl .exe .rsrc .ueope .ydu icat 0123456789-/ 1http://w 5x 0t 7p4w 8 ur :x- d c0h u:f 7thj abcdefghijklmno closehandle ex th exitprocess getcompu rname2 getprocaddress info kernel32.dll l40 f lfl8p loadlibrarya loadstringa msvcrt.dll mult s nrhph nv h on nuj/c du object reateeventa pipsdisconnj ps74g rpx48 richo shchangenotify shell32.dll t md rocessz user32.dll v3p c virtualprotect ws2_32.dll waitforsin xptpsw xyzabcdefghijklmnopqrstuvwxyzv _beg t bohko1 t com/test. el comspec fnm va.able fsg n ia l r jr9fi ltpdh mal4c/ mhmwln n.dllq o rdse owolf py7envi pzql8d4m qnolf re se9 ybo2t,upx0 upx1 .rsrc,kernel32.dll msvcrt.dll shell32.dll user32.dll ws2_32.dll loadlibrarya exitprocess getprocaddress virtualprotect atol shchangenotify loadstringa closesocket upx0 upx1 .rsrc this program cannot be run in dos mode. lbi unhp sy cmd -s/ c7 .jxtl .exe .rsrc .ueope .ydu icat 0123456789-/ 1http://w 5x 0t 7p4w 8 ur :x- d c0h u:f 7thj abcdefghijklmno closehandle ex th exitprocess getcompu rname2 getprocaddress info kernel32.dll l40 f lfl8p loadlibrarya loadstringa msvcrt.dll mult s nrhph nv h on nuj/c du object reateeventa pipsdisconnj ps74g rpx48 richo shchangenotify shell32.dll t md rocessz user32.dll v3p c virtualprotect ws2_32.dll waitforsin xptpsw xyzabcdefghijklmnopqrstuvwxyzv _beg t bohko1 t com/test. el comspec fnm va.able fsg n ia l r jr9fi ltpdh mal4c/ mhmwln n.dllq o rdse owolf py7envi pzql8d4m qnolf re se9 ybo2t,"sample HJGQDD892986B2249B5214639ECC8AC0223 header machine 332 subsystem 2 sections UPX0 UPX1 .rsrc dlls KERNEL32.DLL MSVCRT.dll SHELL32.dll USER32.dll WS2_32.dll imports LoadLibraryA ExitProcess GetProcAddress VirtualProtect atol SHChangeNotify LoadStringA closesocket strings !This program cannot be run in DOS mode. ""*>Lbi ""unhP *(SY)# cmd -S/$\C7 .Jxtl` .exe .rsrc .ueope .yDu<icat 0123456789-/ 1http://w 5X,^0T 7p4W\8 <*""ur <}:x- = %d =C0h[ >""u:F @7tHj@ ABCDEFGHIJKLMNO CloseHandle Ex""Th ExitProcess GetCompu$rName2 GetProcAddress Info$ KERNEL32.DLL L40!F ; LfL8p LoadLibraryA LoadStringA MSVCRT.dll Mult!|s) NRhph NV`h~ ON? > nuJ/c dU Object!reateEventA PipSDisconnJ Ps74G RPX48 Richo SHChangeNotify SHELL32.dll T*md#rocessz USER32.dll V3P;(C, VirtualProtect WS2_32.dll WaitForSin XPTPSW XYZabcdefghijklmnopqrstuvwxyzv= _beg\t bOhKO1|t com/test. el'COMSPEC fnm;Va.able fsg\n ia}l;r jR9Fi ltpDH mal4c/ mhmwln n.dllq o`RdSe owolf py7Envi= pzQL8D4M qNolf re#Se9 yBo2t"
JH78C0A33A1B472A8C16123FD696A5CE5EBB,5632,0,332,3,1242321160,271,28064,4194304,2,0,6,0,4096,4096,20480,16,8,8,5,68,3,3.506277948577081,7.535087695020122,1536.0,9557.333333333334,"['KERNEL32.DLL', 'MSVCRT.dll', 'SHELL32.dll', 'USER32.dll', 'WS2_32.dll']","['LoadLibraryA', 'ExitProcess', 'GetProcAddress', 'VirtualProtect', 'atol', 'SHChangeNotify', 'LoadStringA', 'closesocket']","['!This program cannot be run in DOS mode.', '""*>Lbi', '""unhP', '*(SY)# cmd', '-S/$\\C7', '.exe', '.rsrc', '.ueope', '0123456789-/', '1http://w', '5X,^0T', '7p4W\\8', '<*""ur', '<}:x-', '= %d', '>""u:F', '@7tHj@', 'ABCDEFGHIJKLMNO', 'Ex""Th', 'ExitProcess', 'GetCompu', 'GetProcAddress', 'KERNEL32.DLL', 'L40!F ;', 'LfL8p', 'LoadLibraryA', 'LoadStringA', 'MSVCRT.dll', 'NRhph', 'NV`h~', 'ON? > nuJ/c dU', 'RPX48', 'Richo', 'SHChangeNotify', 'SHELL32.dll', 'USER32.dll', 'V3P;(C,', 'Va.able', 'VirtualProtect', 'WS2_32.dll', 'WaitForSing', 'XPTPSW', 'XYZabcdefghijklmnopqrstuvwxyzv=', '_beg\\t', '`.rdu', '`}c?;', 'a\'a`l""et', 'a|s)t', 'bOhKO1|t', 'com/test.', 'ct!reateEventA', 'd#rocesszMult!', 'eHandle', ""el'COMSPEC"", 'fsg\\n', 'g#Se9', 'ia}l;r', 'jR9Fi', 'ltpDH', 'mal4c/', 'n.dllq', 'o$rName2PipSDimg', 'o<icat', 'o`RdSe', 'py7Envifnm;', 'pzQL8D4M', 'sconnJ', 't_fdiv']","['UPX0', 'UPX1', '.rsrc']",kernel32.dll msvcrt.dll shell32.dll user32.dll ws2_32.dll,loadlibrarya exitprocess getprocaddress virtualprotect atol shchangenotify loadstringa closesocket,this program cannot be run in dos mode. lbi unhp sy cmd -s/ c7 .exe .rsrc .ueope 0123456789-/ 1http://w 5x 0t 7p4w 8 ur :x- d u:f 7thj abcdefghijklmno ex th exitprocess getcompu getprocaddress kernel32.dll l40 f lfl8p loadlibrarya loadstringa msvcrt.dll nrhph nv h on nuj/c du rpx48 richo shchangenotify shell32.dll user32.dll v3p c va.able virtualprotect ws2_32.dll waitforsing xptpsw xyzabcdefghijklmnopqrstuvwxyzv _beg t .rdu c a a l et a s t bohko1 t com/test. ct reateeventa d rocesszmult ehandle el comspec fsg n g se9 ia l r jr9fi ltpdh mal4c/ n.dllq o rname2pipsdimg o icat o rdse py7envifnm pzql8d4m sconnj t_fdiv,upx0 upx1 .rsrc,kernel32.dll msvcrt.dll shell32.dll user32.dll ws2_32.dll loadlibrarya exitprocess getprocaddress virtualprotect atol shchangenotify loadstringa closesocket upx0 upx1 .rsrc this program cannot be run in dos mode. lbi unhp sy cmd -s/ c7 .exe .rsrc .ueope 0123456789-/ 1http://w 5x 0t 7p4w 8 ur :x- d u:f 7thj abcdefghijklmno ex th exitprocess getcompu getprocaddress kernel32.dll l40 f lfl8p loadlibrarya loadstringa msvcrt.dll nrhph nv h on nuj/c du rpx48 richo shchangenotify shell32.dll user32.dll v3p c va.able virtualprotect ws2_32.dll waitforsing xptpsw xyzabcdefghijklmnopqrstuvwxyzv _beg t .rdu c a a l et a s t bohko1 t com/test. ct reateeventa d rocesszmult ehandle el comspec fsg n g se9 ia l r jr9fi ltpdh mal4c/ n.dllq o rname2pipsdimg o icat o rdse py7envifnm pzql8d4m sconnj t_fdiv,"sample JH78C0A33A1B472A8C16123FD696A5CE5EBB header machine 332 subsystem 2 sections UPX0 UPX1 .rsrc dlls KERNEL32.DLL MSVCRT.dll SHELL32.dll USER32.dll WS2_32.dll imports LoadLibraryA ExitProcess GetProcAddress VirtualProtect atol SHChangeNotify LoadStringA closesocket strings !This program cannot be run in DOS mode. ""*>Lbi ""unhP *(SY)# cmd -S/$\C7 .exe .rsrc .ueope 0123456789-/ 1http://w 5X,^0T 7p4W\8 <*""ur <}:x- = %d >""u:F @7tHj@ ABCDEFGHIJKLMNO Ex""Th ExitProcess GetCompu GetProcAddress KERNEL32.DLL L40!F ; LfL8p LoadLibraryA LoadStringA MSVCRT.dll NRhph NV`h~ ON? > nuJ/c dU RPX48 Richo SHChangeNotify SHELL32.dll USER32.dll V3P;(C, Va.able VirtualProtect WS2_32.dll WaitForSing XPTPSW XYZabcdefghijklmnopqrstuvwxyzv= _beg\t `.rdu `}c?; a'a`l""et a|s)t bOhKO1|t com/test. ct!reateEventA d#rocesszMult! eHandle el'COMSPEC fsg\n g#Se9 ia}l;r jR9Fi ltpDH mal4c/ n.dllq o$rName2PipSDimg o<icat o`RdSe py7Envifnm; pzQL8D4M sconnJ t_fdiv"
JKK8CA6FE7A1315AF5AFEAC2961460A80569,5632,0,332,3,1242321160,271,28064,4194304,2,0,6,0,4096,4096,20480,16,8,8,5,68,3,3.5073601970858754,7.538334440546503,1536.0,9557.333333333334,"['KERNEL32.DLL', 'MSVCRT.dll', 'SHELL32.dll', 'USER32.dll', 'WS2_32.dll']","['LoadLibraryA', 'ExitProcess', 'GetProcAddress', 'VirtualProtect', 'atol', 'SHChangeNotify', 'LoadStringA', 'closesocket']","['!This program cannot be run in DOS mode.', '""*>Lbi', '"".Jxt', '""unhP', '*(SY)# cmd', '*md#rocesszMul,`', '-S/$\\C7', '-e#Se9', '.exe', '.rsrc', '.ueope', '0123456789-/', '1http://w', '5X,^0T', '7p4W\\8', '<*""ur', '<}:x-', '= %d', '>""u:F', '@7tHj@', 'ABCDEFGHIJKLMNO', 'CloseHandle', 'ExitProcess', 'GetProcAddress', 'Info$', 'KERNEL32.DLL', 'L40!F ;', 'LfL8p', 'LoadLibraryA', 'LoadStringA', 'MSVCRT.dll', 'NRhph', 'NV`h~', 'ON? > nuJ/c dU', 'Object!reateEventA', 'RPX48', 'Richo', 'SDisconnJ', 'SHChangeNotify', 'SHELL32.dll', 'USER32.dll', 'V3P;(C,', 'VirtualProtect', 'WS2_32.dll', 'WaitForSing', 'XPTPSW', 'XYZabcdefghijklmnopqrstuvwxyzv=', '_beg\\t', 'bOhKO1|t', 'com/test.', ""el'COMSPEC"", 'fsg\\n', 'ia}l;r', 'jR9Fi', 'l""etn', 'ltpDH', 'm;Va.able', 'mal4c/', 'mn9,p', 'n.dllq', 'o`RdSe', 'py7Envifn', 'pzQL8D4M', 't!|s)t', 'tCompu$rName2Pip', 't_fdiv', 'yBo2t', 'yDu<icat']","['UPX0', 'UPX1', '.rsrc']",kernel32.dll msvcrt.dll shell32.dll user32.dll ws2_32.dll,loadlibrarya exitprocess getprocaddress virtualprotect atol shchangenotify loadstringa closesocket,this program cannot be run in dos mode. lbi .jxt unhp sy cmd md rocesszmul -s/ c7 -e se9 .exe .rsrc .ueope 0123456789-/ 1http://w 5x 0t 7p4w 8 ur :x- d u:f 7thj abcdefghijklmno closehandle exitprocess getprocaddress info kernel32.dll l40 f lfl8p loadlibrarya loadstringa msvcrt.dll nrhph nv h on nuj/c du object reateeventa rpx48 richo sdisconnj shchangenotify shell32.dll user32.dll v3p c virtualprotect ws2_32.dll waitforsing xptpsw xyzabcdefghijklmnopqrstuvwxyzv _beg t bohko1 t com/test. el comspec fsg n ia l r jr9fi l etn ltpdh m va.able mal4c/ mn9 p n.dllq o rdse py7envifn pzql8d4m t s t tcompu rname2pip t_fdiv ybo2t ydu icat,upx0 upx1 .rsrc,kernel32.dll msvcrt.dll shell32.dll user32.dll ws2_32.dll loadlibrarya exitprocess getprocaddress virtualprotect atol shchangenotify loadstringa closesocket upx0 upx1 .rsrc this program cannot be run in dos mode. lbi .jxt unhp sy cmd md rocesszmul -s/ c7 -e se9 .exe .rsrc .ueope 0123456789-/ 1http://w 5x 0t 7p4w 8 ur :x- d u:f 7thj abcdefghijklmno closehandle exitprocess getprocaddress info kernel32.dll l40 f lfl8p loadlibrarya loadstringa msvcrt.dll nrhph nv h on nuj/c du object reateeventa rpx48 richo sdisconnj shchangenotify shell32.dll user32.dll v3p c virtualprotect ws2_32.dll waitforsing xptpsw xyzabcdefghijklmnopqrstuvwxyzv _beg t bohko1 t com/test. el comspec fsg n ia l r jr9fi l etn ltpdh m va.able mal4c/ mn9 p n.dllq o rdse py7envifn pzql8d4m t s t tcompu rname2pip t_fdiv ybo2t ydu icat,"sample JKK8CA6FE7A1315AF5AFEAC2961460A80569 header machine 332 subsystem 2 sections UPX0 UPX1 .rsrc dlls KERNEL32.DLL MSVCRT.dll SHELL32.dll USER32.dll WS2_32.dll imports LoadLibraryA ExitProcess GetProcAddress VirtualProtect atol SHChangeNotify LoadStringA closesocket strings !This program cannot be run in DOS mode. ""*>Lbi "".Jxt ""unhP *(SY)# cmd *md#rocesszMul,` -S/$\C7 -e#Se9 .exe .rsrc .ueope 0123456789-/ 1http://w 5X,^0T 7p4W\8 <*""ur <}:x- = %d >""u:F @7tHj@ ABCDEFGHIJKLMNO CloseHandle ExitProcess GetProcAddress Info$ KERNEL32.DLL L40!F ; LfL8p LoadLibraryA LoadStringA MSVCRT.dll NRhph NV`h~ ON? > nuJ/c dU Object!reateEventA RPX48 Richo SDisconnJ SHChangeNotify SHELL32.dll USER32.dll V3P;(C, VirtualProtect WS2_32.dll WaitForSing XPTPSW XYZabcdefghijklmnopqrstuvwxyzv= _beg\t bOhKO1|t com/test. el'COMSPEC fsg\n ia}l;r jR9Fi l""etn ltpDH m;Va.able mal4c/ mn9,p n.dllq o`RdSe py7Envifn pzQL8D4M t!|s)t tCompu$rName2Pip t_fdiv yBo2t yDu<icat"
K99_C3A9A7B026BFE0E55FF219FD6AA7D94,15360,0,332,3,1285661381,271,3422617582,4194304,2,0,6,0,9728,4010496,0,16,85,85,7,149,3,4.8101243518353565,6.241011178413984,4778.666666666667,1339762.0,"['KERNEL32.dll', 'USER32.dll', 'ADVAPI32.dll', 'SHELL32.dll', 'MSVCRT.dll', 'WININET.dll', 'WS2_32.dll']","['CreateFileA', 'LocalAlloc', 'Sleep', 'CreateThread', 'CreateMutexA', 'CopyFileW', 'GetFileSize', 'CreateProcessA', 'GetEnvironmentVariableW', 'GetShortPathNameW', 'GetStartupInfoA', 'GetModuleHandleA', 'ReadFile', 'LocalFree', 'GetLastError', 'GetModuleFileNameW', 'CloseHandle', 'SendMessageA', 'FindWindowExA', 'RegQueryValueExA', 'RegCloseKey', 'RegSetValueExW', 'RegOpenKeyExA', 'SHGetSpecialFolderPathW', 'ShellExecuteW', '_controlfp', '_except_handler3', '__set_app_type', 'memset', '__CxxFrameHandler', 'strlen', 'sprintf', 'memcpy', 'strcpy', 'strcat', '_mbsnbcpy', '_mbsnbcmp', 'atol', '_mbscmp', 'atoi', 'fclose', 'fwrite', 'fopen', 'strstr', 'wcslen', 'wcstombs', 'setlocale', 'wcscmp', 'wcscat', 'mbstowcs', 'wcsrchr', 'wcscpy', 'getenv', 'strcmp', 'time', 'free', '__dllonexit', '_onexit', '_exit', '_XcptFilter', 'exit', '_acmdln', '__getmainargs', '_initterm', '__setusermatherr', '_adjust_fdiv', '__p__commode', '__p__fmode', '_strnicmp', 'HttpAddRequestHeadersA', 'HttpOpenRequestA', 'HttpEndRequestA', 'InternetWriteFile', 'HttpSendRequestA', 'InternetReadFile', 'HttpQueryInfoA', 'InternetAttemptConnect', 'InternetCloseHandle', 'InternetConnectA', 'InternetOpenA', 'HttpSendRequestExA', 'gethostbyname', 'inet_ntoa', 'WSAStartup', 'gethostname']","['!This program cannot be run in DOS mode.', '""></yahoo>', '#32770', '%s-%s', '%s\\fxsst.dll', '%s\\inetinfo.exe', '%s\\setup.exe', '&Allow', '--MULTI-PARTS-FORM-DATA-BOUNDARY', '.text', '5bRich', '<yahoo ex=""', '<yahoo sb=""', '>""u:F', '@.data', 'ADVAPI32.dll', 'Accept: */*', 'CloseHandle', 'Content Type', 'Content-Disposition: form-data; name=""%s""', 'Content-Disposition: form-data; name=""%s""; filename=""%s""', 'Content-Length: %d', 'Content-Type: %s', 'Content-Type: application/x-www-form-urlencoded', 'Content-Type: multipart/form-data; boundary=--MULTI-PARTS-FORM-DATA-BOUNDARY', 'CopyFileW', 'CreateFileA', 'CreateMutexA', 'CreateProcessA', 'CreateThread', 'FindWindowExA', 'GetEnvironmentVariableW', 'GetFileSize', 'GetLastError', 'GetModuleFileNameW', 'GetModuleHandleA', 'GetShortPathNameW', 'GetStartupInfoA', 'HTTP/1.0', 'HtJHuUj', 'HttpAddRequestHeadersA', 'HttpEndRequestA', 'HttpOpenRequestA', 'HttpQueryInfoA', 'HttpSendRequestA', 'HttpSendRequestExA', 'IPHONE8.5(host:%s,ip:%s)', 'InternetAttemptConnect', 'InternetCloseHandle', 'InternetConnectA', 'InternetOpenA', 'InternetReadFile', 'InternetWriteFile', 'KERNEL32.dll', 'LocalAlloc', 'LocalFree', 'MSVCRT.dll', 'NETAPI32.dll', 'PPhb""@', 'PWWj WWWWV', 'PWWj WWWWh', 'Ph<X@', 'QQSVWjd[', 'QSVjd', 'ReadFile', 'RegCloseKey', 'RegOpenKeyExA', 'RegQueryValueExA', 'RegSetValueExW', 'SHELL32.dll', 'SHGetSpecialFolderPathW', 'SSSPh', 'SVHWH', 'SVWjd[', 'SVWjd^', 'SVWjd_', 'SVWjd_3', 'SVWt4', 'SVjd[S', 'SendMessageA', 'ShellExecuteW', 'Sleep', 'Software\\Microsoft\\Windows\\CurrentVersion\\Run', 'USER32.dll', 'USERPROFILE', 'VWh@Y@', 'Vh8S@', 'Vh@X@', 'WININET.dll', 'WS2_32.dll', 'WinDir', 'XPVSS', 'XXXXXYXXXXXhttp://news.imly.org/index.html', 'X_^[]', 'YYYYYXYYYYYhttp://media.zonet.us/indexbak.html', 'YY_^]', 'YYw(W', 'Yh@Z@', 'YtEjd', 'Yu4SS', '^h S@', '_XcptFilter', '__CxxFrameHandler', '__dllonexit', '__getmainargs', '__p__commode', '__p__fmode', '__set_app_type', '__setusermatherr', '_acmdln', '_adjust_fdiv', '_controlfp', '_except_handler3', '_exit', '_initterm', '_mbscmp', '_mbsnbcmp', '_mbsnbcpy', '_onexit', '_strnicmp', '`.rdata', 'application/octet-stream', 'exec error', 'fclose', 'fopen', 'fwrite', 'getenv', 'hAAAAAAAAAAAAAAAAAAAAAAAAABAAAA', 'https', 'jd[Su', 'letusgozrmmv1.1', 'mbstowcs', 'memcpy', 'memset', 'sBBBBBBBBBBBBBBBBBBBBBBBBBABBBB', 'setlocale', 'sleep %d', 'sprintf', 'strcat', 'strcmp', 'strcpy', 'strlen', 'strstr', 'wcscat', 'wcscmp', 'wcscpy', 'wcslen', 'wcsrchr', 'wcstombs']","['.text', '.rdata', '.data']",kernel32.dll user32.dll advapi32.dll shell32.dll msvcrt.dll wininet.dll ws2_32.dll,createfilea localalloc sleep createthread createmutexa copyfilew getfilesize createprocessa getenvironmentvariablew getshortpathnamew getstartupinfoa getmodulehandlea readfile localfree getlasterror getmodulefilenamew closehandle sendmessagea findwindowexa regqueryvalueexa regclosekey regsetvalueexw regopenkeyexa shgetspecialfolderpathw shellexecutew _controlfp _except_handler3 __set_app_type memset __cxxframehandler strlen sprintf memcpy strcpy strcat _mbsnbcpy _mbsnbcmp atol _mbscmp atoi fclose fwrite fopen strstr wcslen wcstombs setlocale wcscmp wcscat mbstowcs wcsrchr wcscpy getenv strcmp time free __dllonexit _onexit _exit _xcptfilter exit _acmdln __getmainargs _initterm __setusermatherr _adjust_fdiv __p__commode __p__fmode _strnicmp httpaddrequestheadersa httpopenrequesta httpendrequesta internetwritefile httpsendrequesta internetreadfile httpqueryinfoa internetattemptconnect internetclosehandle internetconnecta internetopena httpsendrequestexa gethostbyname inet_ntoa wsastartup gethostname,this program cannot be run in dos mode. /yahoo 32770 s- s s fxsst.dll s inetinfo.exe s setup.exe allow --multi-parts-form-data-boundary .text 5brich yahoo ex yahoo sb u:f .data advapi32.dll accept: / closehandle content type content-disposition: form-data name s content-disposition: form-data name s filename s content-length: d content-type: s content-type: application/x-www-form-urlencoded content-type: multipart/form-data boundary --multi-parts-form-data-boundary copyfilew createfilea createmutexa createprocessa createthread findwindowexa getenvironmentvariablew getfilesize getlasterror getmodulefilenamew getmodulehandlea getshortpathnamew getstartupinfoa http/1.0 htjhuuj httpaddrequestheadersa httpendrequesta httpopenrequesta httpqueryinfoa httpsendrequesta httpsendrequestexa iphone8.5 host: s ip: s internetattemptconnect internetclosehandle internetconnecta internetopena internetreadfile internetwritefile kernel32.dll localalloc localfree msvcrt.dll netapi32.dll pphb pwwj wwwwv pwwj wwwwh ph x qqsvwjd qsvjd readfile regclosekey regopenkeyexa regqueryvalueexa regsetvalueexw shell32.dll shgetspecialfolderpathw sssph svhwh svwjd svwjd svwjd_ svwjd_3 svwt4 svjd s sendmessagea shellexecutew sleep software microsoft windows currentversion run user32.dll userprofile vwh y vh8s vh x wininet.dll ws2_32.dll windir xpvss xxxxxyxxxxxhttp://news.imly.org/index.html x_ yyyyyxyyyyyhttp://media.zonet.us/indexbak.html yy_ yyw w yh z ytejd yu4ss h s _xcptfilter __cxxframehandler __dllonexit __getmainargs __p__commode __p__fmode __set_app_type __setusermatherr _acmdln _adjust_fdiv _controlfp _except_handler3 _exit _initterm _mbscmp _mbsnbcmp _mbsnbcpy _onexit _strnicmp .rdata application/octet-stream exec error fclose fopen fwrite getenv haaaaaaaaaaaaaaaaaaaaaaaaabaaaa https jd su letusgozrmmv1.1 mbstowcs memcpy memset sbbbbbbbbbbbbbbbbbbbbbbbbbabbbb setlocale sleep d sprintf strcat strcmp strcpy strlen strstr wcscat wcscmp wcscpy wcslen wcsrchr wcstombs,.text .rdata .data,kernel32.dll user32.dll advapi32.dll shell32.dll msvcrt.dll wininet.dll ws2_32.dll createfilea localalloc sleep createthread createmutexa copyfilew getfilesize createprocessa getenvironmentvariablew getshortpathnamew getstartupinfoa getmodulehandlea readfile localfree getlasterror getmodulefilenamew closehandle sendmessagea findwindowexa regqueryvalueexa regclosekey regsetvalueexw regopenkeyexa shgetspecialfolderpathw shellexecutew _controlfp _except_handler3 __set_app_type memset __cxxframehandler strlen sprintf memcpy strcpy strcat _mbsnbcpy _mbsnbcmp atol _mbscmp atoi fclose fwrite fopen strstr wcslen wcstombs setlocale wcscmp wcscat mbstowcs wcsrchr wcscpy getenv strcmp time free __dllonexit _onexit _exit _xcptfilter exit _acmdln __getmainargs _initterm __setusermatherr _adjust_fdiv __p__commode __p__fmode _strnicmp httpaddrequestheadersa httpopenrequesta httpendrequesta internetwritefile httpsendrequesta internetreadfile httpqueryinfoa internetattemptconnect internetclosehandle internetconnecta internetopena httpsendrequestexa gethostbyname inet_ntoa wsastartup gethostname .text .rdata .data this program cannot be run in dos mode. /yahoo 32770 s- s s fxsst.dll s inetinfo.exe s setup.exe allow --multi-parts-form-data-boundary .text 5brich yahoo ex yahoo sb u:f .data advapi32.dll accept: / closehandle content type content-disposition: form-data name s content-disposition: form-data name s filename s content-length: d content-type: s content-type: application/x-www-form-urlencoded content-type: multipart/form-data boundary --multi-parts-form-data-boundary copyfilew createfilea createmutexa createprocessa createthread findwindowexa getenvironmentvariablew getfilesize getlasterror getmodulefilenamew getmodulehandlea getshortpathnamew getstartupinfoa http/1.0 htjhuuj httpaddrequestheadersa httpendrequesta httpopenrequesta httpqueryinfoa httpsendrequesta httpsendrequestexa iphone8.5 host: s ip: s internetattemptconnect internetclosehandle internetconnecta internetopena internetreadfile internetwritefile kernel32.dll localalloc localfree msvcrt.dll netapi32.dll pphb pwwj wwwwv pwwj wwwwh ph x qqsvwjd qsvjd readfile regclosekey regopenkeyexa regqueryvalueexa regsetvalueexw shell32.dll shgetspecialfolderpathw sssph svhwh svwjd svwjd svwjd_ svwjd_3 svwt4 svjd s sendmessagea shellexecutew sleep software microsoft windows currentversion run user32.dll userprofile vwh y vh8s vh x wininet.dll ws2_32.dll windir xpvss xxxxxyxxxxxhttp://news.imly.org/index.html x_ yyyyyxyyyyyhttp://media.zonet.us/indexbak.html yy_ yyw w yh z ytejd yu4ss h s _xcptfilter __cxxframehandler __dllonexit __getmainargs __p__commode __p__fmode __set_app_type __setusermatherr _acmdln _adjust_fdiv _controlfp _except_handler3 _exit _initterm _mbscmp _mbsnbcmp _mbsnbcpy _onexit _strnicmp .rdata application/octet-stream exec error fclose fopen fwrite getenv haaaaaaaaaaaaaaaaaaaaaaaaabaaaa https jd su letusgozrmmv1.1 mbstowcs memcpy memset sbbbbbbbbbbbbbbbbbbbbbbbbbabbbb setlocale sleep d sprintf strcat strcmp strcpy strlen strstr wcscat wcscmp wcscpy wcslen wcsrchr wcstombs,"sample K99_C3A9A7B026BFE0E55FF219FD6AA7D94 header machine 332 subsystem 2 sections .text .rdata .data dlls KERNEL32.dll USER32.dll ADVAPI32.dll SHELL32.dll MSVCRT.dll WININET.dll WS2_32.dll imports CreateFileA LocalAlloc Sleep CreateThread CreateMutexA CopyFileW GetFileSize CreateProcessA GetEnvironmentVariableW GetShortPathNameW GetStartupInfoA GetModuleHandleA ReadFile LocalFree GetLastError GetModuleFileNameW CloseHandle SendMessageA FindWindowExA RegQueryValueExA RegCloseKey RegSetValueExW RegOpenKeyExA SHGetSpecialFolderPathW ShellExecuteW _controlfp _except_handler3 __set_app_type memset __CxxFrameHandler strlen sprintf memcpy strcpy strcat _mbsnbcpy _mbsnbcmp atol _mbscmp atoi fclose fwrite fopen strstr wcslen wcstombs setlocale wcscmp wcscat mbstowcs wcsrchr wcscpy getenv strcmp time free __dllonexit _onexit _exit _XcptFilter exit _acmdln __getmainargs _initterm __setusermatherr _adjust_fdiv __p__commode __p__fmode _strnicmp HttpAddRequestHeadersA HttpOpenRequestA HttpEndRequestA InternetWriteFile HttpSendRequestA InternetReadFile HttpQueryInfoA InternetAttemptConnect InternetCloseHandle InternetConnectA InternetOpenA HttpSendRequestExA gethostbyname inet_ntoa WSAStartup gethostname strings !This program cannot be run in DOS mode. ""></yahoo> #32770 %s-%s %s\fxsst.dll %s\inetinfo.exe %s\setup.exe &Allow --MULTI-PARTS-FORM-DATA-BOUNDARY .text 5bRich <yahoo ex="" <yahoo sb="" >""u:F @.data ADVAPI32.dll Accept: */* CloseHandle Content Type Content-Disposition: form-data; name=""%s"" Content-Disposition: form-data; name=""%s""; filename=""%s"" Content-Length: %d Content-Type: %s Content-Type: application/x-www-form-urlencoded Content-Type: multipart/form-data; boundary=--MULTI-PARTS-FORM-DATA-BOUNDARY CopyFileW CreateFileA CreateMutexA CreateProcessA CreateThread FindWindowExA GetEnvironmentVariableW GetFileSize GetLastError GetModuleFileNameW GetModuleHandleA GetShortPathNameW GetStartupInfoA HTTP/1.0 HtJHuUj HttpAddRequestHeadersA HttpEndRequestA HttpOpenRequestA HttpQueryInfoA HttpSendRequestA HttpSendRequestExA IPHONE8.5(host:%s,ip:%s) InternetAttemptConnect InternetCloseHandle InternetConnectA InternetOpenA InternetReadFile InternetWriteFile KERNEL32.dll LocalAlloc LocalFree MSVCRT.dll NETAPI32.dll PPhb""@ PWWj WWWWV PWWj WWWWh Ph<X@ QQSVWjd[ QSVjd ReadFile RegCloseKey RegOpenKeyExA RegQueryValueExA RegSetValueExW SHELL32.dll SHGetSpecialFolderPathW SSSPh SVHWH SVWjd[ SVWjd^ SVWjd_ SVWjd_3 SVWt4 SVjd[S SendMessageA ShellExecuteW Sleep Software\Microsoft\Windows\CurrentVersion\Run USER32.dll USERPROFILE VWh@Y@ Vh8S@ Vh@X@ WININET.dll WS2_32.dll WinDir XPVSS XXXXXYXXXXXhttp://news.imly.org/index.html X_^[] YYYYYXYYYYYhttp://media.zonet.us/indexbak.html YY_^] YYw(W Yh@Z@ YtEjd Yu4SS ^h S@ _XcptFilter __CxxFrameHandler __dllonexit __getmainargs __p__commode __p__fmode __set_app_type __setusermatherr _acmdln _adjust_fdiv _controlfp _except_handler3 _exit _initterm _mbscmp _mbsnbcmp _mbsnbcpy _onexit _strnicmp `.rdata application/octet-stream exec error fclose fopen fwrite getenv hAAAAAAAAAAAAAAAAAAAAAAAAABAAAA https jd[Su letusgozrmmv1.1 mbstowcs memcpy memset sBBBBBBBBBBBBBBBBBBBBBBBBBABBBB setlocale sleep %d sprintf strcat strcmp strcpy strlen strstr wcscat wcscmp wcscpy wcslen wcsrchr wcstombs"
KLp90_6D5C8FC4B14559F73B6136D85B94198,15360,0,332,3,1285661381,271,3422617582,4194304,2,0,6,0,9728,4010496,0,16,85,85,7,149,3,4.836536366571245,6.241011178413984,4778.666666666667,1339762.0,"['KERNEL32.dll', 'USER32.dll', 'ADVAPI32.dll', 'SHELL32.dll', 'MSVCRT.dll', 'WININET.dll', 'WS2_32.dll']","['CreateFileA', 'LocalAlloc', 'Sleep', 'CreateThread', 'CreateMutexA', 'CopyFileW', 'GetFileSize', 'CreateProcessA', 'GetEnvironmentVariableW', 'GetShortPathNameW', 'GetStartupInfoA', 'GetModuleHandleA', 'ReadFile', 'LocalFree', 'GetLastError', 'GetModuleFileNameW', 'CloseHandle', 'SendMessageA', 'FindWindowExA', 'RegQueryValueExA', 'RegCloseKey', 'RegSetValueExW', 'RegOpenKeyExA', 'SHGetSpecialFolderPathW', 'ShellExecuteW', '_controlfp', '_except_handler3', '__set_app_type', 'memset', '__CxxFrameHandler', 'strlen', 'sprintf', 'memcpy', 'strcpy', 'strcat', '_mbsnbcpy', '_mbsnbcmp', 'atol', '_mbscmp', 'atoi', 'fclose', 'fwrite', 'fopen', 'strstr', 'wcslen', 'wcstombs', 'setlocale', 'wcscmp', 'wcscat', 'mbstowcs', 'wcsrchr', 'wcscpy', 'getenv', 'strcmp', 'time', 'free', '__dllonexit', '_onexit', '_exit', '_XcptFilter', 'exit', '_acmdln', '__getmainargs', '_initterm', '__setusermatherr', '_adjust_fdiv', '__p__commode', '__p__fmode', '_strnicmp', 'HttpAddRequestHeadersA', 'HttpOpenRequestA', 'HttpEndRequestA', 'InternetWriteFile', 'HttpSendRequestA', 'InternetReadFile', 'HttpQueryInfoA', 'InternetAttemptConnect', 'InternetCloseHandle', 'InternetConnectA', 'InternetOpenA', 'HttpSendRequestExA', 'gethostbyname', 'inet_ntoa', 'WSAStartup', 'gethostname']","['!This program cannot be run in DOS mode.', '""></yahoo>', '#32770', '%s-%s', '%s\\INETINFO.EXE', '%s\\fxssT.DLL', '%s\\setup.exe', '&Allow', '--MULTI-PARTS-FORM-DATA-BOUNDARY', '.text', '5bRich', '<yahoo ex=""', '<yahoo sb=""', '>""u:F', '@.data', 'ADVAPI32.dll', 'Accept: */*', 'BBBBBBBBBBBBBBBBABBBB', 'CloseHandle', 'Content Type', 'Content-Disposition: form-data; name=""%s""', 'Content-Disposition: form-data; name=""%s""; filename=""%s""', 'Content-Length: %d', 'Content-Type: %s', 'Content-Type: application/x-www-form-urlencoded', 'Content-Type: multipart/form-data; boundary=--MULTI-PARTS-FORM-DATA-BOUNDARY', 'CopyFileW', 'CreateFileA', 'CreateMutexA', 'CreateProcessA', 'CreateThread', 'FindWindowExA', 'GetEnvironmentVariableW', 'GetFileSize', 'GetLastError', 'GetModuleFileNameW', 'GetModuleHandleA', 'GetShortPathNameW', 'GetStartupInfoA', 'HTTP/1.0', 'HtJHuUj', 'HttpAddRequestHeadersA', 'HttpEndRequestA', 'HttpOpenRequestA', 'HttpQueryInfoA', 'HttpSendRequestA', 'HttpSendRequestExA', 'IPHONE8.5(host:%s,ip:%s)', 'InternetAttemptConnect', 'InternetCloseHandle', 'InternetConnectA', 'InternetOpenA', 'InternetReadFile', 'InternetWriteFile', 'KERNEL32.dll', 'LocalAlloc', 'LocalFree', 'MSVCRT.dll', 'NETAPI32.dll', 'PPhb""@', 'PWWj WWWWV', 'PWWj WWWWh', 'Ph<X@', 'QQSVWjd[', 'QSVjd', 'ReadFile', 'RegCloseKey', 'RegOpenKeyExA', 'RegQueryValueExA', 'RegSetValueExW', 'SHELL32.dll', 'SHGetSpecialFolderPathW', 'SSSPh', 'SVHWH', 'SVWjd[', 'SVWjd^', 'SVWjd_', 'SVWjd_3', 'SVWt4', 'SVjd[S', 'SendMessageA', 'ShellExecuteW', 'Sleep', 'Software\\Microsoft\\Windows\\CurrentVersion\\Run', 'USER32.dll', 'USERPROFILE', 'VWh@Y@', 'Vh8S@', 'Vh@X@', 'WININET.dll', 'WS2_32.dll', 'WinDir', 'XPVSS', 'XXXXXYXXXXXhttp://dril-quip.deltae.com.br/update.html', 'X_^[]', 'YYYYYXYYYYYhttp://inmarsat.crystalmark.co.uk/update.html', 'YY_^]', 'YYw(W', 'Yh@Z@', 'YtEjd', 'Yu4SS', '^h S@', '_XcptFilter', '__CxxFrameHandler', '__dllonexit', '__getmainargs', '__p__commode', '__p__fmode', '__set_app_type', '__setusermatherr', '_acmdln', '_adjust_fdiv', '_controlfp', '_except_handler3', '_exit', '_initterm', '_mbscmp', '_mbsnbcmp', '_mbsnbcpy', '_onexit', '_strnicmp', '`.rdata', 'application/octet-stream', 'exec error', 'fclose', 'fopen', 'fwrite', 'getenv', 'hAAAAAAAAAAAAAAAAAAABAAAA', 'https', 'jd[Su', 'letusgozrmmv1.1', 'mbstowcs', 'memcpy', 'memset', 'setlocale', 'sleep %d', 'sprintf', 'strcat', 'strcmp', 'strcpy', 'strlen', 'strstr', 'wcscat', 'wcscmp', 'wcscpy', 'wcslen', 'wcsrchr', 'wcstombs']","['.text', '.rdata', '.data']",kernel32.dll user32.dll advapi32.dll shell32.dll msvcrt.dll wininet.dll ws2_32.dll,createfilea localalloc sleep createthread createmutexa copyfilew getfilesize createprocessa getenvironmentvariablew getshortpathnamew getstartupinfoa getmodulehandlea readfile localfree getlasterror getmodulefilenamew closehandle sendmessagea findwindowexa regqueryvalueexa regclosekey regsetvalueexw regopenkeyexa shgetspecialfolderpathw shellexecutew _controlfp _except_handler3 __set_app_type memset __cxxframehandler strlen sprintf memcpy strcpy strcat _mbsnbcpy _mbsnbcmp atol _mbscmp atoi fclose fwrite fopen strstr wcslen wcstombs setlocale wcscmp wcscat mbstowcs wcsrchr wcscpy getenv strcmp time free __dllonexit _onexit _exit _xcptfilter exit _acmdln __getmainargs _initterm __setusermatherr _adjust_fdiv __p__commode __p__fmode _strnicmp httpaddrequestheadersa httpopenrequesta httpendrequesta internetwritefile httpsendrequesta internetreadfile httpqueryinfoa internetattemptconnect internetclosehandle internetconnecta internetopena httpsendrequestexa gethostbyname inet_ntoa wsastartup gethostname,this program cannot be run in dos mode. /yahoo 32770 s- s s inetinfo.exe s fxsst.dll s setup.exe allow --multi-parts-form-data-boundary .text 5brich yahoo ex yahoo sb u:f .data advapi32.dll accept: / bbbbbbbbbbbbbbbbabbbb closehandle content type content-disposition: form-data name s content-disposition: form-data name s filename s content-length: d content-type: s content-type: application/x-www-form-urlencoded content-type: multipart/form-data boundary --multi-parts-form-data-boundary copyfilew createfilea createmutexa createprocessa createthread findwindowexa getenvironmentvariablew getfilesize getlasterror getmodulefilenamew getmodulehandlea getshortpathnamew getstartupinfoa http/1.0 htjhuuj httpaddrequestheadersa httpendrequesta httpopenrequesta httpqueryinfoa httpsendrequesta httpsendrequestexa iphone8.5 host: s ip: s internetattemptconnect internetclosehandle internetconnecta internetopena internetreadfile internetwritefile kernel32.dll localalloc localfree msvcrt.dll netapi32.dll pphb pwwj wwwwv pwwj wwwwh ph x qqsvwjd qsvjd readfile regclosekey regopenkeyexa regqueryvalueexa regsetvalueexw shell32.dll shgetspecialfolderpathw sssph svhwh svwjd svwjd svwjd_ svwjd_3 svwt4 svjd s sendmessagea shellexecutew sleep software microsoft windows currentversion run user32.dll userprofile vwh y vh8s vh x wininet.dll ws2_32.dll windir xpvss xxxxxyxxxxxhttp://dril-quip.deltae.com.br/update.html x_ yyyyyxyyyyyhttp://inmarsat.crystalmark.co.uk/update.html yy_ yyw w yh z ytejd yu4ss h s _xcptfilter __cxxframehandler __dllonexit __getmainargs __p__commode __p__fmode __set_app_type __setusermatherr _acmdln _adjust_fdiv _controlfp _except_handler3 _exit _initterm _mbscmp _mbsnbcmp _mbsnbcpy _onexit _strnicmp .rdata application/octet-stream exec error fclose fopen fwrite getenv haaaaaaaaaaaaaaaaaaabaaaa https jd su letusgozrmmv1.1 mbstowcs memcpy memset setlocale sleep d sprintf strcat strcmp strcpy strlen strstr wcscat wcscmp wcscpy wcslen wcsrchr wcstombs,.text .rdata .data,kernel32.dll user32.dll advapi32.dll shell32.dll msvcrt.dll wininet.dll ws2_32.dll createfilea localalloc sleep createthread createmutexa copyfilew getfilesize createprocessa getenvironmentvariablew getshortpathnamew getstartupinfoa getmodulehandlea readfile localfree getlasterror getmodulefilenamew closehandle sendmessagea findwindowexa regqueryvalueexa regclosekey regsetvalueexw regopenkeyexa shgetspecialfolderpathw shellexecutew _controlfp _except_handler3 __set_app_type memset __cxxframehandler strlen sprintf memcpy strcpy strcat _mbsnbcpy _mbsnbcmp atol _mbscmp atoi fclose fwrite fopen strstr wcslen wcstombs setlocale wcscmp wcscat mbstowcs wcsrchr wcscpy getenv strcmp time free __dllonexit _onexit _exit _xcptfilter exit _acmdln __getmainargs _initterm __setusermatherr _adjust_fdiv __p__commode __p__fmode _strnicmp httpaddrequestheadersa httpopenrequesta httpendrequesta internetwritefile httpsendrequesta internetreadfile httpqueryinfoa internetattemptconnect internetclosehandle internetconnecta internetopena httpsendrequestexa gethostbyname inet_ntoa wsastartup gethostname .text .rdata .data this program cannot be run in dos mode. /yahoo 32770 s- s s inetinfo.exe s fxsst.dll s setup.exe allow --multi-parts-form-data-boundary .text 5brich yahoo ex yahoo sb u:f .data advapi32.dll accept: / bbbbbbbbbbbbbbbbabbbb closehandle content type content-disposition: form-data name s content-disposition: form-data name s filename s content-length: d content-type: s content-type: application/x-www-form-urlencoded content-type: multipart/form-data boundary --multi-parts-form-data-boundary copyfilew createfilea createmutexa createprocessa createthread findwindowexa getenvironmentvariablew getfilesize getlasterror getmodulefilenamew getmodulehandlea getshortpathnamew getstartupinfoa http/1.0 htjhuuj httpaddrequestheadersa httpendrequesta httpopenrequesta httpqueryinfoa httpsendrequesta httpsendrequestexa iphone8.5 host: s ip: s internetattemptconnect internetclosehandle internetconnecta internetopena internetreadfile internetwritefile kernel32.dll localalloc localfree msvcrt.dll netapi32.dll pphb pwwj wwwwv pwwj wwwwh ph x qqsvwjd qsvjd readfile regclosekey regopenkeyexa regqueryvalueexa regsetvalueexw shell32.dll shgetspecialfolderpathw sssph svhwh svwjd svwjd svwjd_ svwjd_3 svwt4 svjd s sendmessagea shellexecutew sleep software microsoft windows currentversion run user32.dll userprofile vwh y vh8s vh x wininet.dll ws2_32.dll windir xpvss xxxxxyxxxxxhttp://dril-quip.deltae.com.br/update.html x_ yyyyyxyyyyyhttp://inmarsat.crystalmark.co.uk/update.html yy_ yyw w yh z ytejd yu4ss h s _xcptfilter __cxxframehandler __dllonexit __getmainargs __p__commode __p__fmode __set_app_type __setusermatherr _acmdln _adjust_fdiv _controlfp _except_handler3 _exit _initterm _mbscmp _mbsnbcmp _mbsnbcpy _onexit _strnicmp .rdata application/octet-stream exec error fclose fopen fwrite getenv haaaaaaaaaaaaaaaaaaabaaaa https jd su letusgozrmmv1.1 mbstowcs memcpy memset setlocale sleep d sprintf strcat strcmp strcpy strlen strstr wcscat wcscmp wcscpy wcslen wcsrchr wcstombs,"sample KLp90_6D5C8FC4B14559F73B6136D85B94198 header machine 332 subsystem 2 sections .text .rdata .data dlls KERNEL32.dll USER32.dll ADVAPI32.dll SHELL32.dll MSVCRT.dll WININET.dll WS2_32.dll imports CreateFileA LocalAlloc Sleep CreateThread CreateMutexA CopyFileW GetFileSize CreateProcessA GetEnvironmentVariableW GetShortPathNameW GetStartupInfoA GetModuleHandleA ReadFile LocalFree GetLastError GetModuleFileNameW CloseHandle SendMessageA FindWindowExA RegQueryValueExA RegCloseKey RegSetValueExW RegOpenKeyExA SHGetSpecialFolderPathW ShellExecuteW _controlfp _except_handler3 __set_app_type memset __CxxFrameHandler strlen sprintf memcpy strcpy strcat _mbsnbcpy _mbsnbcmp atol _mbscmp atoi fclose fwrite fopen strstr wcslen wcstombs setlocale wcscmp wcscat mbstowcs wcsrchr wcscpy getenv strcmp time free __dllonexit _onexit _exit _XcptFilter exit _acmdln __getmainargs _initterm __setusermatherr _adjust_fdiv __p__commode __p__fmode _strnicmp HttpAddRequestHeadersA HttpOpenRequestA HttpEndRequestA InternetWriteFile HttpSendRequestA InternetReadFile HttpQueryInfoA InternetAttemptConnect InternetCloseHandle InternetConnectA InternetOpenA HttpSendRequestExA gethostbyname inet_ntoa WSAStartup gethostname strings !This program cannot be run in DOS mode. ""></yahoo> #32770 %s-%s %s\INETINFO.EXE %s\fxssT.DLL %s\setup.exe &Allow --MULTI-PARTS-FORM-DATA-BOUNDARY .text 5bRich <yahoo ex="" <yahoo sb="" >""u:F @.data ADVAPI32.dll Accept: */* BBBBBBBBBBBBBBBBABBBB CloseHandle Content Type Content-Disposition: form-data; name=""%s"" Content-Disposition: form-data; name=""%s""; filename=""%s"" Content-Length: %d Content-Type: %s Content-Type: application/x-www-form-urlencoded Content-Type: multipart/form-data; boundary=--MULTI-PARTS-FORM-DATA-BOUNDARY CopyFileW CreateFileA CreateMutexA CreateProcessA CreateThread FindWindowExA GetEnvironmentVariableW GetFileSize GetLastError GetModuleFileNameW GetModuleHandleA GetShortPathNameW GetStartupInfoA HTTP/1.0 HtJHuUj HttpAddRequestHeadersA HttpEndRequestA HttpOpenRequestA HttpQueryInfoA HttpSendRequestA HttpSendRequestExA IPHONE8.5(host:%s,ip:%s) InternetAttemptConnect InternetCloseHandle InternetConnectA InternetOpenA InternetReadFile InternetWriteFile KERNEL32.dll LocalAlloc LocalFree MSVCRT.dll NETAPI32.dll PPhb""@ PWWj WWWWV PWWj WWWWh Ph<X@ QQSVWjd[ QSVjd ReadFile RegCloseKey RegOpenKeyExA RegQueryValueExA RegSetValueExW SHELL32.dll SHGetSpecialFolderPathW SSSPh SVHWH SVWjd[ SVWjd^ SVWjd_ SVWjd_3 SVWt4 SVjd[S SendMessageA ShellExecuteW Sleep Software\Microsoft\Windows\CurrentVersion\Run USER32.dll USERPROFILE VWh@Y@ Vh8S@ Vh@X@ WININET.dll WS2_32.dll WinDir XPVSS XXXXXYXXXXXhttp://dril-quip.deltae.com.br/update.html X_^[] YYYYYXYYYYYhttp://inmarsat.crystalmark.co.uk/update.html YY_^] YYw(W Yh@Z@ YtEjd Yu4SS ^h S@ _XcptFilter __CxxFrameHandler __dllonexit __getmainargs __p__commode __p__fmode __set_app_type __setusermatherr _acmdln _adjust_fdiv _controlfp _except_handler3 _exit _initterm _mbscmp _mbsnbcmp _mbsnbcpy _onexit _strnicmp `.rdata application/octet-stream exec error fclose fopen fwrite getenv hAAAAAAAAAAAAAAAAAAABAAAA https jd[Su letusgozrmmv1.1 mbstowcs memcpy memset setlocale sleep %d sprintf strcat strcmp strcpy strlen strstr wcscat wcscmp wcscpy wcslen wcsrchr wcstombs"
L11_1415EB8519D13328091CC5C76A624E3D,14336,0,332,3,1306744169,271,2042528,4194304,2,0,6,0,12288,4096,2027520,16,8,8,5,113,3,3.4445570551987093,7.307119559585964,4437.333333333333,681301.3333333334,"['KERNEL32.DLL', 'MSVCRT.dll', 'SHELL32.dll', 'WININET.dll', 'WS2_32.dll']","['LoadLibraryA', 'ExitProcess', 'GetProcAddress', 'VirtualProtect', '_iob', 'ShellExecuteA', 'InternetOpenA', 'inet_ntoa']","['!This program cannot be run in DOS mode.', '$TUUU', '$makeG', '%.4dOGET', '%me a', '&%sohttp://', '&windir', '* [cliJi', ""*'c?&"", '*VNmm', '*^reg.e', '-)Krl2 Lt', '-GSSN', '.1oIPH', "".I<ya'XP"", '.rsrc', '0Cxxram', '1P{[H', '2t\\DY', '4T3VEW=', ""4|'xS"", '7g^i2', '8DXhx7{0', ':o Z=', ';s_iob', '=/vhAiA', '=xEH_p', '>FPdr', '??3@YAXP', '?run=?', '@;ruMO', 'ABCDEFGHIJKLM', 'ADVAPI', 'BA#*X0p', 'B]*dR', 'CONIN$', 'CPQhP1J', 'Console', 'Di2ctoryAIoFr', 'E8.5(', 'ExitProcess', 'Fi]Read', 'GetProcAddress', 'HAD<@k', 'HTT3O', 'InternetOpenA', 'JBUPU%', 'KERNEL32.DLL', 'LoadLibraryA', 'MSVCRT.dll', ""Modp'"", 'MultiBy>ToWideC', ""NECT'{I"", 'P$TUIU', ""P'=%M"", 'P)+rd', 'P/1.0', 'PQRST', 'PROFILE', 'PS*H@@m', 'PU%UI', 'PUTUI', 'PeekNa<dPip', 'Pefzd', 'Pi9V*d', 'SHELL32.dll', 'SP3gh', 'ShellExecuteA', 'TerminateProcess""All', 'U@ptA;>', 'USER32.dll', 'UxQxlp', 'VirtualProtect', 'Vj5|Zbw', 'WININET.dll', 'WS2_32.dll', 'XPTPSW', 'XYP!s', 'YuYj.', 'ZLaEr~r', 'Zabcdefghijklmnopq', '\\Run /v SysTray', '_M$=Sh', '_u]R`', '`k;<8P;_c', 'abRich', 'add HKCU\\Softwa4\\Micr', 'app_tyW2r0', 'bv?%0', 'cialF:jrP', 'd:l`o', 'eHand', 'gL.v1J', 'har(GetSys&mTimFWri', 'hpt_hmr3""_V`', 'localh', 'ltae.', 'ows\\Cur.ntVersion', 'quesMQ', 's@Urr', 'six]h', 'su-ji.', 'syO,@.M', 't;u t$-', 'tuvwxyz0123456789+/', 'usgozr', 'xiopy', 'xnH@Q@', 'xtGn(', 'xwh~dT', '|&Lo0Libra', '~ep_%I$zt_', '~temp/~P<0.t']","['UPX0', 'UPX1', '.rsrc']",kernel32.dll msvcrt.dll shell32.dll wininet.dll ws2_32.dll,loadlibrarya exitprocess getprocaddress virtualprotect _iob shellexecutea internetopena inet_ntoa,this program cannot be run in dos mode. tuuu makeg .4doget me a sohttp:// windir cliji c vnmm reg.e - krl2 lt -gssn .1oiph .i ya xp .rsrc 0cxxram 1p h 2t dy 4t3vew 4 xs 7g i2 8dxhx7 0 :o z s_iob /vhaia xeh_p fpdr 3 yaxp run rumo abcdefghijklm advapi ba x0p b dr conin cpqhp1j console di2ctoryaiofr e8.5 exitprocess fi read getprocaddress had k htt3o internetopena jbupu kernel32.dll loadlibrarya msvcrt.dll modp multiby towidec nect i p tuiu p m p rd p/1.0 pqrst profile ps h m pu ui putui peekna dpip pefzd pi9v d shell32.dll sp3gh shellexecutea terminateprocess all u pta user32.dll uxqxlp virtualprotect vj5 zbw wininet.dll ws2_32.dll xptpsw xyp s yuyj. zlaer r zabcdefghijklmnopq run /v systray _m sh _u r k 8p _c abrich add hkcu softwa4 micr app_tyw2r0 bv 0 cialf:jrp d:l o ehand gl.v1j har getsys mtimfwri hpt_hmr3 _v localh ltae. ows cur.ntversion quesmq s urr six h su-ji. syo .m t u t - tuvwxyz0123456789 / usgozr xiopy xnh q xtgn xwh dt lo0libra ep_ i zt_ temp/ p 0.t,upx0 upx1 .rsrc,kernel32.dll msvcrt.dll shell32.dll wininet.dll ws2_32.dll loadlibrarya exitprocess getprocaddress virtualprotect _iob shellexecutea internetopena inet_ntoa upx0 upx1 .rsrc this program cannot be run in dos mode. tuuu makeg .4doget me a sohttp:// windir cliji c vnmm reg.e - krl2 lt -gssn .1oiph .i ya xp .rsrc 0cxxram 1p h 2t dy 4t3vew 4 xs 7g i2 8dxhx7 0 :o z s_iob /vhaia xeh_p fpdr 3 yaxp run rumo abcdefghijklm advapi ba x0p b dr conin cpqhp1j console di2ctoryaiofr e8.5 exitprocess fi read getprocaddress had k htt3o internetopena jbupu kernel32.dll loadlibrarya msvcrt.dll modp multiby towidec nect i p tuiu p m p rd p/1.0 pqrst profile ps h m pu ui putui peekna dpip pefzd pi9v d shell32.dll sp3gh shellexecutea terminateprocess all u pta user32.dll uxqxlp virtualprotect vj5 zbw wininet.dll ws2_32.dll xptpsw xyp s yuyj. zlaer r zabcdefghijklmnopq run /v systray _m sh _u r k 8p _c abrich add hkcu softwa4 micr app_tyw2r0 bv 0 cialf:jrp d:l o ehand gl.v1j har getsys mtimfwri hpt_hmr3 _v localh ltae. ows cur.ntversion quesmq s urr six h su-ji. syo .m t u t - tuvwxyz0123456789 / usgozr xiopy xnh q xtgn xwh dt lo0libra ep_ i zt_ temp/ p 0.t,"sample L11_1415EB8519D13328091CC5C76A624E3D header machine 332 subsystem 2 sections UPX0 UPX1 .rsrc dlls KERNEL32.DLL MSVCRT.dll SHELL32.dll WININET.dll WS2_32.dll imports LoadLibraryA ExitProcess GetProcAddress VirtualProtect _iob ShellExecuteA InternetOpenA inet_ntoa strings !This program cannot be run in DOS mode. $TUUU $makeG %.4dOGET %me a &%sohttp:// &windir * [cliJi *'c?& *VNmm *^reg.e -)Krl2 Lt -GSSN .1oIPH .I<ya'XP .rsrc 0Cxxram 1P{[H 2t\DY 4T3VEW= 4|'xS 7g^i2 8DXhx7{0 :o Z= ;s_iob =/vhAiA =xEH_p >FPdr ??3@YAXP ?run=? @;ruMO ABCDEFGHIJKLM ADVAPI BA#*X0p B]*dR CONIN$ CPQhP1J Console Di2ctoryAIoFr E8.5( ExitProcess Fi]Read GetProcAddress HAD<@k HTT3O InternetOpenA JBUPU% KERNEL32.DLL LoadLibraryA MSVCRT.dll Modp' MultiBy>ToWideC NECT'{I P$TUIU P'=%M P)+rd P/1.0 PQRST PROFILE PS*H@@m PU%UI PUTUI PeekNa<dPip Pefzd Pi9V*d SHELL32.dll SP3gh ShellExecuteA TerminateProcess""All U@ptA;> USER32.dll UxQxlp VirtualProtect Vj5|Zbw WININET.dll WS2_32.dll XPTPSW XYP!s YuYj. ZLaEr~r Zabcdefghijklmnopq \Run /v SysTray _M$=Sh _u]R` `k;<8P;_c abRich add HKCU\Softwa4\Micr app_tyW2r0 bv?%0 cialF:jrP d:l`o eHand gL.v1J har(GetSys&mTimFWri hpt_hmr3""_V` localh ltae. ows\Cur.ntVersion quesMQ s@Urr six]h su-ji. syO,@.M t;u t$- tuvwxyz0123456789+/ usgozr xiopy xnH@Q@ xtGn( xwh~dT |&Lo0Libra ~ep_%I$zt_ ~temp/~P<0.t"
NBV_8B75BCBFF174C25A0161F30758509A44,5632,0,332,3,1242321160,271,28064,4194304,2,0,6,0,4096,4096,20480,16,8,8,5,67,3,3.508658385596257,7.542229006077649,1536.0,9557.333333333334,"['KERNEL32.DLL', 'MSVCRT.dll', 'SHELL32.dll', 'USER32.dll', 'WS2_32.dll']","['LoadLibraryA', 'ExitProcess', 'GetProcAddress', 'VirtualProtect', 'atol', 'SHChangeNotify', 'LoadStringA', 'closesocket']","['!This program cannot be run in DOS mode.', '""*>Lbi', '""unhP', '*(SY)# cmd', '-S/$\\C7', '.exe', '.rsrc', '.ueope', '0123456789-/', '1http://w', '5X,^0T', '7p4W\\8', '<*""ur', '<}:x-', '= %d', '>""u:F', '@7tHj@', 'ABCDEFGHIJKLMNO', 'CloseHandle', 'ExitProcess', 'GetCompu$rName2Pig', 'GetProcAddress', 'Info$', 'KERNEL32.DLL', 'L40!F ;', 'LfL8p', 'LoadLibraryA', 'LoadStringA', 'MSVCRT.dll', 'Modm/', 'NRhph', 'NV`h~', 'ON? > nuJ/c dU', 'Object!reateEventA', 'RPX48', 'Richo', 'SHChangeNotify', 'SHELL32.dll', 'St5tp', 'USER32.dll', 'V3P;(C,', 'VirtualProtect', 'WS2_32.dll', 'WaitForSing', 'XPTPSW', 'XYZabcdefghijklmnopqrstuvwxyzv=', '_beg\\t', 'bOhKO1|t', 'com/test.', ""el'COMSPEC"", 'fsg\\n', 'gKre#Se9', 'ia}l;r', 'jR9Fi', 'ltpDH', 'm*md#rocesszM', 'mal4c/', 'n.dllq', 'nm;Va.able', 'o`RdSe', 'pSDisconnJ', 'py7Envif', 'pzQL8D4M', 't_fdiv6', 'ult!|s)t`', 'yBo2t', 'yDu<icat']","['UPX0', 'UPX1', '.rsrc']",kernel32.dll msvcrt.dll shell32.dll user32.dll ws2_32.dll,loadlibrarya exitprocess getprocaddress virtualprotect atol shchangenotify loadstringa closesocket,this program cannot be run in dos mode. lbi unhp sy cmd -s/ c7 .exe .rsrc .ueope 0123456789-/ 1http://w 5x 0t 7p4w 8 ur :x- d u:f 7thj abcdefghijklmno closehandle exitprocess getcompu rname2pig getprocaddress info kernel32.dll l40 f lfl8p loadlibrarya loadstringa msvcrt.dll modm/ nrhph nv h on nuj/c du object reateeventa rpx48 richo shchangenotify shell32.dll st5tp user32.dll v3p c virtualprotect ws2_32.dll waitforsing xptpsw xyzabcdefghijklmnopqrstuvwxyzv _beg t bohko1 t com/test. el comspec fsg n gkre se9 ia l r jr9fi ltpdh m md rocesszm mal4c/ n.dllq nm va.able o rdse psdisconnj py7envif pzql8d4m t_fdiv6 ult s t ybo2t ydu icat,upx0 upx1 .rsrc,kernel32.dll msvcrt.dll shell32.dll user32.dll ws2_32.dll loadlibrarya exitprocess getprocaddress virtualprotect atol shchangenotify loadstringa closesocket upx0 upx1 .rsrc this program cannot be run in dos mode. lbi unhp sy cmd -s/ c7 .exe .rsrc .ueope 0123456789-/ 1http://w 5x 0t 7p4w 8 ur :x- d u:f 7thj abcdefghijklmno closehandle exitprocess getcompu rname2pig getprocaddress info kernel32.dll l40 f lfl8p loadlibrarya loadstringa msvcrt.dll modm/ nrhph nv h on nuj/c du object reateeventa rpx48 richo shchangenotify shell32.dll st5tp user32.dll v3p c virtualprotect ws2_32.dll waitforsing xptpsw xyzabcdefghijklmnopqrstuvwxyzv _beg t bohko1 t com/test. el comspec fsg n gkre se9 ia l r jr9fi ltpdh m md rocesszm mal4c/ n.dllq nm va.able o rdse psdisconnj py7envif pzql8d4m t_fdiv6 ult s t ybo2t ydu icat,"sample NBV_8B75BCBFF174C25A0161F30758509A44 header machine 332 subsystem 2 sections UPX0 UPX1 .rsrc dlls KERNEL32.DLL MSVCRT.dll SHELL32.dll USER32.dll WS2_32.dll imports LoadLibraryA ExitProcess GetProcAddress VirtualProtect atol SHChangeNotify LoadStringA closesocket strings !This program cannot be run in DOS mode. ""*>Lbi ""unhP *(SY)# cmd -S/$\C7 .exe .rsrc .ueope 0123456789-/ 1http://w 5X,^0T 7p4W\8 <*""ur <}:x- = %d >""u:F @7tHj@ ABCDEFGHIJKLMNO CloseHandle ExitProcess GetCompu$rName2Pig GetProcAddress Info$ KERNEL32.DLL L40!F ; LfL8p LoadLibraryA LoadStringA MSVCRT.dll Modm/ NRhph NV`h~ ON? > nuJ/c dU Object!reateEventA RPX48 Richo SHChangeNotify SHELL32.dll St5tp USER32.dll V3P;(C, VirtualProtect WS2_32.dll WaitForSing XPTPSW XYZabcdefghijklmnopqrstuvwxyzv= _beg\t bOhKO1|t com/test. el'COMSPEC fsg\n gKre#Se9 ia}l;r jR9Fi ltpDH m*md#rocesszM mal4c/ n.dllq nm;Va.able o`RdSe pSDisconnJ py7Envif pzQL8D4M t_fdiv6 ult!|s)t` yBo2t yDu<icat"
NV99_C9C9DBF388A8D81D8CFB4D3FC05F8E4,15360,0,332,3,1285661381,271,3422617582,4194304,2,0,6,0,9728,4010496,0,16,85,85,7,149,3,4.828644446343475,6.241011178413984,4778.666666666667,1339762.0,"['KERNEL32.dll', 'USER32.dll', 'ADVAPI32.dll', 'SHELL32.dll', 'MSVCRT.dll', 'WININET.dll', 'WS2_32.dll']","['CreateFileA', 'LocalAlloc', 'Sleep', 'CreateThread', 'CreateMutexA', 'CopyFileW', 'GetFileSize', 'CreateProcessA', 'GetEnvironmentVariableW', 'GetShortPathNameW', 'GetStartupInfoA', 'GetModuleHandleA', 'ReadFile', 'LocalFree', 'GetLastError', 'GetModuleFileNameW', 'CloseHandle', 'SendMessageA', 'FindWindowExA', 'RegQueryValueExA', 'RegCloseKey', 'RegSetValueExW', 'RegOpenKeyExA', 'SHGetSpecialFolderPathW', 'ShellExecuteW', '_controlfp', '_except_handler3', '__set_app_type', 'memset', '__CxxFrameHandler', 'strlen', 'sprintf', 'memcpy', 'strcpy', 'strcat', '_mbsnbcpy', '_mbsnbcmp', 'atol', '_mbscmp', 'atoi', 'fclose', 'fwrite', 'fopen', 'strstr', 'wcslen', 'wcstombs', 'setlocale', 'wcscmp', 'wcscat', 'mbstowcs', 'wcsrchr', 'wcscpy', 'getenv', 'strcmp', 'time', 'free', '__dllonexit', '_onexit', '_exit', '_XcptFilter', 'exit', '_acmdln', '__getmainargs', '_initterm', '__setusermatherr', '_adjust_fdiv', '__p__commode', '__p__fmode', '_strnicmp', 'HttpAddRequestHeadersA', 'HttpOpenRequestA', 'HttpEndRequestA', 'InternetWriteFile', 'HttpSendRequestA', 'InternetReadFile', 'HttpQueryInfoA', 'InternetAttemptConnect', 'InternetCloseHandle', 'InternetConnectA', 'InternetOpenA', 'HttpSendRequestExA', 'gethostbyname', 'inet_ntoa', 'WSAStartup', 'gethostname']","['!This program cannot be run in DOS mode.', '""></yahoo>', '#32770', '%s-%s', '%s\\INETINFO.EXE', '%s\\fxssT.DLL', '%s\\setup.exe', '&Allow', '--MULTI-PARTS-FORM-DATA-BOUNDARY', '.text', '5bRich', '<yahoo ex=""', '<yahoo sb=""', '>""u:F', '@.data', 'ADVAPI32.dll', 'Accept: */*', 'BBBBBBBBBBBBBBBBABBBB', 'CloseHandle', 'Content Type', 'Content-Disposition: form-data; name=""%s""', 'Content-Disposition: form-data; name=""%s""; filename=""%s""', 'Content-Length: %d', 'Content-Type: %s', 'Content-Type: application/x-www-form-urlencoded', 'Content-Type: multipart/form-data; boundary=--MULTI-PARTS-FORM-DATA-BOUNDARY', 'CopyFileW', 'CreateFileA', 'CreateMutexA', 'CreateProcessA', 'CreateThread', 'FindWindowExA', 'GetEnvironmentVariableW', 'GetFileSize', 'GetLastError', 'GetModuleFileNameW', 'GetModuleHandleA', 'GetShortPathNameW', 'GetStartupInfoA', 'HTTP/1.0', 'HtJHuUj', 'HttpAddRequestHeadersA', 'HttpEndRequestA', 'HttpOpenRequestA', 'HttpQueryInfoA', 'HttpSendRequestA', 'HttpSendRequestExA', 'IPHONE8.5(host:%s,ip:%s)', 'InternetAttemptConnect', 'InternetCloseHandle', 'InternetConnectA', 'InternetOpenA', 'InternetReadFile', 'InternetWriteFile', 'KERNEL32.dll', 'LocalAlloc', 'LocalFree', 'MSVCRT.dll', 'NETAPI32.dll', 'PPhb""@', 'PWWj WWWWV', 'PWWj WWWWh', 'Ph<X@', 'QQSVWjd[', 'QSVjd', 'ReadFile', 'RegCloseKey', 'RegOpenKeyExA', 'RegQueryValueExA', 'RegSetValueExW', 'SHELL32.dll', 'SHGetSpecialFolderPathW', 'SSSPh', 'SVHWH', 'SVWjd[', 'SVWjd^', 'SVWjd_', 'SVWjd_3', 'SVWt4', 'SVjd[S', 'SendMessageA', 'ShellExecuteW', 'Sleep', 'Software\\Microsoft\\Windows\\CurrentVersion\\Run', 'USER32.dll', 'USERPROFILE', 'VWh@Y@', 'Vh8S@', 'Vh@X@', 'WININET.dll', 'WS2_32.dll', 'WinDir', 'XPVSS', 'XXXXXYXXXXXhttp://dril-quip.deltae.com.br/update.html', 'X_^[]', 'YYYYYXYYYYYhttp://inmarsat.crystalmark.co.uk/update.html', 'YY_^]', 'YYw(W', 'Yh@Z@', 'YtEjd', 'Yu4SS', '^h S@', '_XcptFilter', '__CxxFrameHandler', '__dllonexit', '__getmainargs', '__p__commode', '__p__fmode', '__set_app_type', '__setusermatherr', '_acmdln', '_adjust_fdiv', '_controlfp', '_except_handler3', '_exit', '_initterm', '_mbscmp', '_mbsnbcmp', '_mbsnbcpy', '_onexit', '_strnicmp', '`.rdata', 'application/octet-stream', 'exec error', 'fclose', 'fopen', 'fwrite', 'getenv', 'hAAAAAAAAAAAAAAAAAAABAAAA', 'https', 'jd[Su', 'letusgozrmmv1.1', 'mbstowcs', 'memcpy', 'memset', 'setlocale', 'sleep %d', 'sprintf', 'strcat', 'strcmp', 'strcpy', 'strlen', 'strstr', 'wcscat', 'wcscmp', 'wcscpy', 'wcslen', 'wcsrchr', 'wcstombs']","['.text', '.rdata', '.data']",kernel32.dll user32.dll advapi32.dll shell32.dll msvcrt.dll wininet.dll ws2_32.dll,createfilea localalloc sleep createthread createmutexa copyfilew getfilesize createprocessa getenvironmentvariablew getshortpathnamew getstartupinfoa getmodulehandlea readfile localfree getlasterror getmodulefilenamew closehandle sendmessagea findwindowexa regqueryvalueexa regclosekey regsetvalueexw regopenkeyexa shgetspecialfolderpathw shellexecutew _controlfp _except_handler3 __set_app_type memset __cxxframehandler strlen sprintf memcpy strcpy strcat _mbsnbcpy _mbsnbcmp atol _mbscmp atoi fclose fwrite fopen strstr wcslen wcstombs setlocale wcscmp wcscat mbstowcs wcsrchr wcscpy getenv strcmp time free __dllonexit _onexit _exit _xcptfilter exit _acmdln __getmainargs _initterm __setusermatherr _adjust_fdiv __p__commode __p__fmode _strnicmp httpaddrequestheadersa httpopenrequesta httpendrequesta internetwritefile httpsendrequesta internetreadfile httpqueryinfoa internetattemptconnect internetclosehandle internetconnecta internetopena httpsendrequestexa gethostbyname inet_ntoa wsastartup gethostname,this program cannot be run in dos mode. /yahoo 32770 s- s s inetinfo.exe s fxsst.dll s setup.exe allow --multi-parts-form-data-boundary .text 5brich yahoo ex yahoo sb u:f .data advapi32.dll accept: / bbbbbbbbbbbbbbbbabbbb closehandle content type content-disposition: form-data name s content-disposition: form-data name s filename s content-length: d content-type: s content-type: application/x-www-form-urlencoded content-type: multipart/form-data boundary --multi-parts-form-data-boundary copyfilew createfilea createmutexa createprocessa createthread findwindowexa getenvironmentvariablew getfilesize getlasterror getmodulefilenamew getmodulehandlea getshortpathnamew getstartupinfoa http/1.0 htjhuuj httpaddrequestheadersa httpendrequesta httpopenrequesta httpqueryinfoa httpsendrequesta httpsendrequestexa iphone8.5 host: s ip: s internetattemptconnect internetclosehandle internetconnecta internetopena internetreadfile internetwritefile kernel32.dll localalloc localfree msvcrt.dll netapi32.dll pphb pwwj wwwwv pwwj wwwwh ph x qqsvwjd qsvjd readfile regclosekey regopenkeyexa regqueryvalueexa regsetvalueexw shell32.dll shgetspecialfolderpathw sssph svhwh svwjd svwjd svwjd_ svwjd_3 svwt4 svjd s sendmessagea shellexecutew sleep software microsoft windows currentversion run user32.dll userprofile vwh y vh8s vh x wininet.dll ws2_32.dll windir xpvss xxxxxyxxxxxhttp://dril-quip.deltae.com.br/update.html x_ yyyyyxyyyyyhttp://inmarsat.crystalmark.co.uk/update.html yy_ yyw w yh z ytejd yu4ss h s _xcptfilter __cxxframehandler __dllonexit __getmainargs __p__commode __p__fmode __set_app_type __setusermatherr _acmdln _adjust_fdiv _controlfp _except_handler3 _exit _initterm _mbscmp _mbsnbcmp _mbsnbcpy _onexit _strnicmp .rdata application/octet-stream exec error fclose fopen fwrite getenv haaaaaaaaaaaaaaaaaaabaaaa https jd su letusgozrmmv1.1 mbstowcs memcpy memset setlocale sleep d sprintf strcat strcmp strcpy strlen strstr wcscat wcscmp wcscpy wcslen wcsrchr wcstombs,.text .rdata .data,kernel32.dll user32.dll advapi32.dll shell32.dll msvcrt.dll wininet.dll ws2_32.dll createfilea localalloc sleep createthread createmutexa copyfilew getfilesize createprocessa getenvironmentvariablew getshortpathnamew getstartupinfoa getmodulehandlea readfile localfree getlasterror getmodulefilenamew closehandle sendmessagea findwindowexa regqueryvalueexa regclosekey regsetvalueexw regopenkeyexa shgetspecialfolderpathw shellexecutew _controlfp _except_handler3 __set_app_type memset __cxxframehandler strlen sprintf memcpy strcpy strcat _mbsnbcpy _mbsnbcmp atol _mbscmp atoi fclose fwrite fopen strstr wcslen wcstombs setlocale wcscmp wcscat mbstowcs wcsrchr wcscpy getenv strcmp time free __dllonexit _onexit _exit _xcptfilter exit _acmdln __getmainargs _initterm __setusermatherr _adjust_fdiv __p__commode __p__fmode _strnicmp httpaddrequestheadersa httpopenrequesta httpendrequesta internetwritefile httpsendrequesta internetreadfile httpqueryinfoa internetattemptconnect internetclosehandle internetconnecta internetopena httpsendrequestexa gethostbyname inet_ntoa wsastartup gethostname .text .rdata .data this program cannot be run in dos mode. /yahoo 32770 s- s s inetinfo.exe s fxsst.dll s setup.exe allow --multi-parts-form-data-boundary .text 5brich yahoo ex yahoo sb u:f .data advapi32.dll accept: / bbbbbbbbbbbbbbbbabbbb closehandle content type content-disposition: form-data name s content-disposition: form-data name s filename s content-length: d content-type: s content-type: application/x-www-form-urlencoded content-type: multipart/form-data boundary --multi-parts-form-data-boundary copyfilew createfilea createmutexa createprocessa createthread findwindowexa getenvironmentvariablew getfilesize getlasterror getmodulefilenamew getmodulehandlea getshortpathnamew getstartupinfoa http/1.0 htjhuuj httpaddrequestheadersa httpendrequesta httpopenrequesta httpqueryinfoa httpsendrequesta httpsendrequestexa iphone8.5 host: s ip: s internetattemptconnect internetclosehandle internetconnecta internetopena internetreadfile internetwritefile kernel32.dll localalloc localfree msvcrt.dll netapi32.dll pphb pwwj wwwwv pwwj wwwwh ph x qqsvwjd qsvjd readfile regclosekey regopenkeyexa regqueryvalueexa regsetvalueexw shell32.dll shgetspecialfolderpathw sssph svhwh svwjd svwjd svwjd_ svwjd_3 svwt4 svjd s sendmessagea shellexecutew sleep software microsoft windows currentversion run user32.dll userprofile vwh y vh8s vh x wininet.dll ws2_32.dll windir xpvss xxxxxyxxxxxhttp://dril-quip.deltae.com.br/update.html x_ yyyyyxyyyyyhttp://inmarsat.crystalmark.co.uk/update.html yy_ yyw w yh z ytejd yu4ss h s _xcptfilter __cxxframehandler __dllonexit __getmainargs __p__commode __p__fmode __set_app_type __setusermatherr _acmdln _adjust_fdiv _controlfp _except_handler3 _exit _initterm _mbscmp _mbsnbcmp _mbsnbcpy _onexit _strnicmp .rdata application/octet-stream exec error fclose fopen fwrite getenv haaaaaaaaaaaaaaaaaaabaaaa https jd su letusgozrmmv1.1 mbstowcs memcpy memset setlocale sleep d sprintf strcat strcmp strcpy strlen strstr wcscat wcscmp wcscpy wcslen wcsrchr wcstombs,"sample NV99_C9C9DBF388A8D81D8CFB4D3FC05F8E4 header machine 332 subsystem 2 sections .text .rdata .data dlls KERNEL32.dll USER32.dll ADVAPI32.dll SHELL32.dll MSVCRT.dll WININET.dll WS2_32.dll imports CreateFileA LocalAlloc Sleep CreateThread CreateMutexA CopyFileW GetFileSize CreateProcessA GetEnvironmentVariableW GetShortPathNameW GetStartupInfoA GetModuleHandleA ReadFile LocalFree GetLastError GetModuleFileNameW CloseHandle SendMessageA FindWindowExA RegQueryValueExA RegCloseKey RegSetValueExW RegOpenKeyExA SHGetSpecialFolderPathW ShellExecuteW _controlfp _except_handler3 __set_app_type memset __CxxFrameHandler strlen sprintf memcpy strcpy strcat _mbsnbcpy _mbsnbcmp atol _mbscmp atoi fclose fwrite fopen strstr wcslen wcstombs setlocale wcscmp wcscat mbstowcs wcsrchr wcscpy getenv strcmp time free __dllonexit _onexit _exit _XcptFilter exit _acmdln __getmainargs _initterm __setusermatherr _adjust_fdiv __p__commode __p__fmode _strnicmp HttpAddRequestHeadersA HttpOpenRequestA HttpEndRequestA InternetWriteFile HttpSendRequestA InternetReadFile HttpQueryInfoA InternetAttemptConnect InternetCloseHandle InternetConnectA InternetOpenA HttpSendRequestExA gethostbyname inet_ntoa WSAStartup gethostname strings !This program cannot be run in DOS mode. ""></yahoo> #32770 %s-%s %s\INETINFO.EXE %s\fxssT.DLL %s\setup.exe &Allow --MULTI-PARTS-FORM-DATA-BOUNDARY .text 5bRich <yahoo ex="" <yahoo sb="" >""u:F @.data ADVAPI32.dll Accept: */* BBBBBBBBBBBBBBBBABBBB CloseHandle Content Type Content-Disposition: form-data; name=""%s"" Content-Disposition: form-data; name=""%s""; filename=""%s"" Content-Length: %d Content-Type: %s Content-Type: application/x-www-form-urlencoded Content-Type: multipart/form-data; boundary=--MULTI-PARTS-FORM-DATA-BOUNDARY CopyFileW CreateFileA CreateMutexA CreateProcessA CreateThread FindWindowExA GetEnvironmentVariableW GetFileSize GetLastError GetModuleFileNameW GetModuleHandleA GetShortPathNameW GetStartupInfoA HTTP/1.0 HtJHuUj HttpAddRequestHeadersA HttpEndRequestA HttpOpenRequestA HttpQueryInfoA HttpSendRequestA HttpSendRequestExA IPHONE8.5(host:%s,ip:%s) InternetAttemptConnect InternetCloseHandle InternetConnectA InternetOpenA InternetReadFile InternetWriteFile KERNEL32.dll LocalAlloc LocalFree MSVCRT.dll NETAPI32.dll PPhb""@ PWWj WWWWV PWWj WWWWh Ph<X@ QQSVWjd[ QSVjd ReadFile RegCloseKey RegOpenKeyExA RegQueryValueExA RegSetValueExW SHELL32.dll SHGetSpecialFolderPathW SSSPh SVHWH SVWjd[ SVWjd^ SVWjd_ SVWjd_3 SVWt4 SVjd[S SendMessageA ShellExecuteW Sleep Software\Microsoft\Windows\CurrentVersion\Run USER32.dll USERPROFILE VWh@Y@ Vh8S@ Vh@X@ WININET.dll WS2_32.dll WinDir XPVSS XXXXXYXXXXXhttp://dril-quip.deltae.com.br/update.html X_^[] YYYYYXYYYYYhttp://inmarsat.crystalmark.co.uk/update.html YY_^] YYw(W Yh@Z@ YtEjd Yu4SS ^h S@ _XcptFilter __CxxFrameHandler __dllonexit __getmainargs __p__commode __p__fmode __set_app_type __setusermatherr _acmdln _adjust_fdiv _controlfp _except_handler3 _exit _initterm _mbscmp _mbsnbcmp _mbsnbcpy _onexit _strnicmp `.rdata application/octet-stream exec error fclose fopen fwrite getenv hAAAAAAAAAAAAAAAAAAABAAAA https jd[Su letusgozrmmv1.1 mbstowcs memcpy memset setlocale sleep %d sprintf strcat strcmp strcpy strlen strstr wcscat wcscmp wcscpy wcslen wcsrchr wcstombs"
PL98_BD8B082B7711BC980252F988BB0CA936,344576,1,332,3,1319015949,8462,804624,268435456,2,0,6,0,344064,4096,458752,16,10,10,8,2475,3,3.618592685474695,7.896616123331578,114517.33333333333,268970.6666666667,"['ADVAPI32.dll', 'GDI32.dll', 'KERNEL32.DLL', 'MSVCRT.dll', 'NETAPI32.dll', 'ntdll.dll', 'USER32.dll', 'WS2_32.dll']","['RegSaveKeyA', 'BitBlt', 'LoadLibraryA', 'GetProcAddress', 'VirtualProtect', 'free', 'Netbios', 'atoi', 'GetDC', 'WSAGetLastError']","['! (Neg', '!""#$%&\'(D', '!""\\kN', '!#|Ol', '!%ETU', ""!'O!&"", '!,<:!', '!--B`', '!/aXUb', '!234r', '!3 5', '!3J+]<', '!5!A!I!O!', '!64P#S', '!8jsI', '!<Q<V', ""!@!'["", '!GAD@*', '!GpJj2G', '!HA(H*', '!HlD$', '!Pz0q', '!S*awo', '!This program cannot be run in DOS mode.', '!W0CA', '!XrOg', ""!a'h\\"", '!b=z&75', '!dSFP', '!ecEC', '!en?En', ""!gh '9"", '!hcK+dbF', '!hyWc', '!qH+*', '!tOK;jb', '!|J$#(', '!|c$b', '""!""%""+""1""9""K""O""', '""#$%&', '""#e!0FC', '""&\'iYu', '""&xV,*>', '""\'&CYyp', '""(V~\\ 8', '""/dZw2', '""1$4#e', '""1Hzvfy', '""9(hh', '"":m&]', '""L0LwO', '""Uj+P', '""V\'`\\', '""^N6V', '""_g#_', '""bxoL', '""j"" %', '""lbN.', '""o?bc', '""sp""^', '""zQRG_', '""ze 7N', '""~RUy', '#&7Ad', '#&_HtI', ""#'#)#/#3#5#E#Q#S#Y#c#k#"", '#((J,u', '#(,*~', '#(nj#%', '#4 o\\', '#?SL)G', '#@=,8', '#D)D;D?DEDKDQDSDYDeDoD', '#P!0},', '#R90`M', '#SMSib1L', '#WGUHC', '#`@+][]', '#bML""', '#hC`)', '#hkSJ\\', '#id3`', '#mCDT', '$!GGT', '$""u 0', '$$e0I', '$%&T*', '$)$=$A$C$M$', '$)%:x', '$+MU\\', '$+t+k(Z)FX', '$/ecEC_bc8', '$57 CM ?', '$5B$>H', '$62QS', '$8  .', '$>R$*(', '$?,O`&', '$L(AF', '$P(E""', '$QUKH', '$TUIQ', '$TUUU', '$URPk', '$USPtm', '$U^BH', '$V6~Y0', '$VS1<', '$W]0x%(', '$Y,tl/', '$ZRQ$/', '$a0"",}2B&.', '$i2uH', '$oO!h-h9A', '$pMZ:E', '$w<`&3', '$||]<', ""%'%1%=%C%K%O"", '%( <|N', '%(_p_', '%-)Ha', '%.*,dw', '%.m5#', '%2C.%8', '%64O22P', '%6Ps', '%=O;P', '%BpxbWQ$', '%CGfn.c', '%GxG;', '%J#mct]!uI', '%QPKC$', '%`3s %', '%`Ac#W', '%`L!Q[', '%d Bs', '%t}?]$', '%w~512z *3', ""&'&)&5&;&?&K&S&Y&e,"", '&( &7$\\', '&*uw', '&0)q%jF9@w', '&0rr:', '&1IPV', '&1\\5#', ""&;O6'"", '&>1;y', ""&>A0]K^'u&"", ""&@'kd"", '&E2Xa', '&EVP_MAX', '&Lj3R}E', ""&N''i+"", '&R&""@', '&RU3tI', '&T0I9', '&Tcb!', '&YT||', '&\\fu)F', '&^X8w,', '&b]vCN', '&cdP.]', '&dH.(', '&i&o&{&', '&nx!tw', '&p\\0{""_', '&u-m(', ""'$/hG"", ""'%xG-"", ""'((*)"", ""'()*+,<"", ""'.x400"", ""'5'7'"", ""'522vB."", ""'7663"", ""'9 !|"", ""'9~Qx"", ""'< (^6"", ""'@E5u"", ""'A6~<EMPTY"", ""'DkO,"", ""'FIXED"", ""'H%'F\\"", ""'J4B&"", ""'List"", ""'O-[,MJ"", ""'PJ-X"", ""'S7yL"", ""'SlP!"", ""'aWa_"", ""'i|L<"", ""'t!Id"", ""'wH32'"", '( .0Q', '(!(1(=(?(I(', '(!PEs', '(%Py7', ""('It$_"", '() TF', '()SPj', '(*|,D).', '(,t#-t', ""(0'yX"", '(>(5$', '(@VlL`+M', '(D""1a', '(E)3', '(JP/C,', '(LMN)y', '(M1?T', '(PRQE0', '(PX)o1`', '(V,|2h', '(X/&&B_', '(ZdOt', '(\\$FNm', '(aciu', '(eNQf', '(ea%x,""', '(fS{ggRcjh', '(hyb', ""(n<`h\\N.'R@DDr9"", '(o~>=', '(rXWc)L@]>', '(t-objec', '(wMww', '(|]|]', "")'ymU0"", ')*+,-./', ')+-vZ', ')+[}$', '),L,l}', ')0h!2', ')4u7=F', ')?)G)])e)i)o)u', ')@BKko', ')E\\\\*=', ')FWm(7t', ')HDaX$3', ')Jt@U', ')M`t_', ')UrzV', ')VV;f', ')^`Ww4', ')ake;', ')mp64', ')n9I""', ')w&z+', '*$&q""', '*%*/*O*U*_*e*k*m*s*', '*(9Z3', '*.H*iaG*""$<B', '*.M@$h|-', '*/ywdZw', '*0-PG', '*1Pw@L', '*4P>8', '*>Qt2', '*I,?jE', '*P<Jp', '*[FB=', '*lDkpQ', '*laM-\\SO', '*q`_/', '*u7)R6&', '+-8w8', '+3@YAXP', '+<>!,', '+<ZnP', '+?cw[y', '+GI=9', '+K+O+U+i+m+o+{+', '+P?@,', '+TA\\S-excl', '+V,U.', '+WPQU', '+bHP{', '+coc`', '+lp4gt2', '+t@/^', '+u;vR|u', '+zI0A', '+~??A', ', ,ME', ', CRYPTOGAMS', ', [uC)', ',""J_n', ',#,/,5,9,A,W,Y,i,w', ',%Kn>^F', ',(QUPW\\8', ',---/', ',/8[P', ',2&Mmh7u', ',;}jt', ',?T72', ',D.&)', ',FHcM$', ',KLYCK', ',NdAm', ',PWW1', ',Pc. PKCS', ',Wh^do', ',Wl:8\\', ',X1uD-', ',X\\ *[{w', ',\\(@ble}', ',]G@', ',^J$[', ',b%7|h<$+', ',i.,U', ',jw4c', ',m-d.vX', ',pKx&', ',vbdl', '- /}', '-=uGd', '-?0(v$', '-Ccon', '-MtE3""3', '-Wiu5', '-byMQ', '-jU@ta', '-kKv.b', '-o21g', '-s/iV', '-uGjX', ""-v3'oid"", '-wsg-^m<j', '-|]}', '-}%^Ju', '. V0P', '.#DY<S', '.%.-.3.7.9.?.W.[.o.y', '.-+_C', '.7d\\Y', '.8)Al:', '.BjQH;', '.C_%i', '.QCrh', '.T_p%', '.`BQx', '.dlh,N', '.oJa{', '.pp@0', '/ $(,4M3!048<', '/!A[,,@', ""/'/)/A/E/K/M/Q/W/o/u/}/"", '/(zzu{', '/)s!t^', '/12c2tnb4', '/2w2m', '/8TWQ', '/8nJx', '/9=9A9M9[9k9y9}9', '/@vD9', ""/A_@a'"", ""/Guu'"", '/I8?.(', '/IKE/|&Z_', '/Mgje', '/PWQV', '/R>-Hl`', '/T Lo@', '/VS-_^A', '/`H5m', '/cfCFk', '/d<m`', '/dZw2', '/dZw2%', '/dZw2k', '/envOn', '/gJ>SP', '/h3#S', '/ji-`""', ""/jwu'"", '/kov/', '/l60P', '/oO;l', '/x x0COg', '/y)WbK', '0$R25', '0*V]P', '00K+aQ', '01SnRS!', '03Ajqj', '070;0U0Y0[0g0q0y0}0', '075%.-', '0;/h2', '0;|!A', '0<]T~', '0B.yC[h', '0Kmt(a#Y', '0N$-~ME', '0QR36', '0R=`=', '0UpB%', '0ZCR<]', '0^mus', '0^yWI', '0bb\\1', '0m#Cx4', '0pu00oG', '0r!o+', '0t""2u', '0tX(/', '0wtyo,', '0y8x&', '1!_oB', '11udX', '13!%=', '16Hbtn5h', '16y?d', '18y+_L', '19228', '1A26b', '1G%j(', '1GK9unU', '1K;aLb', '1Ku$!1', '1Ni""W', '1Rga7', '1W_Y`k', '1jh0d', '1l;~,tb', '1p""1x', '1wsHp', '1y/8cM', '2)252Y2]2c2k2o2u2w2{2', '2222r', '23456', '23456789ABC', '242Dt', '256128', '27239@>', '27wEl}', '28147-89G K', '2828B', '2<A*F', '2<ZhFW%o', '2@G^SP', '2M$HQ', '2N-4/3 zM', '2Qr8<', '2Ra|`4B', '2S+aa', '2SWqWj', '2[BCE', '2`Q !$C`', '2bBis', '2gtW+', '2ptZ#\\E', '2r%4<', '2rhj v', '2setSnw', '2w8A=', '2}!%F', '3 G M Q _', '3%d3/', '3-sha1', '3.TLSv1', '37#}6KRBW', '37t*5Q', '38?38', '3:PGB_X@', '3<-[N', '3?j?=', '3@lt|', '3AuH@y)f', '3QbV,t', '3[3_3g3k3s', '3\\74:', '3_pk[', '3e/tu', '3n|T$$', '3xiM0y', '3|2u{', '3|rN>', '3}5|l', '3~??` \\\\', '4(K:)', '4.0', '4/0123', ""40('%"", '41 ?PG', ""42-'"", '474E4U4W4c4i', '48<dh', '494 wd )', ""4M#$%&'(4M"", '4MMEMu', '4MhQ0UR:', '4Oe2lVZIp', '4OwS\\', '4Qb6p#', '4S:/s,', '4T""4@', '4UKD)', '4VVh_W', '4W5[)(M', '4X,P8@', '4c`gz', '4h$muh', '4hDT9', '4j[""K', '4|WV9', '5"".[?', '5($TUBn', '5-2005 Jean-loup Gailly', '5.jT\\z0', '5/dZw2A', '54BJm', '571r1', '58)@.[2P', '58W=s', '5;5A5Q5e5o5q5w5{5}5', '5?rr2', '5BS,^', '5D 1}', '5Ju P', '5VRP3', '5e@LH', '5iwRk', '5mC{&', '5ql<C', '5}i>(', '6(tb)t-', '6.^`', ""6/'w2"", '60@<A(n', '60r2/G,', '6654/85-<-@', '6:D=*Ih', '6;6M6O6S6Y6a6k6m6', '6M0UQ', '6N\\84,', '6XtL#0|', '6_""vC', '6d hli #Pm', '6dLg3', '6edRar', '6hGmX', '6hN3vX[', '6i`(4', '6mm3r', ""6sl'%"", '6tpD4', '6x33O', ""6{6E'"", '6}j-f', '7 #pIoS\\', '7 Oakley', '7!K_^bQ', '7$Aa!', '7%4Qz', '7%Wj=', '7/~ /', '71u&]7U', '72&))**', '730t h', '76""50', '7788;;==>>@^EEFFII', '789:;<<', '7>L%L', '7?7E7I7', '7?nL""Y#Q', '7@<=t', '7BKP2', '7CP5O', '7CghV', '7Dc-P', '7JRSV', '7Q~+:', '7R*[\\V', '7T,RS/)', '7X]/2', '7^D`c', '7^tK9', '7`0L=', '7aXin', '7m_(2', '7poS !=', '7uM|U', ""7v4'L"", '7x_F%', '7ygXy', '7|ro)', '8!83858A8G8K8S8W8_8e8o8q8}8', '8&C80j<', '8&N,$Q)A', '8)c7A', '8)gaD)2', '83w$NAL', '88^Ao', '8<@2JD@l', '8?_Wm', '8J(<A|', '8JZINIa', '8Kuxh(', '8PGm!', '8QWc@', '8V/-0', '8VGv@', '8WPw4', '8Ws', '8]6.vt$', '8^HXr', '8_jAYX', '8`/q?bs', '8iLA4', '8ij!SD', '8ijZ1', '8t[;0', '8uCC5-', '8vW~%G', '9""!?C', '9#9%9)9', '9%[\\/', '908191', '91C1E1K1]1a1g1m1s1', '9?EKQ', '9@sjAES""', '9Exte7s', '9F\\]i', '9G&jQ', '9L25ka5', '9S%K0h', '9US?8', '9V8tE', '9YDun_GA', '9[Y=:P', '9^$uD(@8', '9_*#6', ""9dcG'"", '9l<v{h', '9ljpj', '9muag]', '9n9l8l2I', '9tS9/t=', '9u{u$g', '9wDR6', '9{>_(', '9|<v5', '9|oC7', '9}wI!3', ':%08lX', "":':+:1:"", ':8@Iu', ':?_XA?', ':@DjB', ':HV]J', ':H_Cxx', ':JIVv', ':N/5g!|', ':c|w{', ':tFpRI', ':x0or', ':|EC|', ':}X\\3', ';%:W4', ';%W$8', ';3*RN', ';6Full', ';8?+2*^', ';9;E;S;Y;_;q', ';;UGoR', ';=(i4', ';=T9XD', ';=~th', ';>i[P', "";?' )"", ';@#u%)', ';@/J&', ';EAfY6K', ';Hz$5', ';PS,!', ';S6V0', ';Sf:L', ';d22VtW^y', ';hDubU', ';jAj|', ';u%HE', "";}z '"", '< !""FG', '<%4gSr', '<&C_t', '<)<5<C<O<S<[<e<k<q', '<-./01', '<7Hv/', '<<zLE8', '<=>?@A', '<@;EF', '<D,@$', '<MNOPQ', ""<PQ*'"", '<P~3X', '<URLuL', '<VM|sb', '<]60L_E IG$n', '<api\\', '<cSVAaL', '<d6AUzJ', '<g6$cs77e', '<jz[QH', '<p=T><r', '<t|*%', '<vURD', '<x{FK', '=!=-=3=7=?=C=o=s=u=y={=', '=##Z0-', '=)<tC', '=)> %2<', '=.`m.7', '=/yw2', '=0&Vn', '=24p1Q', '=3,e04""', '=4q~D%C', '=6F6,#', '=:""0', '=;heQ', '=D>@3', '=DsWcle', '=L8q(', '=Mt@H', '=Slk+', '=TxF', '=XwaQ', '=^/E7', '=bWR-', '=bW~(U', '=cd94H', '=hc<Z', '=i4RS', '=q\\pAA', '=vC^=', '=z4(d', '>', '>#>)>/', '>$UQVk', '>%3=\\', '>/ 5p', '>1p%p|;', '>2p7VU[tf', '>3>A>W>c>e>w>', '>8$4^y', '>Aj~w', '>C20XC0f', '>DC&c', '>J1Dt', '>PAj@', '>Q&@u(', '>QUAL', '>Size', "">S}S'"", '>WcAV', '>YUdBp^', '>\\ch/', '>_SERVICEL', '>c2Ap', '>eFG)f', '>eT-l', '>hFp)', '>hc}R', '>hy/g[', '>j}Qj3', '>tNWW', '>zpgG', '? $58', '? _two', '?""bLS:g@=f_', '?%qTPQiQ,', ""?'Add"", '?(@ A', '?1 0C', '?8WVE', '?8qmc', '?8xGJI', '?@PS#!#', '?A?Y?', '?H,MQ>', '?I(RY7', '?O]$W81', '?O~#h', '?S-P<x', ""?S[#E|K]'?"", '?Vl`', '?botLipC', '?s=""qJB', '?smHhp', '?uCZ', '?w:;`', '@ &kp', '@ +///@(@0@8', '@!@%@+@1@?@C@E@]@a@g@m@', '@#-e4', '@,d.+', '@/.;2', '@1P283', '@2mIop', '@8@W2j', '@;@DtCD', '@<G@8', '@>L${-8', '@?m/1', '@@p0_L', '@B<RP:', '@B?_(Cpd', '@LFzH+', '@VTPR_', '@^- @E', '@^5mC;mH~', '@g!C_', '@h/-d', '@lm:&', '@nlQSR', '@t@Dt;;', '@tkS{^', '@|wF7', '@|x)9V', '@}*;|', 'A FCg', 'A!{,`GHi', 'A""F@;Tr', 'A)c -', 'A2VPD', 'A3K@bj""{4', 'A42+""', 'A9@;?', 'A;2$v', 'A<18[D', 'A<Y $', 'A?t6VW', 'AACVJ', 'AAXm]qtTt>p', 'AB!N""', 'ADV?G2', 'ADVAPI32.dll', ""AH-[4'6"", 'AJ]Q:', 'AKcN5(', 'AKd,!/', 'ALL:!', 'ALOER', 'AN*wB', 'ASd|""B', 'AUQY`', 'AW8^!', 'AYAeAkAwA{A', 'A[A1OB', 'A_LNO', 'Ai)&%', 'Ajm1B', 'Alaa7', 'AtYes', 'Au4Enc', 'AvENE', 'Avzv', 'A|$}T', 'A|rjx', 'B!!c', 'B!+L~Q', 'B#B)B/BCBSBUB', 'B#X%O', 'B%_|_', 'B&vQc', ""B'8/1"", 'B*T~$', 'B-1WA@[', 'B.W/W""J', 'B3XWd', 'B4uAWE', 'B5+d`', 'B8/@H9', 'B9-XS', 'B95($', 'B9^H]_', 'B:QSm_u#', 'B@@u)', 'BAG>q', ""BAGS'"", 'BAT""x', 'BAZ*J', 'BCDEF', 'BDiges4', 'BFhT%', 'BFxd!', 'BGFHL', 'BHbGW', 'BLG^dfos', ""BO'.ft"", ""BO/'X"", 'BP,:1', 'BQgHPc', 'BQo0S', 'B]\\per', 'Bb{ $N#uq', 'BitBlt', 'BqPIUn`', 'Bt10""', 'C T:eA', ""C q'O"", ""C%C'C3C7C9COCWCiC"", 'C&(,g', 'C&JSQ', 'C*CY_p', 'C/ Of', 'C7{H5', 'C:K3w', 'C<e7(', 'CCZ6~', 'CGHPQ', 'CIPHE', 'COMPLE', 'CPSQwI', 'CPso', 'C]jAh', 'Ccmp.c', 'CdBX@r+', 'CiH/ C', 'Cl3Vw', 'ClSNu', 'CrlID', ""Css'cmQ`Q"", 'Ct%$h', 'C|jwF', 'D""""fT**^y', 'D#H5L', 'D+lPQ', 'D-{X&J7D', 'D/Qw2', 'D233B', 'D7(4J', 'D=Vj', 'DBsE&', ""DC'nma"", 'DC]Ai', 'DEm.I', 'DFP`i{', 'DFvat', 'DH@WS', 'DIhcQ', 'DJ$nX', 'DK^DS!', 'DP.NH', 'DQ;@OL', 'DRSS?', 'DV/i#', 'DW3W{n', 'DZ@(s', 'D_FE', ""DaQF'$"", 'Diq!P', 'Dp_:I_', 'E$""$650', 'E(<W0', 'E)0la', 'E+8EA', 'E/IP 7', 'E/xS2', 'EB&F5^', 'EDGWH^', 'EH?c;', 'EHjIb4', 'EHugp)', 'EK2~`eu', 'EN CU', 'EOWSU', 'EPQU!', 'EPRPPD', 'ERG@A', 'ERROR>>', 'ETjVd', 'EUEaEwE}E', 'EWulLM_[bYE<', 'EXPORT56/', ""Ea5Y'"", 'EalqHome', 'EgY`M', 'El2V0', 'Eo_[R', 'EwpQj', 'F"":0xQH', 'F%""0s7', ""F'SBd"", 'F)ftol', 'F/yxF', 'F0nzw?l', 'F1n^0', 'F2{jdcj', 'F4^Iwt&f', 'F8-:%', ""FA2T'ARF2"", 'FAQ, http://w', 'FATAL', 'FB/oOr', 'FBOOLEPOT', 'FC).c', 'FD@/cV', 'FH#tQ', 'FHTG(', 'FI2QQV', 'FORMAT', 'FP8 ?:', 'FRX j', 'FV|FgUV', 'F_:*:', 'Feb&a', 'Ffc822', 'Fh0%)', 'FhT_H', 'FjGJ]', 'Fk?hGx', 'Fl./.', 'FnYEdd', 'FukmO', 'F|ggt:', 'F}QURm#', 'F~(""1p', 'G$kK\\$', 'G&ph', ""G)7$'u"", 'G*NXHk', ""G,'6%"", 'G0gQV', 'G2(?$', 'G27_0', 'G48hl', 'G4q 4;', 'G8PO5[', 'G=YLk]e', 'GDI32.dll', 'GHIJKL<', 'GHIJKLMNO', 'GHIJKLy', 'GKjZ7', 'GOST89MAow', 'GPQlM)', 'GRFn[', 'GT?F(', 'GV507', 'GW571#', 'GWYcap', 'GetDC', 'GetProcAddress', 'GhyDMAS', 'GjjuTP', 'Gk?6\\ired/', ""Gmd'vn,5"", 'GrHsV', ""Gspk'"", 'Gwdmq1', 'G{(<@', 'G~.R)', 'H 7%#I', 'H!unZ', 'H#$%I', 'H$(H&', 'H)Nfu', 'H*0""DW', 'H.#TG', ""H/qu'"", 'H0w?G', 'H8QB%twm?""', 'H9qv$', 'H<Jl3', 'HA9a_', 'HBvT+', 'HMa|j', 'HSPb]', 'HSm8PH', 'HT<%8', 'HTGh(', 'HWUt""', 'H]UW(', 'H`5@|50', ""Hhh('"", 'HintglNjj', 'HjTivm', 'Hkge5', 'HlPAn(', 'HuZsMh^', 'Hv~LH', 'H}OKL', 'I$nB?P', 'I, 5[ h@', 'I.3|.2', 'I.d .', 'I7\\pA', 'I9][r', 'I>#hC', 'IA5SLlSy-', 'IN&{(z', 'IPhTA0', 'IQ\\.', 'IVu[MT', 'IiGM>nw', 'IjINo', 'J!P7Q', 'J%%o\\..r8', 'J(jL$', 'J-0ot', 'J<Y!p', 'J=P-4N', 'JBUPU%', 'JFR""P', 'JNQMu', 'JO7D$', 'JO>-ISO', 'JP{EnMk', 'JT .Md', 'JV5t|', 'JX!X|hN3v/', 'JZ=%d,', 'JZH@$(', 'JhgI4', ""JqSQ)'W\\j"", 'Jun L1', 'Jx)Mmya', 'J~""P%', 'J~_MD_', 'K P\\w', 'K.P|U', 'K.dH4', 'K4K[Q', 'K8NFO', 'K:Q:[:c:g:m:y:', 'KERNEL32.DLL', 'KH++u+', 'KL$:%', 'KOgap', 'KR8Lr', 'KVW);', 'KV{,#', 'Kgp]P', 'Kh}1%(', 'KiT$0R', 'KjH5EOI 6X', 'Kn/XR', 'Kz(]F', 'K~AlNNhml', 'L HBh', 'L aD h', 'L!k4?', 'L$EjV,', 'L&&jl66Z', 'L(/iD', 'L+5I', 'L,h A4', 'L4$Ht', 'L90tV{', 'L9h(l', 'L<.z=', 'L<DR&p', 'L?(tKJ', 'LEFu#h', 'LGH,!Y', 'LJxAe', 'LMDRo', 'LQG0^', 'Lbh<;b[l', 'LkM=q', 'LkPQ0X', 'Ll-""L', 'LoU0qb', 'LoadLibraryA', 'Lu)o*CS', 'LvBD;', 'L|${w', 'L|J$BQ', 'M 00I&""', 'M >,Ae~', 'M$HKP%T', 'M%&cw#|', ""M'S'U'_'k'm's'w'"", 'M9@ n@', 'M;CardO{', 'M;VSU#.""', 'M=4cB', 'M=yu0', 'MB_N=', 'MGsEy,', 'MH<2I', 'MIME MHG?[xO#G500U', 'MSVCRT.dll', 'MT%%+', 'MZXc*', 'M]?pI', 'MadlOQ', 'MeZb<', ""Mg'dD"", 'Mgdo&', 'MjdR,', 'Mld?e-g', 'Multiplica', 'Mwbwf', 'MyV5,', 'N!;(zH[', 'N$8BA', ""N$_B'"", 'N(dde', 'N/dZw2', 'N=`tA', ""N?'*Vr"", 'NBV<3F', 'NETAPI32.dll', 'NGINE', 'NHOx4', 'NHj Q', 'NIST/S', 'NNia32V', 'NPGIM', 'NP_xa', 'NVS4~H(', 'NX!2)`', 'N\\%02X', 'N^G11', 'N`QVj', 'Nct$s', 'Netbios', 'Nljwl', 'Nrd/w', 'Nsuy v', 'NvE}{', 'Nw0HL', 'O ALQ', 'O!C/{', 'O#{tGj', ""O'O28"", 'O*9y]', 'O/0PQ', 'O7ANOn', 'O7]7a7u7', 'OBJBU', 'ODn@o+', 'OGXQR+bSv.', 'OHtaA', 'OP3Xh', 'OQQRRTTWWXX[[]', 'ORGW', 'OT&_{', ""OT'd@F"", 'O_X5 Q', 'O`Wgc', 'Oa<4N^]', 'Oe|T1_', 'Ohjn@', 'OtwWGtj', 'OuMl:', 'OxXhe', 'OyphR', 'P!,y(', 'P!b`&', 'P!z5v', 'P$TUIU', ""P'a\\V"", 'P.}VT', 'P2QR', 'P3$<)5', 'P5POh', 'P80!e', 'P8:8:', 'P9;,[0', 'P@_`0', 'PE""1.-)xI', 'PKX12', 'PMUA3', ""PNCE)'KD"", 'POLIC', 'PQQc}S', 'PR*E;p', 'PSuQ}@', 'PU7>v', 'PU?>)', 'PUTUI', 'PV1bP', 'PV9^Y', 'PZ(`1', 'Pep^n', 'Pft&l', 'PpA$J', 'Pu<T4', 'Pw""D%b', 'Pw?uV2', 'PyA=}', 'P}&RV', 'P}`6q!D8eT:', 'Q!-jLP', 'Q&V~y', 'Q([(](a(g(u(', 'Q-lh', 'Q/xtJ2', 'Q1nN(AG', 'Q4hD@;', 'Q6N0X', 'Q7jy9l', 'Q9?(`', 'Q@8La', ""Q@c'R"", 'QA ~D', 'QHThR', 'QIjAh', 'QO\'`""', 'QO_D@', 'QPW1w', 'QRPi~}', 'QRU9;l', 'QR].p', 'QR}SUU}Dg', 'QS+]u*h', 'QSUy``', 'QUPP=5U', 'QUgS', 'QV- 6', 'QZ^&9', 'Q[XrH', 'Q_xp9^l', 'QjKXu', 'Qkkbal', 'Qq<f0aTLCo', 'QvTVW)', 'QxYBJ', 'R 3410', 'R""Q$6', 'R#,xp', 'R&S)?', ""R'-v!"", 'R+lP!', 'R.""t\\', 'R1h58', 'R3UOC', 'R=Gik', 'RA 1|', 'RAND?]', 'RDNS7YB', 'RF##e', 'RFBH;', 'RG172', 'RGs4z', 'RI7w`', 'RJkm^]', 'RKjr>', 'RP-O,', 'RP; (', 'RQ- >$', 'RQDg#', 'RSTUV[', 'RUg\\a', 'RW3$=_^', 'Re(m?KD`', 'Re?9:', 'RegSaveKeyA', 'Ri|J=', 'RmO@!', 'RunI[YW[0TayOP', 'RundllInstall', 'RundllUninstall', 'Rz*H\\7', 'R|;g>', 'R}]?L', 'S  Rk', 'S#2\\d', 'S#OA.J!', 'S%R4^', ""S'QtE"", 'S- Lo', ""S1-'Q"", 'S=+X<', 'SETgv', 'SEgBytes', 'SHA1 bloc', 'SLL""@', 'SP$|=_F', 'SPQ}(`', 'SPWt:', 'SPm>h)', 'SQRQF', 'SRUt', 'SS6D#Xk', 'SSL\\0', 'STOP66.228.1:8&>D', 'SW5WW', 'SXNe<', 'SXXjT', 'S^Frp', 'SbcBC', 'ServiceInstall', 'ServiceMain', ""Sh'g|'"", 'Sj6!', 'Smf[ r.', 'SqhK#', 'SrecECec', 'Sx%,If', 'Sx\\UW', 'S{Cwl', 'T!\\:D', 'T$ ])S,', 'T$}cb', 'T*\\\\,', 'T,T?NP,', 'T8F$S', 'T90!b!;', 'T@hPRIV', 'TBl)8', 'THx#@zW', 'TOxhG', 'TS,TUSO.nmw', 'TWARE\\', 'TY(FO_ACCEt', 'T_d[Ku', 'TcD0E', 'Tet-=', 'TfAGS', 'Thumb', 'Tji?Y', 'TnyhJ', 'ToWW:', 'TrH_8P', 'TsF]/', 'Tw_R%', 'U F$(', 'U)l:T', 'U*hndP', 'U+qPt', 'U/lw2', 'U/y8j', 'U5!}Z9m', 'U7#X[', 'U7E<*', 'U=q=<d', 'UAE@XZi', 'UIV_L(!', 'UNIVJAL+', 'UNKNOWN', 'USER32.dll', 'USWqzg', 'UX@xC', 'U[ppma', 'U_*h*', 'Uhw5W', 'Ui0!(0', 'Umjsj', 'UnServiceInstall', 'Uni?OU7!', 'UrlGBA', 'Ut2c0', 'Uu8JxQM', 'UuT{c', 'V +Yx', 'V!DwI', 'V!wzV', 'V$YY5@D%', 'V%]YW%', ""V'tKr"", 'V/e`*', 'V5pj7', 'V7`<F/', 'VC$&pOe', 'VJK/H', 'VK8>O', ""VN4'd"", 'VOGOcb', 'VP5,q', 'VPN""v', 'VPiYLHj0', 'VP{L$', 'VQU//t', 'VQet""S', 'VRPYhVO', 'VRxvM', 'VSu17', 'VUPWWW', 'VWKPl', 'VYodYn', 'VZ$D/', 'V_:J:', 'V`[_X', 'VcIi.', 'Vg3LE', 'VgguZo', 'Vi\\nUWT0', 'VirtualProtect', 'Vnume/', 'Vo@,*', ""Vs'n!G"", 'Vu!@h', 'W""-F3', ""W'[*L"", ""W'\\sG'"", 'W)I{J', 'W,UWQP', 'W,bSV', 'W00<.', 'W512SC', 'W5zBh', 'W>pA/', 'W>{*z', 'WFtah', 'WIB+tV+', 'WIN32', 'WMEDIUMLOW', 'WMa""S', 'WQh N', 'WRuq0X', 'WS2_32.dll', 'WSQCJ', 'WSUBT', 'WSYBh', 'WT)hm', 'WUimX', 'WV8.up', 'WVPQ{', 'WVu53', 'WWatDKUWU', 'WXYZ?', 'WZs eVh', 'W\\$ E', 'W]ciou', 'W^n77Y', ""W^y6-9'"", 'W^y^//q', 'W`FEV0', 'W`UQW)V', 'WdUH3', 'WecECXr', 'Wf9Ff', 'Wg$rs', 'WhCyC`', 'Wi|RS', 'Wjt1t', 'Wp!);h', 'Wqx-m', ""WrBSC?PS'"", 'Ws/W&k', 'WtuW S', 'X && K', 'X!1Zz@', 'X!;3;', 'X(eay0', 'X(n""torgU', 'X)9vMh', 'X,+_-', 'X,,t4', 'X/cctgH', 'X1Ica', 'X2Z*\\', 'X4lf8|sW', 'X509V3', 'X6xrlpoo^', 'X7h1UUV#', 'X7hvU', 'X9.6', 'X9_62_C', 'X:W^y', 'X=YE6', 'XAGARqP', 'XBU84@', 'XCvru_>Db', ""XE'qXL"", 'XE4=!', 'XEN0', 'XI3Dh', 'XOD$0@b', 'XP@?)', 'XP@?@', 'XPTPSW', 'XRQk!', 'XTWP,TABLE', 'XU_/Seq', ""XW'ro"", ""XW=?'"", 'XYZwghijk#', 'X`HUF', 'Xc`uOfxe', 'Xf8PE', 'Xl(h_K', 'Xqa &', 'Xti//', 'XxG2Q', ""Y }1'"", 'Y![!_!s!}!', 'Y% <|', 'Y(06eCT;', 'Y(_Ht', 'Y,7!{i', 'Y4piGTJpi', 'Y9~`b)~', 'YB@`3', 'YBP<""', 'Yb +F', 'Yb6N4', 'Yr*6&#N', 'YsNJsI/', 'YwSic', 'Y{Ep}', ""Z'6uV"", 'Z0u/!Q', 'Z3`Ja', 'Z7ERI', 'ZE4BF>!', 'ZPw*ytW', 'ZQ/m$Wtv', 'Z\\8(H$', 'Zmw&m', 'Zt)%Y', 'Ztn(%', 'ZwdZ3/', 'ZwdZ?/', ""[-&LMb#{'"", '[37_PN`', '[BaBsB}B', '[Ny\\ym', '[RGW /', '[TTK0', '[TtN"",d%', '[WxDRM@q', '[YH#U3', '[[%sD', '[n1]%', '[na$qu(', '[pRI21-WOsc', '[r2F&', '[t0_<', '[{x3y_', '[|SPSSV0', '\\#tf[', ""\\'/spp"", '\\.i>)', '\\0ylW', '\\<c-two-b7_.', '\\B*C)1', '\\BHP?', '\\FqP:', '\\H!Fk', '\\H=,x', '\\LPj@', '\\M=X_2N^', '\\V.lb', '\\W`P`-I', '\\hH@8', '\\hQ3k`', '\\m0?448', ""\\r,'pL"", '\\r~94', '\\w^:l', '\\}dVV', '] >=', '] H;IS', ']$&Qig', ']5[_^', ']:(EH', ']:uvvyyzz||', ']=,cl', ']>Ytk', ']@h&,T', ']AO4|XA', ']FD\\t{R$6`', ""]M'0H"", ']Oob*M', '][AH,', ']^^aabbddgghhkkmmnn', ']_^w8', ']i+(h', ']x QakA', ']xwC!', '^%gYug', '^,drans', '^-/88wc', '^3B%ik', '^4*Y9(', '^8I\\5', '^<Cxs', '^Ma5jL', '^N8N', '^QSAZXHK', '^RB#D"")h', '^U;Ou', '^VRe`', '^_Ttj', ""^h'8M"", '^h4!A9n', '^i!<RG@', '^llIcm', '^nXP\\kU*', '^oEZ_', '^t[WJ', '^|j(j', '^~P(q', '_ a cH', '_""B#M', '_$g$k$y$}$', ""_'B$U"", ""_'_)W+"", '_((aC', '_)VV&@#', '_+y+_h', '_,Bl""', '_/dZw2', '_16!6', '_2_smp', '_3_3F', '_40Bitl7', '_40Irc', '_4al]', '_?e?g?y?}?', '_BUj^', '_BYTES?', '_CPSOcp', '_CRLI', '_LSQY', '_NCTL', '_OyH<r', '_X50,?', '_[D68x', '_^W8`z`H', '_^a0', '_^a1*Et', '_^fap', ""_^j'(H_t("", '___ag', '__dZw', '_fdiT', '_h]^kid', '_k(BM', '_kGtB', '_lib.', '_msUPNWSV', '_nis', '_p\\M=', '_utlNCv', '`.u:48HI', '`/<!]', '`/Xw2', '`0&6C', '`3NUR', '`7$$?', '`7NVWU{', '`EpMH', '`Gd\\""', '`KTS\\', '`LMsX', '`SY.9', '`]% ~', '`^]?i', '`bPP@', '`cC#(', '`cgR{e[K', '`dub`D', '`eKap', '`h+~%', '`h:#h;', '`h:1D', '`iZpJ', '`n`O W', '`tD]2', '`tmp)o', '`vOP_', ""`z0?m4u'"", '`{;@ng', 'a""\'GA', 'a#*CS', 'a%Fh4', 'a+3WL40', 'a,)4fi', 'a-/H^', 'a8DL|h', 'a8|rRQC', 'aD:W', 'aFG:)', 'aVYPe', 'aX$]R', 'aXJQN', 'a[CgVXO', 'acyD-', 'adZ8/9', 'aeppk1""', 'ah.u2L', 'allw,', 'am@Rj-', 'apgap_', 'arNEG', 'are!Z', 'asP#V', 'aybSr', 'b""sVPH', 'b%F(9cl', 'b) Ty', ""b+'+1+3+=+?"", 'b11S*', 'b?Okx', 'bBdQU', 'bJHE()H', 'bV}TS', 'bXG1[', ""b`t)'"", 'bfqBFi', 'bl|no', 'bsResponseD\\', 'btmcf', 'bw-4W', 'bw?!#', 'b|e)8', 'c f w }', 'c tRQy', 'c!^lh', 'c""g""s""u""', 'c#""OeL', 'c6~gn', 'c8h]Q', 'c@m~4', 'cA!:y2', 'cA.""<&`', 'cAMDu;', 'cCecEC8', 'cFKHX0', 'cGO m', 'cMK C`', 'cQ-t%', 'c_ws`', 'ccO.d', ""ci ''"", 'ciph.', 'cj%<f', 'cmxa+', 'com7G', 'curv_', 'cv`:qE', 'cveOi1%jh', 'cw7en', 'cz*Ah', 'd$%DH', ""d'/aX"", 'd-1XX', 'd.0d!', 'd/-93', ""d/du'"", 'd5%%', 'd6(dq`', 'dBRQa', 'dD,<3', 'dLrk~k', 'dVODL6', 'dZF/a', 'dZW/t', 'dZb/^', 'dZi/q', 'd[pcP', ""dd@f'\\"", 'deflate 1.2.3 Copyright', 'deltaR', 'dj=0|', 'dlogV', 'dmfDMF', 'dnY5~', 'dnop;T', 'doapr()', 'ducedAt/', 'dx>T:', 'd|>60qjB', 'd~>D6S.', 'e32jxo<', 'e<Qo', 'eJ!Mti', ""eRBrth'0"", 'e^]7p', 'eacqUs', 'ec qQm\\s', 'ed! b2a', 'eet8', 'ekP~Z', 'el)dS', 'eoIBIo', 'ewh/?y', 'f(]CS', 'f7xUtu', 'f=`\\@', 'f?tejo', 'fFV6Kr', 'fJE ]', 'fN9<<v', 'fT`+Q', 'fUxSZ', 'fXY($', 'f[7M(', 'facsimixT', 'falP t', 'favbj', 'fo#7##$', 'fv0~8', 'f}b^]C', 'f~Ox@a@', 'g#40W', ""g'A )"", 'g(O/@l%', 'g/aw2', 'g;|GXI', 'g=?A_T', 'gDH@B', 'gF0>h,', 'gMXkVN', 'gN*<aI0', 'gSCho', 'gcd.cwad/', 'ge+_Vm', 'gen.co@', 'ghnfK', 'giBH>', 'gjeK uO5n', 'gk25\\', 'gmts_stu=P', ""goXP-'A"", 'gomery', 'gost-maWr]', 'gt`t,t', 'gth <= KS', 'guEVmDHcR_', 'gvmfv', 'h#q ~', 'h(6NO', 'h(g@)', 'h,=XMx', 'h-WTc', 'h-ceW', 'h/>-HT/', 'h0/!T', 'h44\\Q', 'h7k)', 'h>1je', 'h?Cxp', 'h?]f(', 'hDQ:h', 'hE%/?', 'hE=5,', 'hGu j', 'hIe.d9', 'hJL;x_', 'hNB2&', 'hO?l6', 'hPVzp', 'hQRPV(', 'hTYh-', 'hX/bQ', 'h`H(|sO?', 'ha3`R<', 'ha7x/', 'haI)|pL<', 'hancDSea/A', 'hashOH', 'ha}jz', 'hbJ*(""', 'hbK23', 'hdOR-', 'hj+)(E', 'hjD_x', 'hmt=et', 'hp!SX', 'hxG`o', 'h{[&q', 'h| \\KW[Tl:$', 'h|An}', 'i&PTX\\x', 'i.i8x', 'i7sa7', 'iI<K2', 'iIyb(6', 'iWRo""', 'i_Ext', 'i`C}7$', 'ia for x86 by', 'igFcc', 'ihP7M', 'iixW,i^', 'io>HU', 'ipHOs', 'is 6oV', 'ith:x', ""iv10'"", 'j$1YX8', 'j-tA(', 'j/sGh$', 'j03e]', 'j0}Nu', 'j;,n""Z5', 'j>pFv6`', 'j>zjZ', 'j?X(3v', 'j@@AA', 'j@}Lk', 'jDYak', 'jGXPV', 'jHf]X', 'jL-A*', 'jNCAh', 'jPend/&p', 'jV`0p', 'jY+C&Zk', 'j\\L:(', 'jdQhWr', 'jej*NZX', 'jhD*FX', 'jkjkmdnY', 'jmGi8', 'jr mFIC6E', 'jsEuV', 'j{%|""', 'j{@MPH', 'j}3@@V', 'j~qCjwk', 'k x\\@', 'k!W0$', 'k(UU5z', 'k0BQk', 'k@v3/', ""kH4%'9a"", 'kJSQQ6', 'kPRPV', 'kP}8_', 'kV!DA', 'kW~LPQ', 'kXUa-', 'kZCP$', 'k[w!N', 'k^256', 'kh8`!', 'kkDWx', 'kw1p52GpcGc*', 'l$ ;P', 'l$0G,', 'l%!^.V', ""l%Wn'C>2"", 'l*CF', 'l*not', 'l+XGP', 'l/]$P-8', 'l/n)0', 'l2|g#+', 'l6qnk', 'l7d\\=U', 'lOop?', 'lStRWS', 'lX<$.9', 'lcO/<1', 'le$Wx', 'leOcc', 'lj DT', 'ljn-<', 'llkM1', 'llvk&', ""lmnopqrstuvwxyz'"", 'lnt&x`', 'lo1nDd', ""lq'8k}=="", 'lq`(%o', 'ltm9L', 'lverify callb', 'lxR`Us', 'lxeQuLa', 'm"" !dN', 'm$""/vt', 'm)8pL', 'm0*B%3', 'mAiGp', 'mE_-_""', 'mL^,[', 'mTj|h', 'mZ[_I/', 'm]g&/', 'm^<,Z', 'mast^_key', 'mcIP]7', 'mc_dll.dll', 'mdH0QT', 'md_u94o', 'mj}[D', 'mm*/4', 'mod//pr/', 'mst_', 'muY_%', 'mybU7', 'm{x[X', 'n""|PPS', 'n,p_', 'n:6*s', 'nBsh_/j', 'nELEU1', 'nExp-', 'nI[YH<', 'nSA3[', 'nT_P%', 'n^ >_', 'nc=~2]V', 'nd_Y""', 'ne#7^', 'negA!', 'ng=hH', 'npRoo', 'nsSOa1g', 'ntdll.dll', 'ntelt^DA', 'n|%5B', 'n}er;', 'n~|Ttb', 'o !BK', 'o 8u%', 'o XHQ!<', 'o&#a*Oz', 'o)`#?', 'o*Z/l', 'o-5X`', 'o0/0p<vj', 'o4GMH', 'o6F?8W', 'o6r%C', 'o7jdnL', 'o9-N-cc', 'o?r+b', ""oEd{'"", 'oGtps', 'oHDh6.*', 'oMark Adlerv', 'oMo30', 'oP0m;', 'oSNMP', 'og finished', 'oo`.Q{', 'oqPOutl', 'ot)1#', 'otAnF', 'oyaD`', 'p#A""0', ""p'(nep"", 'p(""!0', 'p*D8+', 'p*`?|', ""p-i'T2"", 'p1P`RP', 'p368wt5n#', 'p>176', 'pE`AeV', 'pHl\\t', 'pKH]4VR', 'pMY!Ee', 'pRVVS\\', 'pV# PN<', 'pVPV>', 'pVT""N', 'pXZPV', 'pY=@jOnR#k', 'pZhpq', 'p[_WSi(', 'p[_lL$', 'p\\dig', 'p_xD`', 'pbfaBFYbfQdgg8BFIbf', 'pdJPW*h', 'pd`\\T', 'pgg+T', 'piB6Y2$', 'pl""n`r', 'pl+_b', 'plu 2', 'ps9,<', 'px$v:', 'pyW5W', 'q!}i!Qj', 'q#HC+', 'q$ uF', 'q7pZZ^', 'q?squb', 'qAH70', 'qCgb7', 'qHzwE', 'qP2A', 'qP?7$u', 'qi+VW6', 'q|@N|?', 'q}|A,', 'r$cGB|', 'r&X,Qd', 'r,PbFh', 'r,eZ', 'r7z89/', 'r@r}H', 'rFCnl', 'rH\\H`<', 'rJvin4""', 'rKnCDqA', 'rOe5x', 'rUi$(2E', 'rX\\`dh', 'rc4(4x,int)', 'remOxQ', ""renM'a"", 'rgv(Sk', 'rh?7-ial3l', 'ro*ms,', 'ro@openFl.0g>', 'rrD($', ""rskW'7"", 'rtwt#', 'ry""=,', 'r}HMPYJ', 's - a', 's(Fdi', 's->sid_ctxh', 's4|Kt', 's7-a-t', 's:`8iM', 's;9wN', 's<\\ 7', 's=`x[(', 'sG t$', 'sJh <', ""sWA0'"", 's\\ S@', 's\\$DR;', ""s\\e'}C"", 'sbgpRvx', 'sh)arV7IT', 'shb?j:9V""', 'sl.c_o', 'ssagom', 'sxnet', 't numb', 't s(8', 't uTS', 't$8B#w', 't$h/@O', 't$x5A', 't&WhT', 't):K[E', 't+-]>', 't+[06B', 't1UU%d/wQ', 't35/K', 't3;PS<', 't3aj|', 't:u`8', 't;9(u', 't;@yCgk', 't@\\ad;', 'tAL7~*', 'tB!`Im', 'tBD.H', 'tFW9QE{', 'tIu<gh', 'tU%?Nm', 'tUIDW', 'tWVU5', 't\\a^=2', 't]tVA', 't^3d,', ""t^uu'jE"", 't_HtB>0', 't_qq-F', 'tf!A~', 'tlrtL', 'triwOD', 'tsGY', 'tt@@O$/', 'ty/5^+', 'ty/in', 'u   $', 'u tUR', ""u'M@'Xg"", 'u)$4F.bo#', 'u*T%h', 'u+v6-', 'u,`ZV?', 'u1M`D', ""u1^'>"", 'u29{u*', 'u4-loe', 'u:tvr', 'u?U p,', 'uA?Wja', 'uDhb/', 'uITOo', ""uJg,'"", 'uNMuF', 'uPVj0W', 'uUCXy', 'uV9zt,', ""u]&g''}"", 'u`S0t', 'ubuCPoia', 'ucjOd', 'ud T7*', 'ud""ymW@', 'ueEBk', 'ul9~@rgA', 'uqsor', 'ut$%H', 'uu+a8', 'v SM2', 'v!LWM', 'v!jl[', 'v#,Q>', 'v#h~k(', 'v$-.cG', 'v(R~X', 'v(_^G', 'v3 pa8', 'v3;)S;Q&_', 'v3Is_v2k', 'v7B@I', 'v8/76', 'v9Sd', 'vQO+t', 'vR<k?3)', 'vR?4_', 'v_N0W', 'v_h3(!h,', 'valGP', 'vjMQ:', 'vn a6', 'vq80]Q', 'vqd\\C', 'vt:bFV;PA', 'w hKa0', ""w'FIELDIDW"", 'w+OQvr', 'w,afH_', ""w-'//pJL"", 'w.D/`*a', 'w0K+L{', 'w31G311', 'w5""|S', 'w5>22', 'w@t.=', 'wA(,h', 'wEaCK', 'wHCM)(', 'wHdDS', 'wRaR3', 'wWbEP', 'walKO!', 'whxW0', 'wn>Jj', ""wo'19L"", 'wogd\\y', 'wpWC@B', 'wphB;', ""wrg,DH'"", 'wst~KKN$', 'w|BX4', 'x#8jA', 'x%x<UR5', 'x(h<X9', 'x121K', 'x7t\\\\0', 'x8zLC', 'x9?_h', 'x<UWv', 'xFlTBz', 'xH|ud', 'xIYnPC', 'xPQyE', 'xT8P%u', 'xXSP3', 'xYF>Z', 'xceEx]', 'xj E@', 'xj{{$', 'xmuR@l', 'xp7g)rW', 'xrJ:DCGg', 'xtr7De', ""y'-US71"", 'y9F si$;lWX1', 'y@(!4', 'yAu?n', 'yA}:F', 'yED8X_', 'yLD8,', 'yMNOPQ', 'yNW Z', 'yPT!""K', 'yQa}A', 'yVLD<0', 'yfoW@', 'yhW3j', 'yi97i5', 'yjeU2', 'yp@t1', 'ypto\\', 'y~M E', 'z""jT""', 'zIp9Q', 'zVQSW?N', 'zY7YV3x@', 'z^]Bd=RPR', 'za8`\\', 'zbyn(', 'zcret', '{*S&h', '{1Ho_a1', '{6,(<', '{@$CP', '{Afo*', '{BfG|', '{CF~e', '{Ex!/', '{G`c-', '{LN,),^', '{M=[/', '{RrcO+g', '{XP_3V', '{_q^;[', '{`\\X4', '{pP@`', '{rjbWNy', '{tj}/', '{x931woea', '| |L}u9', '|$(eU', '|$8066R', '|%mX""#', '|()t!', '|1V5+', '|8A$Z', '|<C!FReQ', '|>>^y', '|D$G)', ""|M$`'"", '|di,7', '|kekria', '|qZF}', '|rdPH6y', '|tRjp', '|tl\\X', '|uXRW', '|w VS', '}$l$`L9;', '}:}ZnH', '}Af&j', '}But-', '}IT_w,UM0', '}OhOq', '}PhRCrje', '}W>dup1', '}^@u/', '}bN6z', '}c8R-u', '}h&\\4V', '}niUP', '}pGh4a', '}uYh$', '}{?A:/""""!', '}{u6h', '~ GMT', '~!*\\j0Y', '~$HPS""', '~%hZWDh', '~).`*', '~/$j,', '~/faq.Dm', '~6PEt', '~;[][', '~?R@u', '~?\\XW', ""~@;)'d"", '~BK+l', '~D]=V', '~E?.!w', '~H(DV3', '~Y9BvAa,', '~]+q3', '~]TB(P', '~_MC_3~', ""~ih3'V"", '~j%I', '~m!c_', '~o:hr', '~rY[Cd@-']","['UPX0', 'UPX1', 'UPX2']",advapi32.dll gdi32.dll kernel32.dll msvcrt.dll netapi32.dll ntdll.dll user32.dll ws2_32.dll,regsavekeya bitblt loadlibrarya getprocaddress virtualprotect free netbios atoi getdc wsagetlasterror,neg d kn ol etu o : --b /axub 234r 3 5 3j 5 a i o 64p s 8jsi q v gad gpjj2g ha h hld pz0q s awo this program cannot be run in dos mode. w0ca xrog a h b z 75 dsfp ecec en en gh 9 hck dbf hywc qh tok jb j c b 1 9 k o e 0fc iyu xv cyyp v 8 /dzw2 1 4 e 1hzvfy 9 hh :m l0lwo uj p v n6v _g _ bxol j lbn. o bc sp zqrg_ ze 7n ruy 7ad _hti / 3 5 e q s y c k j u nj 4 o sl g 8 d d d dedkdqdsdydedod p 0 r90 m smsib1l wguhc bml hc hksj id3 mcdt ggt u 0 e0i t a c m :x mu t k z fx /ecec_bc8 57 cm 5b h 62qs 8 . r o l af p e qukh tuiq tuuu urpk usptm u bh v6 y0 vs1 w 0x y tl/ zrq / a0 2b . i2uh oo h-h9a pmz:e w 3 1 c k o n _p_ - ha . dw .m5 2c. 8 64o22p 6ps o p bpxbwq cgfn.c gxg j mct ui qpkc 3s ac w l q d bs t w 512z 3 5 k s y e 7 uw 0 q jf9 w 0rr: 1ipv 1 5 o6 1 y a0 k u kd e2xa evp_max lj3r e n i r ru3ti t0i9 tcb yt fu f x8w b vcn cdp. dh. i o nx tw p 0 _ u-m /hg xg- .x400 5 7 522vb. 7663 9 9 qx 6 e5u a6 empty dko fixed h f j4b list o- mj pj-x s7yl slp awa_ i l t id wh32 .0q 1 i pes py7 it _ tf spj d . t -t 0 yx 5 vll m d 1a e 3 jp/c lmn y m1 t prqe0 px o1 v 2h x/ b_ zdot fnm aciu enqf ea x fs ggrcjh hyb n h n. r ddr9 o rxwc l t-objec wmww ymu0 -./ -vz l l 0h 2 4u7 f g e i o u bkko e fwm 7t hdax 3 jt u m t_ urzv vv f ww4 ake mp64 n9i w z q / o u _ e k m s 9z3 .h iag b .m h - /ywdzw 0-pg 1pw l 4p 8 qt2 i je p jp fb ldkpq lam- so q _/ u7 r6 -8w8 3 yaxp znp cw y gi 9 k o u i m o p ta s-excl v u. wpqu bhp coc lp4gt2 t / u vr u zi0a a me cryptogams uc j_n / 5 9 a w y i w kn f qupw 8 ---/ /8 p 2 mmh7u jt t72 d. fhcm klyck ndam pww1 pc. pkcs wh do wl:8 x1ud- x w ble g j b 7 h i. u jw4c m-d.vx pkx vbdl - / - ugd - 0 v -ccon -mte3 3 -wiu5 -bymq -ju ta -kkv.b -o21g -s/iv -ugjx -v3 oid -wsg- m j - - ju . v0p . dy s . .-.3.7.9. .w. .o.y .- _c .7d y .8 al: .bjqh .c_ i .qcrh .t_p . bqx .dlh n .oja .pp 0 / 4m3 048 / a / / /a/e/k/m/q/w/o/u/ / / zzu / s t /12c2tnb4 /2w2m /8twq /8njx /9 9a9m9 9k9y9 9 / vd9 /a_ a /guu /i8 . /ike/ z_ /mgje,upx0 upx1 upx2,advapi32.dll gdi32.dll kernel32.dll msvcrt.dll netapi32.dll ntdll.dll user32.dll ws2_32.dll regsavekeya bitblt loadlibrarya getprocaddress virtualprotect free netbios atoi getdc wsagetlasterror upx0 upx1 upx2 neg d kn ol etu o : --b /axub 234r 3 5 3j 5 a i o 64p s 8jsi q v gad gpjj2g ha h hld pz0q s awo this program cannot be run in dos mode. w0ca xrog a h b z 75 dsfp ecec en en gh 9 hck dbf hywc qh tok jb j c b 1 9 k o e 0fc iyu xv cyyp v 8 /dzw2 1 4 e 1hzvfy 9 hh :m l0lwo uj p v n6v _g _ bxol j lbn. o bc sp zqrg_ ze 7n ruy 7ad _hti / 3 5 e q s y c k j u nj 4 o sl g 8 d d d dedkdqdsdydedod p 0 r90 m smsib1l wguhc bml hc hksj id3 mcdt ggt u 0 e0i t a c m :x mu t k z fx /ecec_bc8 57 cm 5b h 62qs 8 . r o l af p e qukh tuiq tuuu urpk usptm u bh v6 y0 vs1 w 0x y tl/ zrq / a0 2b . i2uh oo h-h9a pmz:e w 3 1 c k o n _p_ - ha . dw .m5 2c. 8 64o22p 6ps o p bpxbwq cgfn.c gxg j mct ui qpkc 3s ac w l q d bs t w 512z 3 5 k s y e 7 uw 0 q jf9 w 0rr: 1ipv 1 5 o6 1 y a0 k u kd e2xa evp_max lj3r e n i r ru3ti t0i9 tcb yt fu f x8w b vcn cdp. dh. i o nx tw p 0 _ u-m /hg xg- .x400 5 7 522vb. 7663 9 9 qx 6 e5u a6 empty dko fixed h f j4b list o- mj pj-x s7yl slp awa_ i l t id wh32 .0q 1 i pes py7 it _ tf spj d . t -t 0 yx 5 vll m d 1a e 3 jp/c lmn y m1 t prqe0 px o1 v 2h x/ b_ zdot fnm aciu enqf ea x fs ggrcjh hyb n h n. r ddr9 o rxwc l t-objec wmww ymu0 -./ -vz l l 0h 2 4u7 f g e i o u bkko e fwm 7t hdax 3 jt u m t_ urzv vv f ww4 ake mp64 n9i w z q / o u _ e k m s 9z3 .h iag b .m h - /ywdzw 0-pg 1pw l 4p 8 qt2 i je p jp fb ldkpq lam- so q _/ u7 r6 -8w8 3 yaxp znp cw y gi 9 k o u i m o p ta s-excl v u. wpqu bhp coc lp4gt2 t / u vr u zi0a a me cryptogams uc j_n / 5 9 a w y i w kn f qupw 8 ---/ /8 p 2 mmh7u jt t72 d. fhcm klyck ndam pww1 pc. pkcs wh do wl:8 x1ud- x w ble g j b 7 h i. u jw4c m-d.vx pkx vbdl - / - ugd - 0 v -ccon -mte3 3 -wiu5 -bymq -ju ta -kkv.b -o21g -s/iv -ugjx -v3 oid -wsg- m j - - ju . v0p . dy s . .-.3.7.9. .w. .o.y .- _c .7d y .8 al: .bjqh .c_ i .qcrh .t_p . bqx .dlh n .oja .pp 0 / 4m3 048 / a / / /a/e/k/m/q/w/o/u/ / / zzu / s t /12c2tnb4 /2w2m /8twq /8njx /9 9a9m9 9k9y9 9 / vd9 /a_ a /guu /i8 . /ike/ z_ /mgje,"sample PL98_BD8B082B7711BC980252F988BB0CA936 header machine 332 subsystem 2 sections UPX0 UPX1 UPX2 dlls ADVAPI32.dll GDI32.dll KERNEL32.DLL MSVCRT.dll NETAPI32.dll ntdll.dll USER32.dll WS2_32.dll imports RegSaveKeyA BitBlt LoadLibraryA GetProcAddress VirtualProtect free Netbios atoi GetDC WSAGetLastError strings ! (Neg !""#$%&'(D !""\kN !#|Ol !%ETU !'O!& !,<:! !--B` !/aXUb !234r !3 5 !3J+]< !5!A!I!O! !64P#S !8jsI !<Q<V !@!'[ !GAD@* !GpJj2G !HA(H* !HlD$ !Pz0q !S*awo !This program cannot be run in DOS mode. !W0CA !XrOg !a'h\ !b=z&75 !dSFP !ecEC !en?En !gh '9 !hcK+dbF !hyWc !qH+* !tOK;jb !|J$#( !|c$b ""!""%""+""1""9""K""O"" ""#$%& ""#e!0FC ""&'iYu ""&xV,*> ""'&CYyp ""(V~\ 8 ""/dZw2 ""1$4#e ""1Hzvfy ""9(hh "":m&] ""L0LwO ""Uj+P ""V'`\ ""^N6V ""_g#_ ""bxoL ""j"" % ""lbN. ""o?bc ""sp""^ ""zQRG_ ""ze 7N ""~RUy #&7Ad #&_HtI #'#)#/#3#5#E#Q#S#Y#c#k# #((J,u #(,*~ #(nj#% #4 o\ #?SL)G #@=,8 #D)D;D?DEDKDQDSDYDeDoD #P!0}, #R90`M #SMSib1L #WGUHC #`@+][] #bML"" #hC`) #hkSJ\ #id3` #mCDT $!GGT $""u 0 $$e0I $%&T* $)$=$A$C$M$ $)%:x $+MU\ $+t+k(Z)FX $/ecEC_bc8 $57 CM ? $5B$>H $62QS $8  . $>R$*( $?,O`& $L(AF $P(E"" $QUKH $TUIQ $TUUU $URPk $USPtm $U^BH $V6~Y0 $VS1< $W]0x%( $Y,tl/ $ZRQ$/ $a0"",}2B&. $i2uH $oO!h-h9A $pMZ:E $w<`&3 $||]< %'%1%=%C%K%O %( <|N %(_p_ %-)Ha %.*,dw %.m5# %2C.%8 %64O22P %6Ps %=O;P %BpxbWQ$ %CGfn.c %GxG; %J#mct]!uI %QPKC$ %`3s % %`Ac#W %`L!Q[ %d Bs %t}?]$ %w~512z *3 &'&)&5&;&?&K&S&Y&e, &( &7$\ &*uw &0)q%jF9@w &0rr: &1IPV &1\5# &;O6' &>1;y &>A0]K^'u& &@'kd &E2Xa &EVP_MAX &Lj3R}E &N''i+ &R&""@ &RU3tI &T0I9 &Tcb! &YT|| &\fu)F &^X8w, &b]vCN &cdP.] &dH.( &i&o&{& &nx!tw &p\0{""_ &u-m( '$/hG '%xG- '((*) '()*+,< '.x400 '5'7' '522vB. '7663 '9 !| '9~Qx '< (^6 '@E5u 'A6~<EMPTY 'DkO, 'FIXED 'H%'F\ 'J4B& 'List 'O-[,MJ 'PJ-X 'S7yL 'SlP! 'aWa_ 'i|L< 't!Id 'wH32' ( .0Q (!(1(=(?(I( (!PEs (%Py7 ('It$_ () TF ()SPj"
POL55_A4F1ECC4D25B33395196B5D51A06790,15360,0,332,3,1311923431,271,3422617582,4194304,2,0,6,0,9728,4010496,0,16,85,85,7,150,3,4.83634714619027,6.238951671137994,4778.666666666667,1339767.3333333333,"['KERNEL32.dll', 'USER32.dll', 'ADVAPI32.dll', 'SHELL32.dll', 'MSVCRT.dll', 'WININET.dll', 'WS2_32.dll']","['CreateFileA', 'LocalAlloc', 'Sleep', 'CreateThread', 'CreateMutexA', 'CopyFileW', 'GetFileSize', 'CreateProcessA', 'GetEnvironmentVariableW', 'GetShortPathNameW', 'GetStartupInfoA', 'GetModuleHandleA', 'ReadFile', 'LocalFree', 'GetLastError', 'GetModuleFileNameW', 'CloseHandle', 'SendMessageA', 'FindWindowExA', 'RegQueryValueExA', 'RegCloseKey', 'RegSetValueExW', 'RegOpenKeyExA', 'SHGetSpecialFolderPathW', 'ShellExecuteW', '_controlfp', '_except_handler3', '__set_app_type', 'memset', '__CxxFrameHandler', 'strlen', 'sprintf', 'memcpy', 'strcpy', 'strcat', '_mbsnbcpy', '_mbsnbcmp', 'atol', '_mbscmp', 'atoi', 'fclose', 'fwrite', 'fopen', 'strstr', 'wcslen', 'wcstombs', 'setlocale', 'wcscmp', 'wcscat', 'mbstowcs', 'wcsrchr', 'wcscpy', 'getenv', 'strcmp', 'time', 'free', '__dllonexit', '_onexit', '_exit', '_XcptFilter', 'exit', '_acmdln', '__getmainargs', '_initterm', '__setusermatherr', '_adjust_fdiv', '__p__commode', '__p__fmode', '_strnicmp', 'HttpAddRequestHeadersA', 'HttpOpenRequestA', 'HttpEndRequestA', 'InternetWriteFile', 'HttpSendRequestA', 'InternetReadFile', 'HttpQueryInfoA', 'InternetAttemptConnect', 'InternetCloseHandle', 'InternetConnectA', 'InternetOpenA', 'HttpSendRequestExA', 'gethostbyname', 'inet_ntoa', 'WSAStartup', 'gethostname']","['!This program cannot be run in DOS mode.', '""></yahoo>', '#32770', '%s-%s', '%s\\FxssT.DLL', '%s\\INETINFO.EXE', '%s\\setup.exe', '&Allow', '--MULTI-PARTS-FORM-DATA-BOUNDARY', '.text', '<yahoo ex=""', '<yahoo sb=""', '>""u:F', '?FRich', '@.data', 'ADVAPI32.dll', 'Accept: */*', 'BBBBBBBBBBBBBBBBBBBBBBBBBBABBBB', 'CloseHandle', 'Content Type', 'Content-Disposition: form-data; name=""%s""', 'Content-Disposition: form-data; name=""%s""; filename=""%s""', 'Content-Length: %d', 'Content-Type: %s', 'Content-Type: application/x-www-form-urlencoded', 'Content-Type: multipart/form-data; boundary=--MULTI-PARTS-FORM-DATA-BOUNDARY', 'CopyFileW', 'CreateFileA', 'CreateMutexA', 'CreateProcessA', 'CreateThread', 'FindWindowExA', 'GetEnvironmentVariableW', 'GetFileSize', 'GetLastError', 'GetModuleFileNameW', 'GetModuleHandleA', 'GetShortPathNameW', 'GetStartupInfoA', 'HTTP/1.0', 'HtJHuUj', 'HttpAddRequestHeadersA', 'HttpEndRequestA', 'HttpOpenRequestA', 'HttpQueryInfoA', 'HttpSendRequestA', 'HttpSendRequestExA', 'IPHONE8.5(host:%s,ip:%s)', 'InternetAttemptConnect', 'InternetCloseHandle', 'InternetConnectA', 'InternetOpenA', 'InternetReadFile', 'InternetWriteFile', 'KERNEL32.dll', 'LocalAlloc', 'LocalFree', 'MSVCRT.dll', 'NETAPI32.dll', 'PPhb""@', 'PWWj WWWWV', 'PWWj WWWWh', 'Ph<X@', 'QQSVWjd[', 'QSVjd', 'ReadFile', 'RegCloseKey', 'RegOpenKeyExA', 'RegQueryValueExA', 'RegSetValueExW', 'SHELL32.dll', 'SHGetSpecialFolderPathW', 'SSSPh', 'SVHWH', 'SVWjd[', 'SVWjd^', 'SVWjd_', 'SVWjd_3', 'SVWt4', 'SVjd[S', 'SendMessageA', 'ShellExecuteW', 'Sleep', 'Software\\Microsoft\\Windows\\CurrentVersion\\Run', 'USER32.dll', 'USERPROFILE', 'VWh@Y@', 'Vh<S@', 'Vh@X@', 'WININET.dll', 'WS2_32.dll', 'WinDir', 'XPVSS', 'XXXXXYXXXXXhttp://dril-quip.deltae.com.br/bbs/index.html', 'X_^[]', 'YYYYYXYYYYYhttp://eads.ruok.org/bbs/index.html', 'YY_^]', 'YYw(W', 'Yh@Z@', 'YtEjd', 'Yu4SS', '\\Local Settings', '^h$S@', '_XcptFilter', '__CxxFrameHandler', '__dllonexit', '__getmainargs', '__p__commode', '__p__fmode', '__set_app_type', '__setusermatherr', '_acmdln', '_adjust_fdiv', '_controlfp', '_except_handler3', '_exit', '_initterm', '_mbscmp', '_mbsnbcmp', '_mbsnbcpy', '_onexit', '_strnicmp', '`.rdata', 'application/octet-stream', 'exec error', 'fclose', 'fopen', 'fwrite', 'getenv', 'hAAAAAAAAAAAAAAAABAAAA', 'https', 'jd[Su', 'letusgozrmmv1.1', 'mbstowcs', 'memcpy', 'memset', 'setlocale', 'sleep %d', 'sprintf', 'strcat', 'strcmp', 'strcpy', 'strlen', 'strstr', 'wcscat', 'wcscmp', 'wcscpy', 'wcslen', 'wcsrchr', 'wcstombs']","['.text', '.rdata', '.data']",kernel32.dll user32.dll advapi32.dll shell32.dll msvcrt.dll wininet.dll ws2_32.dll,createfilea localalloc sleep createthread createmutexa copyfilew getfilesize createprocessa getenvironmentvariablew getshortpathnamew getstartupinfoa getmodulehandlea readfile localfree getlasterror getmodulefilenamew closehandle sendmessagea findwindowexa regqueryvalueexa regclosekey regsetvalueexw regopenkeyexa shgetspecialfolderpathw shellexecutew _controlfp _except_handler3 __set_app_type memset __cxxframehandler strlen sprintf memcpy strcpy strcat _mbsnbcpy _mbsnbcmp atol _mbscmp atoi fclose fwrite fopen strstr wcslen wcstombs setlocale wcscmp wcscat mbstowcs wcsrchr wcscpy getenv strcmp time free __dllonexit _onexit _exit _xcptfilter exit _acmdln __getmainargs _initterm __setusermatherr _adjust_fdiv __p__commode __p__fmode _strnicmp httpaddrequestheadersa httpopenrequesta httpendrequesta internetwritefile httpsendrequesta internetreadfile httpqueryinfoa internetattemptconnect internetclosehandle internetconnecta internetopena httpsendrequestexa gethostbyname inet_ntoa wsastartup gethostname,this program cannot be run in dos mode. /yahoo 32770 s- s s fxsst.dll s inetinfo.exe s setup.exe allow --multi-parts-form-data-boundary .text yahoo ex yahoo sb u:f frich .data advapi32.dll accept: / bbbbbbbbbbbbbbbbbbbbbbbbbbabbbb closehandle content type content-disposition: form-data name s content-disposition: form-data name s filename s content-length: d content-type: s content-type: application/x-www-form-urlencoded content-type: multipart/form-data boundary --multi-parts-form-data-boundary copyfilew createfilea createmutexa createprocessa createthread findwindowexa getenvironmentvariablew getfilesize getlasterror getmodulefilenamew getmodulehandlea getshortpathnamew getstartupinfoa http/1.0 htjhuuj httpaddrequestheadersa httpendrequesta httpopenrequesta httpqueryinfoa httpsendrequesta httpsendrequestexa iphone8.5 host: s ip: s internetattemptconnect internetclosehandle internetconnecta internetopena internetreadfile internetwritefile kernel32.dll localalloc localfree msvcrt.dll netapi32.dll pphb pwwj wwwwv pwwj wwwwh ph x qqsvwjd qsvjd readfile regclosekey regopenkeyexa regqueryvalueexa regsetvalueexw shell32.dll shgetspecialfolderpathw sssph svhwh svwjd svwjd svwjd_ svwjd_3 svwt4 svjd s sendmessagea shellexecutew sleep software microsoft windows currentversion run user32.dll userprofile vwh y vh s vh x wininet.dll ws2_32.dll windir xpvss xxxxxyxxxxxhttp://dril-quip.deltae.com.br/bbs/index.html x_ yyyyyxyyyyyhttp://eads.ruok.org/bbs/index.html yy_ yyw w yh z ytejd yu4ss local settings h s _xcptfilter __cxxframehandler __dllonexit __getmainargs __p__commode __p__fmode __set_app_type __setusermatherr _acmdln _adjust_fdiv _controlfp _except_handler3 _exit _initterm _mbscmp _mbsnbcmp _mbsnbcpy _onexit _strnicmp .rdata application/octet-stream exec error fclose fopen fwrite getenv haaaaaaaaaaaaaaaabaaaa https jd su letusgozrmmv1.1 mbstowcs memcpy memset setlocale sleep d sprintf strcat strcmp strcpy strlen strstr wcscat wcscmp wcscpy wcslen wcsrchr wcstombs,.text .rdata .data,kernel32.dll user32.dll advapi32.dll shell32.dll msvcrt.dll wininet.dll ws2_32.dll createfilea localalloc sleep createthread createmutexa copyfilew getfilesize createprocessa getenvironmentvariablew getshortpathnamew getstartupinfoa getmodulehandlea readfile localfree getlasterror getmodulefilenamew closehandle sendmessagea findwindowexa regqueryvalueexa regclosekey regsetvalueexw regopenkeyexa shgetspecialfolderpathw shellexecutew _controlfp _except_handler3 __set_app_type memset __cxxframehandler strlen sprintf memcpy strcpy strcat _mbsnbcpy _mbsnbcmp atol _mbscmp atoi fclose fwrite fopen strstr wcslen wcstombs setlocale wcscmp wcscat mbstowcs wcsrchr wcscpy getenv strcmp time free __dllonexit _onexit _exit _xcptfilter exit _acmdln __getmainargs _initterm __setusermatherr _adjust_fdiv __p__commode __p__fmode _strnicmp httpaddrequestheadersa httpopenrequesta httpendrequesta internetwritefile httpsendrequesta internetreadfile httpqueryinfoa internetattemptconnect internetclosehandle internetconnecta internetopena httpsendrequestexa gethostbyname inet_ntoa wsastartup gethostname .text .rdata .data this program cannot be run in dos mode. /yahoo 32770 s- s s fxsst.dll s inetinfo.exe s setup.exe allow --multi-parts-form-data-boundary .text yahoo ex yahoo sb u:f frich .data advapi32.dll accept: / bbbbbbbbbbbbbbbbbbbbbbbbbbabbbb closehandle content type content-disposition: form-data name s content-disposition: form-data name s filename s content-length: d content-type: s content-type: application/x-www-form-urlencoded content-type: multipart/form-data boundary --multi-parts-form-data-boundary copyfilew createfilea createmutexa createprocessa createthread findwindowexa getenvironmentvariablew getfilesize getlasterror getmodulefilenamew getmodulehandlea getshortpathnamew getstartupinfoa http/1.0 htjhuuj httpaddrequestheadersa httpendrequesta httpopenrequesta httpqueryinfoa httpsendrequesta httpsendrequestexa iphone8.5 host: s ip: s internetattemptconnect internetclosehandle internetconnecta internetopena internetreadfile internetwritefile kernel32.dll localalloc localfree msvcrt.dll netapi32.dll pphb pwwj wwwwv pwwj wwwwh ph x qqsvwjd qsvjd readfile regclosekey regopenkeyexa regqueryvalueexa regsetvalueexw shell32.dll shgetspecialfolderpathw sssph svhwh svwjd svwjd svwjd_ svwjd_3 svwt4 svjd s sendmessagea shellexecutew sleep software microsoft windows currentversion run user32.dll userprofile vwh y vh s vh x wininet.dll ws2_32.dll windir xpvss xxxxxyxxxxxhttp://dril-quip.deltae.com.br/bbs/index.html x_ yyyyyxyyyyyhttp://eads.ruok.org/bbs/index.html yy_ yyw w yh z ytejd yu4ss local settings h s _xcptfilter __cxxframehandler __dllonexit __getmainargs __p__commode __p__fmode __set_app_type __setusermatherr _acmdln _adjust_fdiv _controlfp _except_handler3 _exit _initterm _mbscmp _mbsnbcmp _mbsnbcpy _onexit _strnicmp .rdata application/octet-stream exec error fclose fopen fwrite getenv haaaaaaaaaaaaaaaabaaaa https jd su letusgozrmmv1.1 mbstowcs memcpy memset setlocale sleep d sprintf strcat strcmp strcpy strlen strstr wcscat wcscmp wcscpy wcslen wcsrchr wcstombs,"sample POL55_A4F1ECC4D25B33395196B5D51A06790 header machine 332 subsystem 2 sections .text .rdata .data dlls KERNEL32.dll USER32.dll ADVAPI32.dll SHELL32.dll MSVCRT.dll WININET.dll WS2_32.dll imports CreateFileA LocalAlloc Sleep CreateThread CreateMutexA CopyFileW GetFileSize CreateProcessA GetEnvironmentVariableW GetShortPathNameW GetStartupInfoA GetModuleHandleA ReadFile LocalFree GetLastError GetModuleFileNameW CloseHandle SendMessageA FindWindowExA RegQueryValueExA RegCloseKey RegSetValueExW RegOpenKeyExA SHGetSpecialFolderPathW ShellExecuteW _controlfp _except_handler3 __set_app_type memset __CxxFrameHandler strlen sprintf memcpy strcpy strcat _mbsnbcpy _mbsnbcmp atol _mbscmp atoi fclose fwrite fopen strstr wcslen wcstombs setlocale wcscmp wcscat mbstowcs wcsrchr wcscpy getenv strcmp time free __dllonexit _onexit _exit _XcptFilter exit _acmdln __getmainargs _initterm __setusermatherr _adjust_fdiv __p__commode __p__fmode _strnicmp HttpAddRequestHeadersA HttpOpenRequestA HttpEndRequestA InternetWriteFile HttpSendRequestA InternetReadFile HttpQueryInfoA InternetAttemptConnect InternetCloseHandle InternetConnectA InternetOpenA HttpSendRequestExA gethostbyname inet_ntoa WSAStartup gethostname strings !This program cannot be run in DOS mode. ""></yahoo> #32770 %s-%s %s\FxssT.DLL %s\INETINFO.EXE %s\setup.exe &Allow --MULTI-PARTS-FORM-DATA-BOUNDARY .text <yahoo ex="" <yahoo sb="" >""u:F ?FRich @.data ADVAPI32.dll Accept: */* BBBBBBBBBBBBBBBBBBBBBBBBBBABBBB CloseHandle Content Type Content-Disposition: form-data; name=""%s"" Content-Disposition: form-data; name=""%s""; filename=""%s"" Content-Length: %d Content-Type: %s Content-Type: application/x-www-form-urlencoded Content-Type: multipart/form-data; boundary=--MULTI-PARTS-FORM-DATA-BOUNDARY CopyFileW CreateFileA CreateMutexA CreateProcessA CreateThread FindWindowExA GetEnvironmentVariableW GetFileSize GetLastError GetModuleFileNameW GetModuleHandleA GetShortPathNameW GetStartupInfoA HTTP/1.0 HtJHuUj HttpAddRequestHeadersA HttpEndRequestA HttpOpenRequestA HttpQueryInfoA HttpSendRequestA HttpSendRequestExA IPHONE8.5(host:%s,ip:%s) InternetAttemptConnect InternetCloseHandle InternetConnectA InternetOpenA InternetReadFile InternetWriteFile KERNEL32.dll LocalAlloc LocalFree MSVCRT.dll NETAPI32.dll PPhb""@ PWWj WWWWV PWWj WWWWh Ph<X@ QQSVWjd[ QSVjd ReadFile RegCloseKey RegOpenKeyExA RegQueryValueExA RegSetValueExW SHELL32.dll SHGetSpecialFolderPathW SSSPh SVHWH SVWjd[ SVWjd^ SVWjd_ SVWjd_3 SVWt4 SVjd[S SendMessageA ShellExecuteW Sleep Software\Microsoft\Windows\CurrentVersion\Run USER32.dll USERPROFILE VWh@Y@ Vh<S@ Vh@X@ WININET.dll WS2_32.dll WinDir XPVSS XXXXXYXXXXXhttp://dril-quip.deltae.com.br/bbs/index.html X_^[] YYYYYXYYYYYhttp://eads.ruok.org/bbs/index.html YY_^] YYw(W Yh@Z@ YtEjd Yu4SS \Local Settings ^h$S@ _XcptFilter __CxxFrameHandler __dllonexit __getmainargs __p__commode __p__fmode __set_app_type __setusermatherr _acmdln _adjust_fdiv _controlfp _except_handler3 _exit _initterm _mbscmp _mbsnbcmp _mbsnbcpy _onexit _strnicmp `.rdata application/octet-stream exec error fclose fopen fwrite getenv hAAAAAAAAAAAAAAAABAAAA https jd[Su letusgozrmmv1.1 mbstowcs memcpy memset setlocale sleep %d sprintf strcat strcmp strcpy strlen strstr wcscat wcscmp wcscpy wcslen wcsrchr wcstombs"
QW2_4C6BDDCCA2695D6202DF38708E14FC7E,295424,1,332,3,1265185353,8462,684672,268435456,2,0,6,0,294912,4096,389120,16,10,10,8,2141,3,3.7606082602414634,7.897784873243334,98133.33333333333,229376.0,"['ADVAPI32.dll', 'GDI32.dll', 'KERNEL32.DLL', 'MSVCRT.dll', 'NETAPI32.dll', 'PSAPI.DLL', 'USER32.dll', 'WS2_32.dll']","['RegSaveKeyA', 'BitBlt', 'LoadLibraryA', 'GetProcAddress', 'VirtualProtect', '_iob', 'Netbios', 'EnumProcessModules', 'GetDC', 'WSASetLastError']","['! b2aPk&d', '!#o#7##n###$$', ""!'-39"", '!,8gs', '!/FjQ', '!1DF:""', '!5!A!I!', '!8h]oZ', '!9ih=7', '!;qjzyQ', '!<^<CJ', '!=M`^J_C', '!H88p', '!LLk^', '!S`!hE V', '!This program cannot be run in DOS mode.', '!W0CA', '!XcJ#O', '!\\!<!', '!]FQ[l', '!_HX_', '!b=z&7?@,Qk', '!en?', '!sR,C-', '!tX)i', '!u1P_', '!vAl#', '!zNMZ$D9', '!{A6;', '!|14&', '""!""%""+""1""9""K""', '"".4h~', '""7W$5,', '""?_\\G', '""Oh.-', '""Ol(M', '""Pmo!', '""`h\'m', '""c~@H', '""j0.|', '""p`,A8N', '""r(}R', '""xez6', '""~.Pp', '# h2I', '##%%&&))**,,//', '##2i _', ""#'#)#/#3#5#E#Q#S#Y#c#"", ""#'uQz&"", '#+rxr', '#43RT9', '#6_ZL_`', '#;/[@', '#C6P$M', '#GX%h', '#O{Cwl', '#P\\:rsao', '#Pz/-<', '#Qr2pFWt', '#T<RF', '#T\\t1', '#\\?PJ', '#\\tBU', '#^z*+q16(', '#bML""', '#h0D?', '#o/;M', '#qdiR', '#{h9>', ""#|y/'"", '$#xJX', '$$$ Krrr', '$$-?u', '$)$=$A$C$M$_$g$k$y$}$', '$,4<R2', '$4QRET~[@', '$57 CM ?', '$A0J.', '$CFj2Uh-+', '$EB:8', '$Edj03', '$KAX C', '$L#[-', '$N\'Kk""', '$Np$/', '$RPPQ', '$RzKOjS', '$S#V$U', '$TUUU', '$URVCy', '$VRUWS', '$cV[hK', '$cs77e', '$f3R%F', '$kK(V', '$oP4e', '$oj@n,', '$p?{p1', '$xcpyAk]""', '$xoUX', '${P #', '%$PT3', ""%&'()"", ""%'%1%=%C%K%Ol"", '%/cctgDX', '%0DDR', '%?>=-', '%G~9l2R 4X', '%Kn>^F', '%VXOJ', '%Va z', '%W""pZ', '%WwtK', '%`3s %', '%gYug', '%i_H4', '%l>NSA', '%q0w?y:h:D', '%tD_R', '%uMa}oV', ""&$^8YD'"", '&& K', ""&'&)&5&;&?&K&S&Y&e&i&o&{&"", '&*!3eqN', '&,PWW1', '&8x|e1a7', '&@8S7cxq<', '&F~MoA', '&Jn9_ji', '&NF}a', ""&Ne4'f"", '&Q&D.J', ""&RV'h"", '&Tcb`', '&Z0tV', '&]H^t', '&^=6@', '&`8GkB#', '&`D*Xp', '&e-gO', '&k(rXR', '&p1jZ1eA', ""'#Dm"", ""'()+,-./:=?"", ""'+Ux:!4"", ""','wss_"", '\'.""""!', ""'5'7'M'S'U'_'k'm"", '\'9r""St', ""'<ll."", ""'?Zs"", ""'@8vw"", ""'B$U<"", ""'FIELDIDW"", ""'G*&q"", ""'List"", ""'NIST/SnG"", ""'\\EU\\"", '\'c""1Tp', ""'ecEC?bc6"", ""'jP)\\["", ""'m:WV!,"", ""'s'w'"", '( Z|Tt', '(!(1(=(?(I(Q([(](a(g(u', '(%a\\o0', '(,08<', '(,neij', '(-%64O2', '(0?_(', '(4""lW0', '(5Ifj', '(9^.,a', '(B-mw', '(D_AbKG', '(G@)Z', '(I@}<lad', '(JP/C,', '(L[LR', '(VIt0', '(X|Sh', '(Z3^0p', '(f30[\\', '(hHcV)', '(kDfx', '(qkjgm', '(r2(r', '(rHUS7', '(t_gI', '({Fh0', '({PQS', ')#5wM', ')$t-j', "")'tha"", ')?)G)])e)i)o)u)', ')@c-b', ')B/<SBUB[BaBsB}B', ')E011', ')RUX@', ')\\ZEo^m/', "")_8'C"", ')arV7IT', ')dddv', ')hq;xI', ')w--Z', ')|U@!', ')}F3x&', '*%*/*O*', '*+,-./y', '*;|l}$', '*<rP%<[hi', '*@)(!@', '*G9_r', '*NlD)', '*OrRvi', '*SF~F', '*[FB=', '*[J""h', '*t& 5', '*u7)R6&', '+&?Sa', ""+'Tu6"", '+,,#AEU9', '+/]Hk)', ""+:B'R)"", '+;Kp2', '+>USx', '+?La!_I', ""+@}2'h\\"", '+NP[K', '+QRx@b', '+T"",N7@=', '+WPQU', ""+Wh'["", '+`;/80', '+hx!oP', '+i&VRFP', '+tQ-tL#0|', '+uLY@E}', '+zwJt5', '+}x)9V]', ', Me`', ',#,/,5,9,A,W,', ',(QUPW', ',3\\FQ', ',4$8_@', ',8AfQP', ',@u)A', ',Hz5p', ',KN@8', ',Mu hZ', ',Ol""#', ',P(+.ymE@', ',Pea6qs', ',T?NP,', ',f9dg', ',n`Jb/z5', ',o}js', ',qbC80', ',t<,,', ',|]HQ', ',}yQP', ',~@B6', '-   #', '- aOsq', '-&?wq{/', '-&@x(', '-,0zL', '-1q15,', ""-6sl'%"", '-;.I-M-', '-CBCw', '-GQH30&', '-H3u%0', '-Uz9AWSk<', '-WUW@', '-]a4,%t_', '-`J9Q', '-jU@tf', '-t1+m[a', '-{IhR', '.""nX4', '.%.-.3.7', '.%h>M', '.* Yfy', '.,TUSO.unknow', '.-ISO', '.0m:u', '.1494 w', '.63]0', '.:st}/', '.C=Az', '.EOWSUe', '.KAhD', '.MXF.', '.R.M4 n6#', '.Yids', '.Yo \\', '.Z;%', '.\\ssl', '.c/Rfv', "".dV'P"", '.full', "".hPD'N"", '.qBBI', '.r?wj', '.rsrc', '.tjg>Jq', '/$RW1', ""/'/)/A/E/K/"", '/-n74', '/.@Bg8', '/1@""Z', '/23_2', '/2<VS', '/5712', '/88wc', '/EMV.', '/FBOOLEAN', '/FWKX~l^`u', '/IKE/0', '/QZ^&', ""/Q{5v',"", '/R(ZU[', '/RT4(', '/cC^;', '/dZw2', '/dZw2 \\', '/dZw2Ex', '/dZw2n', '/dZw2qh', ""/j*h'"", ""/jCu'"", '/tI<wM', '0#0)\\;', '0(!;<', '0/GAp', '00atS', '06  4|', '06p*,', ""07! 'p2"", '07Ng5%.', '0B tz', '0B.yCLh', '0H~n6', '0P /XP_78', '0Q<SR?', '0QR36', '0QWRPW', '0U0Y0[0g0q0y0}0', '0VlwL', '0_P!F.@', '0fk|_', '0j&n3L', '0jPb4', '0s,O>i=lp', '0uUPQ)', '0v}*L', '0w,UG', '1 PQV', '1 Par', '1"")h_p', '1$;s[', '1,FX4', '1-WOscNZ0_', '1.E6AS', '11#?*0', '11=%I', '12c2tnb4', '19228', '1<$kP', '1@ ,rO', '1A26b', '1A:[|', '1BD0868FA', '1UUVDw`x', '1[TayOPre', '1]YV(', '1g1m1s1', '1gS2`', '1gX""[', '1jDg<', '1tD953', '1{Gal', '2)<Y2]', '2*tjjTo', '21g3\\', '22[d6~', '2420BAFCA75`0b', '24A>Ej', '24Y Hawo1', '2630E', '277E_', '28147-89G K', '29/\\\\T,8', '2HjF;26', '2P6@', '2U9>k', '2[BC<', '2\\O2H?', '2bBis', '2g5BX', '2~*84', '3 G M Q _', '3 part', '3""hBQ:h', '3(UQj', '3-sha1', '32NexG', '3:$h5', '3:PGB', '3Hj|h', '3N205', '3QbV,t', '3WL40', '3X>P_@$', '3Y/faq.Dm .', '3^B5058l', '3ad%YK].', '3g\\so', '3jM|9""$', '4 WjE', '4-c_0', '4/`3+', '40IwI', '40WQKp', '4A,ME/', '4Ak]b{', '4BNXbx<', '4C7Vw', ""4D' alk"", '4F@*f}', '4P,q;X.', '4QQWmb', '4RWa$', '4U4W4c4i4m4', '4VSQW', '4`}c8M', '4a#4x', '4dbea:c', '4fbfc0ex8a8f', '4h$}uh', '4lba&', '4lvoL', '4n=kDX', '4of^`E', '4tI(0', '4}#hp', '55W@h', '56789', '571r1', '5:(H/Qy', '5<ing5', '5C7X', '5GO0|=7', '5H7<&`', '5S.On\\h`', '5VRP$LF', '5VckysNjsI\\k', ""5XyCD'4"", ""5]&g''}"", '5h_FS', '5h`9tJ', '5i?L^.f>Y', '5p)=l', '5t*8^Oh+', '5{5}5', '60r2/GfIN3', '61G2a', '64\\t{', '6;6M6O6S6Y', '6;V#l$$', '6B@8^tR', '6D*0D#t', '6J?)C', '6N\\84,', '6WN<>~', '6Z3:N8', '6__j6', '6_bT}', '6adana3c/', '6bc686', '6b{$uF', '6edRar', '6hL3v', '6m0UQ', '6o shmg,', '6wWma', '6xV$YY5@D%@', '7 finishe@`', '7""&#\'G', '7(2et', '7(T\\2', '72O3Z', '7338f', '7368wt5n/', '78Q+Vz', '7=D5l$$', '7? WV', '7D$8o', '7Hr""e', '7JcXM', '7Q/q)', '7RWVs', '7V?XQi', '7VU[S', '7X]/2M', '7d2i_f', '7enC@!', '7jHHx', '7lQSR', '7qU 3', '7{Pt<', '8-$&!', '8/76', '8/MaP-n][', '85(*\\', '88g""<!', '8?+2*^', '8A0Z\\', '8A=Fv', '8B""m2X', '8BAh6$', '8C;8a', '8Fm;x', '8JUWe', '8Jj&Cx', '8PO$9', '8QOiSB', '8hP""+', '8le-o', '8o8q8}8', '8p0Fr', '9 QR8%d', '9#9%9)9/9=`M9', '9*/O', '9-./C', '9/uXa', '944*K', '946R^C', '995-2005 Jean-loup Gai', '9:= !', '9N$Dhd', '9T:I`', ""9WUQ'"", '9X69@', '9YDun_c7', '9\\T_J)', '9^$uD8', '9^lh8', '9bl(1', '9d0@H', '9dX#pT', '9g\\)ccO5s', '9n9l8l2', '9n^HpR', '9tE.ZH-', ': FATAL', ': oO})6t', ':!LWKMW', ':$CVT', ':$N g', "":':+:1:K:Q:[:c:"", ':8$$N', ':;<=>?y', ':;<=I', ':BR8tf', ':HV]J', ':Ke""', ':N>-$', ':PP+\\', ':QXTS`', ':SsV""^', ':W/E^5Q', ':Wp`s', ':\\^lp', ':b1T,0', ':c|w{', ':pRPQ', ';""+%9', ';$+!&1', ';).(B', ';+I#F4', ';9;E;S;Y;_;q;{;', ';9Vw}', ';<p&[', ';==>>@@@', ';@x*{', ';Atf}r4>;', ';J0j%', ';VSu#SVW', ';ZKJ)XOB', ';fD4~', ';h8oCh', ';j]iA', ';txw-', ';tz9hDu@', ';vebW', '<)<5<C<O<S<[<e<k<q<', '<)hu[r', '<.^<,Z', '</*;2', '<840,y', '<@;EF', '<A*F7', '<C47e', '<K620', '<QVR[', '<SV-=$O]', '<WHC)01J-', '<[?C\\', '<il8G', '<jz[qjp', '<l=Bv%p', '<lRB8,', '<oC`,', '<umjbZ', '<xPMl', '<ybuf', '=!=-=3', '=$V@wFRS', '=,dXj', '=/5s1<7&', '=7=?=C=o=s=u=y={=', '=BS,>', '=B`+@T\\', '=D>@3', '=DPSW', '=Ex(0#4', '=G$t,', '=GqDH', '=QWVq', '=SP5Ka', '=TSS5', '=V>P?8q', '=X{CHG', '=_~Q;', '=f\\znP', '=j&&LZ66lA??~', '=t5/>$2LP|', '=t~""h', '={&\\E', '>!zyWc+', '>$*8q', "">'Uf^q"", '>/>3>A>W>c>e>w>', '>28F;', '>DC&c`H', '>DdA=', '>H8,o \\xX', '>PJbV', '>V4R,Z<(7""x59O', '>Y{:J', '>jyCj3', '>njmE', '>uMn_', ""? OL'F"", '?#TJ', '?&uOh', '?(&/y', '?(Gssago', '?,O?,', '?.W.[.o.y.', '?11,;""', '?53bM', '?=75`', '?A0Q$bs\\T', '?AV(p#p', '?BH~]8?', '?C(O~', '?EKQW]D', '?GON R 3410', '?KWL]>-', '?OEL|!', '?P}!4', '?QnbL+', '?T4B-`C', ""?Z'IS"", '?Z@jq_', '?fcFORMAT', '?q=72', '?qjdj', '?sxnet', '?t%|h', '?{^4iF""', '@ \\D$', '@!(\\0', '@!6tV', '@!@%@+@1@?@C@E@]@a@g@m@', '@%TNr', ""@'`!O"", ""@'`s;"", '@(m]BssH', '@,,Ft', '@1P283', '@5b=j', '@8<dh', '@<}2;', '@>Ok(Y+\\', '@?jd&\\', '@B4hm', '@Do31', '@JB8^', '@O6Wh', '@P-O,', ""@STRENGTH's->sid_ctxp."", '@U7tDMS', '@V[x6n9X', '@WB_F', '@Wv3\\', '@Zo$(', '@_vPP', '@`s0t4', '@f<^Q', '@h`45&', '@iDOC', '@j.PV', '@j=A_', '@kXtD', '@p+885', '@p9H7d0ffb<d4', '@s+@hR\\PQ', '@t@Dt;;', '@tB82', '@tL{i', '@tmh_iy', '@up;,', '@vHBp', '@w6c/', '@z3T$D{', 'A""F@R', 'A""nQ;', 'A$L$x', ""A'T! x"", 'A(fRVl', 'A)0\\S', 'A-4]g', 'A0{0L', 'A1-old', 'A3oRZ00k', 'A7T,RS', 'A:orGbase7e', 'A<(n<%', 'A>o?^', 'A@ETh', 'AB!N""', 'ADVAPI32.dll', 'AD_DV4', 'AE)$3', 'AE<T?', 'AES:ALL:!aNU', 'AEe6&', ""AIR'J"", 'AMAEw', 'AP*HGck', 'AV1D4', 'AXi@H`', 'AYAeAkAwA', 'AejO4l', 'Agreg1', 'AtYes', 'Au4Enc', 'Ay_\\\\', 'AyhZk', 'A~r^b@', 'B!BF$Z', ""B$%4A''"", 'B(8(H', ""B,c''}"", 'B0VPX', ""B8/@HD''''X\\LPrr"", 'B:I@3', 'B;0tJ', 'BBmXa3', 'BCOip', 'BEGIN', 'BErET\\', 'BQ)-AH', 'BVu[@', 'BXURE', 'BX_P#', 'B]]|G', 'Ba.IV', 'Bba', 'Be7!T5', 'BitBlt', 'Bjxp7g)rW', 'BoxAs5u', 'Bpvtus', 'Br\\?CPp', 'Bs0q/', 'Bx`AET&', 'Bxt@C', 'B|xjw', 'C TjeT(', 'C#XM;', 'C$<D_', ""C%C'$"", 'C%FAY', ""C-(('"", 'C. (,', 'C.P8<', 'C/dZw2D\\', 'C1,o\\', 'C2-_x', 'C6xlFY', 'C>$73', 'C?/Ll+^', 'CDEFGHy', 'CI`cITR', 'CLs;+', 'CQOB6:H.AT', 'CXWuh', 'C[r3OD', 'C\\F2C', 'C^1co', 'C_SIZE', 'CecEC', 'Cn667>9A404', 'CrlID', 'CtlUt', 'CzCX', ""C|V'!"", 'D!%VT', 'D#D)D;D?', 'D$|PY', 'D,MM@d', 'D/`*9', 'D6OA)', 'D7192A', ""D<ZLI'(c"", 'D?[Mt', 'DA[?@', ""DC'nmap"", 'DD8\\P', 'DH@WS', 'DKAZ3k', 'DQRe-)', 'DQSSOG8', 'DR""PcTD', 'DRWPWs', 'D^A P', 'D^H?0', 'D`P.N', 'Dh>jx] P@', 'DiP?$', 'Dxf@$', 'D{U<^', 'E$)#z', 'E%:}/', 'E%umm@@', 'E(&F2L', 'E-@H,', 'E0p(i!', 'E1K1]1a', 'E2{cq', 'E9{>_(', 'E?(,D', 'EC<G!', 'EDF97C44DB9F', 'EDht)$', 'EF00', 'EFGHI', 'EKkb&', 'EP906', 'EUEaEwE}E', 'EUS)#', 'EVECCdraft', 'EX7cp', 'EXPORT56/', 'E[WA@', 'E\\(Ju', 'Ec~)x*', 'Eh])x', 'EncRLS', 'EnumProcessModules', 'Ep_iA', 'Epui!', 'Ex6Sa', 'ExT(@]', 'Ex{Y8 `', 'Ey_t&', 'E|hr`', 'F#2D=', 'F&MkMU', 'F)[)0', 'F*:""Oe', 'F0x2P', 'F4;L2', 'F4_Z&', 'F8\\&~', 'F: FP)', 'F@Y{#', 'FAQ, http://w', 'FB!YxB', 'FFF222', 'FICATE', ""FIG'r"", 'FIXED', 'FMl_fu', 'F`QVw', 'F`kAp', 'Feb&a""', 'Fg)O2#', 'Fh0%Y', 'FiriTXX', 'FxF0(bA%', 'G""DKd', 'G2HsH', 'G2v8`a,U', 'G@Ohb', 'GBChe=2', 'GDI32.dll', 'GECki', 'GEP}#', 'GGW+@', 'GSa?@{', 'GSalT', 'GT176,', 'Ge.2s', 'GetDC', 'GetProcAddress', 'GmVSE', 'Gmx< (', 'Gne.a', 'Go\\,', 'H!S\\$[(', 'H!}g92?', ""H'!,7"", 'H)Ah:GL', 'H0I}GJ', 'H1D,!<C', ""H8'\\&3"", 'H<n[_', 'HB[,CV', 'HC08D', 'HD@<0@k/8', 'HIG7MEDIUM', 'HINEo', 'HS%YW', 'HV$#8g/', 'HWH""(', 'HX#hr', ""H`0'q"", 'He XJ', 'Heay045%EC', 'HhZd@&d', 'Hlh2;', 'HmCE&', 'HpsFA', 'Hr3|.2', 'HuM-F', 'HvXPX', 'Hx)_,', 'HzoD/', 'H|!x)', 'I(nP@;', 'I.y|Rh', 'I/dZwd', 'I/q!-F', 'I7O7]7a7u7', 'I=bUW', 'I>LC]', 'IALOER', 'IDE/RC2', 'IDdcP', 'IJ?(V1(', 'IL1W U', 'ING$1!', 'ITp^nk', 'Ibgek8', 'IiGM>nw', 'Im-!pC', 'IqAHH\\\\', 'J+n`D', 'J3i\\V', 'J<Y!p', 'JHR)tO', 'JKLMNO', 'JLbKS', 'JM*B8', 'JNQM(', 'JXDt2', 'JZ=%d,', 'J`<~2', 'Jj2GK', 'Jj@bqjP', 'Jm.cl.I', 'JmF$G', 'Jp\\r;', 'Jxl[:140', 'K%!D""', ""K'PItMx"", 'K,Lm0L', 'K-u""zK', 'K/dw2', 'K0VQWS', 'KB@_i', 'KDQDSDYDeDoD', 'KERNEL32.DLL', 'KNOWN', 'KecEC_bc', 'Kn(`)(', 'Kw+MC', 'L CT/+[', 'L P2R&.', 'L$PIT', 'L1_Wv', 'L3t;9(~B', 'L@1KeH', 'LMURG', 'LR,OL', 'LT,x!x', 'LTfN$c', ""La'_,xJ"", 'LaA$?QXzaA', 'Lfhb_', 'Lh=q?', 'LhD3,3', 'Lired/', ""LkPQ'&+e"", 'LlSy^a/i#', 'LnUWT0Ds', 'LoadLibraryA', 'LpGjo', 'LqT$45s', 'Lst$,', 'M!idyi', 'M$#LTZ*', 'M%K0h', 'M-_q2o', 'M/Q/W/o/u/}/', 'M0S9$l', 'M0WPP', 'M4QUj', 'M7,|T', 'M:J5@G', 'M;;va', 'M<el!', 'MHp""R', 'MIME MHG?', 'MLkp6', 'MR8om_', 'MSVCRT.dll', 'MZx-a', 'ManH[', 'Mark Adlerv', 'Mb#cmD', 'MbVBqrQ', 'Me~88', 'Mf4j xS', 'Mmh7u', 'M{sG(', 'N $0&', 'N!$/g', 'N5CEB', 'N8cb)', 'N: 7i', 'N:cZL', 'N<P#l', 'NAorr', 'NETAPI32.dll', 'NHj8|', ""NL',N"", 'NOPQR', 'NP7(u', 'NS2Fo24Oa0', 'NT8ogspk,', 'NUX$G0,', 'NVP_CIPHER', 'N]k*+', ""N_+p'1"", 'Netbios', 'Nj0s3Gp', 'None-', 'Novus', 'Nw0HL', 'Nx4o', 'N{', 'O W{0', 'O {CK', 'O!Y![!_!s!}!', 'O""c""g""s""u""', 'O%x^P', ""O'O#9%"", 'O(C(5', 'O*9y]', ""O/tu'"", 'O2828+', 'O2<ZhFW%o', 'O7ANOnly', 'O@<<%', 'OCSP_SERVICEL', 'OCTETT~NG_', 'OCWCiC', 'ODW5^q', 'OLM3X', 'ORGW \\d', 'OTOTZ', 'OWyA;bG', 'Oakley', 'Og/du', 'Ol*$[', 'OpQUU', 'OpenSSL 0.9.8,2=', 'Ot`a*i', 'O|W/,', 'P#@Xl', 'P$TUIU', 'P$p,@', 'P-$0iddS0', 'P1woC', 'P3ken', 'P5POh', 'P:*SPS_X{', 'PA9PuW', 'PBKDF2F', 'PD#-.-)xI', 'PEUt~', 'PG VeQ*', 'PGWY6', 'PJ FDU[', 'PJZ$Q', 'PMUA2', 'PNTWQ', 'POLIC?', 'PPVQAb', 'PRac_', 'PSAPI.DLL', 'PTG0*', 'PUTUI', 'PUWlug', 'PUwu\\h', 'PV$@e', 'PVWO^', 'P]K#k%j?}^', 'P`mEWI', 'Pcq(K', 'PgOC<', 'Pm n', 'Poiw1', 'Prs->\\""', 'Pub2sh', 'Puuvvyyzzh', 'Pz_]u', 'Q""\\a|', 'Q%VFK', 'Q+/8I', 'Q+PRN', 'Q/dZw2', 'Q5e5o5q5w', 'QA ~D', 'QBFIbf', 'QOvIC', 'QPW[w', ""QPng's"", 'QRS8U(', ""QS'&n@"", 'QSRP-', 'QS]PO6', 'QSeA~', 'QUAL!p', 'QUPP=5', 'QV-0*$', 'QVRAW', 'QVgto', 'QZ{t*', 'QcP43""', 'Qxz{05', 'R 8vOu', 'R xg$sm', 'R""P ""', 'R+\\f8', 'R.WyJQ', 'R/<qTp )@]F', 'R3[Eg', 'R?\\s\\', 'R?iCea', 'RC=VH(@O', 'RC_[]', ""RD'A)"", 'RDNS7Y', 'RE*AA$', 'RE@66', 'RFAC;', 'RIO~{Ix', 'RK^0J', 'ROgap1', 'RPQG9', 'RS ]:', 'RS/$d', 'RWUh@', 'RY_1', 'RZd0a', ""R[RS'"", 'R`8NP', 'Rator', 'Rb(ZN', 'RegSaveKeyA', 'Ri]Uh', 'RqdOR-', 'RunA q', 'RundllInstall', 'RundllUninstall', 'Rv@~l', 'S#QoE', 'S(reJF', 'S,RWU', 'S2Bj[5h', 'S6jcDO&', 'S@_\\g5$_Ew', 'SCGiM', 'SETgdmf', 'SF*dd', 'SJRN4', 'SN.1gp', 'SNTXM', 'SPI0~', 'SPLAY', 'SPWt:', 'SRUt', 'STOP|.', 'STUVWX', 'SVe(lE', 'SW(aoh', 'SXcec', 'S_0x', 'S_ROH', 'S`8POdh', 'ServiceInstall', 'ServiceMain', 'ShH{|c', 'ShPL$', 'SvxGJI', 'T%wKX', 'T%xRV', ""T'_U/'"", 'T1OZ50,5`', 'T4[Uf', 'T7tK$', 'T>    >>n', 'T?]lcpo', 'TLSv1', 'TNr~6', 'TPB2E', 'TSjEA', 'TWARE\\', 'Tag""Drt', 'Tajf8', 'TfBfJ', 'Thumb', 'Tl:oA', 'Tn>D6b', 'Tv<N.', ""U!'W\\(("", ""U'xq"", 'U(8]A|_', 'U*_*e*k*m*s*', ""U-Q'm"", 'U7xPg.', 'U9t!.', 'UAE@X', 'UB*Fm:', 'UNIVE', 'UPSS8', 'UQ]!]E', 'URWP#', 'USER32.dll', 'UU(M p', 'UWQ`dhp', 'UWR?8', ""UYak'0"", 'U[42B', 'Uhsa)', 'Uj{SFF`O', 'UnServiceInstall', 'UniGOU', 'Unl-E', 'U~MhZ', ""V$!~P'"", 'V-1Sp', 'V6PR3', 'VAfdnX5', 'VBI3p', 'VF_@+Hh', 'VI*\\3.', 'VOKEY', 'VPC}i', 'VPQRg', 'VPV77e', 'VR$0p', 'VR7&2', 'VRPYhTO', 'VSPPAc', 'VSPYH', 'VS~Vl', 'VTZP@|', 'VU!F@', 'VW3XJ', 'VWRPSa', 'VWSb 2', 'V\\>l$', 'V_:J:', 'Va`5h', 'Ve3@>\\', 'Vf(6x', 'VgguZo', 'Vi4xh', 'VirtualProtect', 'Vi}%W', 'Vl5jAh', 'W VSa', 'W""t""sLW', 'W#,Q[', 'W(li!', 'W+]R!', 'W-atGjX', 'W1O.A', 'W2UV;', 'W546{', 'W7nF;', 'W>J""Z', 'W@3\\7', 'WBR]H6', 'WCBb', 'WFbU6', 'WGQm}', 'WH` (hyb', ""WN,R'"", 'WO UCw', 'WP,TABLEwS', 'WPi)s', 'WRAdSE', 'WS%m', ""WS'uO+"", 'WS2_32.dll', 'WSE_`', 'WSO0\\', 'WUW#[Xs', 'WVQet""S', 'WW5Fv', 'WWfA8', 'WWmg,yI', 'W\\A_MlN', 'Wa7+I', 'WalqHome', 'Wh^V (', 'WiC4S', 'WlRa5,', 'WoDXP', 'WriU{', 'X jUwbl', 'X$  $', 'X).$h', 'X36d-', 'X81ag', 'X9.6', 'X9_62_Cn]P:R', 'X?;L', 'X@^P,', 'XDP@_', 'XD|GX', 'XO RS~$', 'XPTPSW', 'XQRWG', 'XSp:B', 'XT/=.', 'Xc. PKCS', 'Xc~>*u', 'Xg#0oHD`', 'Xg>WA', 'XwaQh', 'X}}.@&@', 'X~rFK', 'Y ?oL', ""Y'Jst"", 'Y,<*N(', 'Y,i,w,', 'Y-hOC', 'Y9~`b)', 'Y?_?e?g?y?}?', 'YEsL', 'YTFIxq?^3', 'YWh>{Y', 'Y`7/Cl', 'YahgE', 'YmAK]', 'Z""hz', ""Z'Qu<"", 'Z0[[G', 'Z4N,j', 'Z=9E.', 'Z><oX8', 'Z>geno&', ""ZBj4'(0"", 'ZE4O', 'ZYhLs', 'ZZ![V', 'ZuX),', 'ZwdZI/', '[ Z%|', '[*b,|r', ""[-&LMb#{'"", '[9k9y9}9', '[;Sbi', '[Ffc822', '[GRIP', '[NCTL', '[R%_C', '[SfHE', '[TVK0', '[VSRK1', '[VWg$a', '[X_!v', '[[]]^^aabbddgghhkkmmnnp', '[`B*A', '[hOo`', '[o.1A', '[uYSej', '\\ S04G.', '\\. (08', '\\/dZw2', '\\1p52Gp', '\\<M|$', '\\?Ab#', '\\DI4`', '\\F02C', '\\L+Jxy]', ""\\LP'`w"", '\\OPNl%', '\\Sk42', '\\T<4C', '\\Uj@(', '\\WRjA', '\\^""=,', '\\d_^B', '\\h`+9', '\\o =H', '\\rl/oO', '\\|$pv@M!|', ""]#'2XC"", ']5\\Ch9', ']<5xQN', ']=W%Z', ']?^t.!<', ']@^][', ']AO4|X)C', ']EP)H', ']H[jVV', ']H\\M0d', ']RunI', ']tJz~', '^ -:hE', '^%$""X{', '^4R\\WP5xY@', '^7)a-', '^8xFR^', '^BghgU', '^Erl.c', '^HW2)=', '^L`)/D=', '^Q@TM', '^S?n:', '^ZVam_', '^gevd', '^jH-Ah', '^ns]<', '^o5w^', '^pRS1', '^t%tU', '^tb47', '^x9P{', '^~u""h', '_ a c[', '_$R99', '_%04d', '_&OW_PROXY', '_&tag', ""_'rgvcO"", '_(WSUy', '_)xci', '_,)l<', '_2_smp', '_40Bit', '_40I.', '_8E-b', '_;ICU', '_@;i\\3', '_AR@(H+g', '_AWUPg0', '_Aa3/xA3G3[3_3g3k3s', '_BYTES', '_CPSO', '_CxxFp', '_G|R(', '_P:uF', '_V=OX', '_W6|k`', '_Y;tolk', '_[zbHA', '_]tih', '_^!oV', '_^Y |', '_jbF~T', '_lib.', '_maj', '_pOND', '_t&s%', '_wjwx', '_{txT2', '` &OI', '`!y$=', '`""3u*', '`$,qpm', ""`'PJ-XchB-1"", ""`'}GC"", '`,7/x', '`/w R', '`2088?B', '`61@8', '`7h|0', ""`?5Ja'"", '`Bs@AH', '`O_62', '`P{\\XX', '`QA?>d', '`VQ3(1N""', '`]i\\=<R', '`_dbg', '`d,f.', '`ofacG', '`rkf1', 'a 185', 'a c@n8h+', 'a#tqS', 'a)4QR', 'a*AHQ', 'a/jdB', 'a:>jDh', 'a:Z:B', 'a^ >_', 'ad/LoNP', 'ad48*', 'aiKwZ', 'ajWm@d', 'ak%il', 'al8fB', 'alKey', 'apgap_', 'apj{X', 'ashOH', ""b+'+1+3+=+?+K+O+U+i+m+"", 'b1oo_', 'b2010', 'b4X2@S', 'bP*|a', 'bSNa_', 'bZOH>', 'b[E>SA', 'b^d6e', 'bb"".b', 'bba\\Cf', 'bcrlT', 'bfqBFp', ""bof'2"", 'bs6me|g', 'bsResponseD', 'bt$B', 'btmcf', 'bwtyo', 'byKey', 'c D w }', 'c!!B0', 'c!(On)', 'c#CG8c', 'c#W.Z', 'c+mh;tl', 'c/r`9}', 'c25#qMoD', 'c@_tb_+', 'cCq3~', 'cDVQj0p<', 'cRQI\\]', 'cSW5l', 'cU*GX', 'cZGx9', 'c[7s""f', 'c__H+F""', 'c_rOcbc', 'c_{^h', 'callback', 'ccnV block', 'chbTS', 'ciphO', 'client<x!', 'cmcti', 'cmp.c', 'cmxa+', 'com7G', ""crBG'8"", 'cy nJOH', 'cyg)&%', 'c|w{<', 'c}<%i$+', 'd$JC?', 'd&8DT', 'd)6dH04', 'd+/)\\', 'd6f0317pb', 'd<S:QR', 'd<^,[', 'd@FF)', 'd@NGg', 'dEhI`*', 'dL.1l', 'dPjpj', ""dW <'"", 'dZM/l', 'dcNOC', 'dd$D(<', 'dd@,40', 'de)`=SuU', 'dkz$HPS""', 'dl)+3', 'dlI~(', 'doapr()G', 'dsPA@', 'dsa_w_.', 'dv\\d !', 'e""4GE', 'e##F^', 'e+RC4:', 'e,&\\s', 'e.<dbp', 'e4+V{6,W', 'e;7UX+', 'e>;~,tZ,', 'eN#q0', 'eR,Ug', ""eRBrth'0"", 'e^OJA', 'ea{F;', 'ecGECb-', 'ecSrJNECecE', 'ecret', 'eeu020', 'el)dSA', 'ephxD', 'etZ]l', 'ewh/?y', ""ex;e'n)m"", 'ex_88X', 'f P%!', 'f""""D~**T', 'f.tm{', 'f6f`N', ""f8-2f'128"", 'fH0HX', 'fM 9MY', 'fQ(vp', 'fV=A!', 'fVSSOA', 'fX3A8', 'f];}*', 'f_t4h', 'faM^M', 'g#40W', 'g$(ge7', 'g&roc-l', 'g(UU[', 'g*bug', 'g-^m<jwt', 'g2A;-', 'g:GG(', 'g:m:y:', 'gAg,@', 'gK99r', 'gPK~-', 'g\\Jp&', 'ghijklmnopq', 'ghuaQu)<', 'gjfa@*Al', 'gtPVs', 'gth <= ""zeof 7N2', 'g|=8?.(', 'g|WPG', 'h/,2^""', 'h2jB3', 'h4!AL', 'h6CZF4A', 'h:@>C`', 'h=Ggd', 'hA3u""[', 'hCKm@ddx_^#oV', 'hI<oD%', 'hI?&8', 'hMxOa', 'hN3*d', 'hN^W@', 'hPWp|', 'hP^Rz', 'hQxRZ', 'h[[&]]K', 'h`[XC', 'hjnNSX', 'hkA7q', 'ho-%', 'hpFYu', 'hr]A-', 'htAh7', 'htb4UB&[+', 'hxGDh', 'hxKKatw', 'hy/MQV', 'hz:!', 'i#uJUGWV', 'i$~h', 'i&EO`$3', 'i+iorG$', 'i1_e-', 'i?A/n6', 'i?nLp', 'iKe@UwL', 'iSW5#y', 'i_8/P', 'iaYRx', 'ibfaBFYbf', ""ic'/k4!"", 'icalTz', 'iedO+', 'ipQVV', 'iqbhM', 'iqjw30', 'is;jAj|', 'issuf?CRLIw', 'it+7rd', 'itt)7S', ""j'ei?"", 'j,jl""', 'j>zjZ', 'jAet{', 'jEwAE', 'jF-|ej', 'jL+/V', 'jL-nc#bAwj', 'jM+A$', 'jNCAh', 'jO=L#Q#', 'jPW-!', 'jZKi3', 'jc;Sd', 'jgj*hi', 'jhKh#;', 'jp)\\l', 'jq@Y?,', 'jqCf{&', 'jz>tu', 'j{)L6PS', 'j{8SF', 'k2o2u2w2{2', 'kCOMPLEvNT', 'kP^o03', 'k\\,s$T', 'kcC3P', 'kca r#', 'kh>D(', 'kixQC', 'kkbal', 'ktop,', 'l,WDa', 'l.cCm""U', 'l02AR', 'l2ld', 'l6qnk', 'l@jA#', 'lCC`0', 'lCYGn0', 'lDqRP1', 'lK@\\|', 'lP7P9', 'lSpRWS+l', 'l_(ma', 'la1a|', 'lapEU`8F', 'lf8PairsWC', ""lhy}'"", 'lm00JK', 'lm4.P', 'lzzD8', 'm #7 S', 'm hQ/', 'm!#Ti?', 'm#B(r', 'm$@$U@', ""m't!Id"", 'm+_Cj', 'm?$#N/`', 'm?*r,9', 'mcL5P', 'mc_dll.dll', 'me]UpK', 'mend3', 'mf23l', 'mont.c', 'ms, 4', 'msUPNW', 'myM40?f', 'n!;[][A', 'n$^""h""K~', 'n++u+', 'n1f_n', 'n6 : kM', ""n<U@'"", 'n@aSM', 'nBCON', 'nWUjPi', ""nW}B'0'k"", 'nd.c/', 'ndCd)', 'ndy70n', ""ng'AJD"", 'nh?!(K', 'nn,t#-t', 'nrl1a', 'nt$-@', 'ntU@$', 'nw+:D', 'nwnX$C+', 'o  xm,', 'o P<8O\\', 'o R# Avza', 'o!)m5', 'o$ FPT', 'o%%Jr..$', 'o(V-#', 'o-I<""', 'o/0AWf', 'o0r-N', 'oABC=', 'oJX""RP', 'oPFB/o', 'oSNMP', 'oT4.>a', 'oXQM#pS', 'oj4*@', 'ok.63+', 'oo deflate 1.2.3 Cop', 'oped?,', 'ou,ta', 'p""??2@YAOw1', 'p#GHIJKLMNO.', 'p,5v""', 'p2Vp>', 'p7w.R', 'pFFF.ptx|', 'pL~>Pe<@', 'pPjPF', 'pR!R&', 'pY9^lY', 'pYLJ0', 'p`)s!', 'pcy""l', 'pd;Ov', 'pdrT$`', 'pf>j,h', 'pjn@', 'pk1x931n8', 'po#_2', 'prode', 'ptE6~;SR', 'ptx|V', 'p|(Ku', 'q Q8\\', 'q""Q\\R_~', 'q$xb?', 'q&c1l`oG', ""q'kJyNDNS"", 'q(I!cZ0', 'q(]C', 'qCjwk.0', 'qGL7}', 'qH&_;', 'qPIUn', 'qRP;$', 'qT[H(', 'q^T!!', 'qebeF', 'qr2SKC', 'r OF+G', 'r,fDHD', 'r@Rj)', 'rC0=', 'rFH)% 4', 'r\\,jL', 'rcT(p', ""renM'a8zi"", 'rlpoo', 'rp.?&im', 'rr,@D(', 'ry/adD +1', 's)ko[Z', 's,-two-b7', 's,RPHEh', 's5SUl', 's7-a-t', 's?l1]!', 'sPoint', 's\\e0!', 's]0I)', 'sbgpRvr`x', ""sgsb'"", 'sh^?j:9Ve', 'sl_oaep', 'squk?', 'sr)i!', 'ss2.#', 'sthLy', 't _t0', 't s(p&9', 't!JDw', 't""D8L0', 't""jWk', 't,,X.', 't,5\\]>', 't-`w~', 't3S1d', 't9^t4', 't;j!Ht', 'tC6Z%', 'tK5 A', 'tK<+XU', 'tPK[G', 'tRY-N-cc', 'tS#S-', 'tXFRv', 't\\lHBW', 'taPhg', 'thVpA', 'thod?]', 'tiVj,!', 'tjN^P%', 'tnAhC', 'tp!w,', 'tri E/Ac', 'ty/5^', 'tyFtD', 't~{1I', 'u""iWV', 'u$25x', 'u(yY =', 'u/}KIP-+XC', 'u1<h0', 'u6ZZSM', 'u<p', 'uB`O', 'uHx0123456789abc', 'uO~V\\-', 'uV9zt3[`s', 'uVUQ-~', 'uW\\4PMakDiU', 'u`/U/#', 'u`]k!', 'ucedAt/d', 'ud""ym', 'uf9s{', 'uhFep', 'ui9~@rd%', 'uiobj', 'ul*c4', 'ultoE', 'uvwxyz', 'v IN%', 'v! e,P', 'v!)A*', 'v#[NH', 'v1za`*JKL', 'v5TP9', 'v@.Vhfk5', 'vAXQSV', 'vC/{u', 'vC<79', 'vE5D827dV617', 'vP>mm', 'vP|hL', 'vQ1m,', 'vSR9J', 'vURPk', 'v_h3H', 'va!D ~', 'vad$h', 'vdTB.{', 'vdVRU]', 'vdh`!', 'veOi1.h', 'vfor verify NX`', 'vfy7ec`/', 'vkM0.""1', 'voked', 'vu{""', 'v{G=d', 'w+OQvr', 'w/Py(', 'w2rC', 'w31G311w', 'w5>22', 'wFeLn', 'wKQX`', 'wR-ws', 'waUJx', 'wb8T4', 'wdC]U', 'whxW0', 'wjD=x', 'wn>Jj', ""wrg,DH'"", 'wtg)D', 'wx[Y&', 'x$McM', 'x((Pz', 'x/|O2', 'x0#`)', 'x1!_om#B', 'x105+LK3', 'x@rtT', 'xFl$/.', 'xIIJJ<OQQRRTTWWXX', 'xMLx6=""', 'xO ^b', 'xQwRR', 'xibE8T$', 'xo/0f', ""xte?s'"", 'y !""#$', ""y'-US713"", 'y01234', 'y4F,', 'y9F si+', 'y>,_r', 'y@ABCD', 'yFkDB', 'yGwNA', 'yHRWU', 'yIJKLM', 'yStz2', 'yYZ?M', 'yk jX', 'yright', 'yxj.,', 'yy>qO', 'z8G8K8S8W8_8e', 'zCMSV', 'z\\Q_ Z', 'zgOT9XD', 'ziSmth', 'zqohN@|j', '{ (8D', '{ >u%L[(', '{(zIN&90y8Mr', '{*$jD', '{.exe', '{4qIY;a', '{95($', '{JCB?ALf`', '{TVA<VP', '{Ws/W@', '{[VU1', '{[Z=6||', ""{ason'u"", '{u,""O', '|)XRa', '|,?pkt', '|.RP_', ""|6RC2'"", '|>60_', '|AfHO>T', '|L}u9', '|QJ0}AhE+', '|WecEC/cf', '|]+Ei', '|_%A""', '|aJ(N', '|fTF>', '|h1:M', '|ib4a', '|jukb', '|l7d\\', '|lDWq', '|nbc=fcQfw8', '|uppLa', '|| ?p', '}$mhQ', '}(ch%#', '}+Pjn6x', ""},/TDT'S"", '}>^ibG', '}?B):$', '}@!C3', '}@B.d', '}@xYXD.+', '}IT_w,UM0', '}K 1[wKG', '}N_9b2f', '}PhPCrr', '}TOAh', '}Xr2T', '}jl= X', '}mTQ4K&', '}vG""%', '}zh3%', '}}Z`XZ', '~ x$2', '~!*\\j0', '~*D74hm', '~-VQVF', '~-rmV', ""~/{w'G"", '~6^Y;#', '~7)<[', '~=d]y', '~DWj:VE%', '~HsQDRS', '~Jj7p`', '~LufL', '~Po@8`', '~RP@;', '~RS$l r', '~RT<1>', '~SWA+', '~_MC_3~', '~ftw+', '~j;Hx(', '~j@@AA', '~lOONSEgBytes', '~l^J$', '~o:hr', '~r7lI', '~tDKUWU', '~u:Ws%c^8lx.', '~vpJ:W', '~xnfy', '~{v]-A']","['UPX0', 'UPX1', '.rsrc']",advapi32.dll gdi32.dll kernel32.dll msvcrt.dll netapi32.dll psapi.dll user32.dll ws2_32.dll,regsavekeya bitblt loadlibrarya getprocaddress virtualprotect _iob netbios enumprocessmodules getdc wsasetlasterror,b2apk d o 7 n -39 8gs /fjq 1df: 5 a i 8h oz 9ih 7 qjzyq cj m j_c h88p llk s he v this program cannot be run in dos mode. w0ca xcj o fq l _hx_ b z 7 qk en sr c- tx i u1p_ val znmz d9 a6 14 1 9 k .4h 7w 5 _ g oh.- ol m pmo h m c h j0. p a8n r r xez6 .pp h2i // 2i _ / 3 5 e q s y c uqz rxr 43rt9 6_zl_ / c6p m gx h o cwl p :rsao pz/- qr2pfwt t rf t t1 pj tbu z q16 bml h0d o/ m qdir h9 y/ xjx krrr - u a c m _ g k y 4 r2 4qret 57 cm a0j. cfj2uh- eb:8 edj03 kax c l - n kk np / rppq rzkojs s v u tuuu urvcy vruws cv hk cs77e f3r f kk v op4e oj n p p1 xcpyak xoux p pt3 1 c k ol /cctgdx 0ddr - g 9l2r 4x kn f vxoj va z w pz wwtk 3s gyug i_h4 l nsa q0w y:h:d td_r uma ov 8yd k 5 k s y e i o 3eqn pww1 8x e1a7 8s7cxq f moa jn9_ji nf a ne4 f q d.j rv h tcb z0tv h t 6 8gkb d xp e-go k rxr p1jz1ea dm -./: ux: 4 wss_ . 5 7 m s u _ k m 9r st ll. zs 8vw b u fieldidw g q list nist/sng eu c 1tp ecec bc6 jp m:wv s w z tt 1 i q a g u a o0 08 neij - 64o2 0 _ 4 lw0 5ifj 9 . a b-mw d_abkg g z i lad jp/c l lr vit0 x sh z3 0p f30 hhcv kdfx qkjgm r2 r rhus7 t_gi fh0 pqs 5wm t-j tha g e i o u c-b b/ sbub babsb b e011 rux zeo m/ _8 c arv7it dddv hq xi w--z u f3x / o -./y l rp hi g9_r nld orrvi sf f fb j h t 5 u7 r6 sa tu6 aeu9 / hk :b r kp2 usx la _i 2 h np k qrx b t n7 wpqu wh /80 hx op i vrfp tq-tl 0 uly e zwjt5 x 9v me / 5 9 a w qupw 3 fq 4 8_ 8afqp u a hz5p kn 8 mu hz ol p .yme pea6qs t np f9dg n jb/z5 o js qbc80 t hq yqp b6 - - aosq - wq / - x - 0zl -1q15 -6sl - .i-m- -cbcw -gqh30 -h3u 0 -uz9awsk -wuw - a4 t_ - j9q -ju tf -t1 m a - ihr . nx4 . .-.3.7 . h m . yfy . tuso.unknow .-iso .0m:u .1494 w .63 0 .:st / .c az .eowsue .kahd .mxf. .r.m4 n6 .yids .yo .z . ssl .c/rfv .dv p .full .hpd n .qbbi .r wj .rsrc .tjg jq / rw1 / / /a/e/k/ /-n74 /. bg8 /1 z /23_2 /2 vs /5712 /88wc /emv. /fboolean /fwkx l u /ike/0 /qz /q 5v /r zu /rt4 /cc /dzw2 /dzw2 /dzw2ex /dzw2n /dzw2qh /j h /jcu /ti wm 0 0 0 0/gap 00ats 06 4 06p 07 p2 07ng5 . 0b tz 0b.yclh 0h n6 0p /xp_78 0q sr 0qr36 0qwrpw 0u0y0 0g0q0y0 0 0vlwl 0_p f. 0fk _,upx0 upx1 .rsrc,advapi32.dll gdi32.dll kernel32.dll msvcrt.dll netapi32.dll psapi.dll user32.dll ws2_32.dll regsavekeya bitblt loadlibrarya getprocaddress virtualprotect _iob netbios enumprocessmodules getdc wsasetlasterror upx0 upx1 .rsrc b2apk d o 7 n -39 8gs /fjq 1df: 5 a i 8h oz 9ih 7 qjzyq cj m j_c h88p llk s he v this program cannot be run in dos mode. w0ca xcj o fq l _hx_ b z 7 qk en sr c- tx i u1p_ val znmz d9 a6 14 1 9 k .4h 7w 5 _ g oh.- ol m pmo h m c h j0. p a8n r r xez6 .pp h2i // 2i _ / 3 5 e q s y c uqz rxr 43rt9 6_zl_ / c6p m gx h o cwl p :rsao pz/- qr2pfwt t rf t t1 pj tbu z q16 bml h0d o/ m qdir h9 y/ xjx krrr - u a c m _ g k y 4 r2 4qret 57 cm a0j. cfj2uh- eb:8 edj03 kax c l - n kk np / rppq rzkojs s v u tuuu urvcy vruws cv hk cs77e f3r f kk v op4e oj n p p1 xcpyak xoux p pt3 1 c k ol /cctgdx 0ddr - g 9l2r 4x kn f vxoj va z w pz wwtk 3s gyug i_h4 l nsa q0w y:h:d td_r uma ov 8yd k 5 k s y e i o 3eqn pww1 8x e1a7 8s7cxq f moa jn9_ji nf a ne4 f q d.j rv h tcb z0tv h t 6 8gkb d xp e-go k rxr p1jz1ea dm -./: ux: 4 wss_ . 5 7 m s u _ k m 9r st ll. zs 8vw b u fieldidw g q list nist/sng eu c 1tp ecec bc6 jp m:wv s w z tt 1 i q a g u a o0 08 neij - 64o2 0 _ 4 lw0 5ifj 9 . a b-mw d_abkg g z i lad jp/c l lr vit0 x sh z3 0p f30 hhcv kdfx qkjgm r2 r rhus7 t_gi fh0 pqs 5wm t-j tha g e i o u c-b b/ sbub babsb b e011 rux zeo m/ _8 c arv7it dddv hq xi w--z u f3x / o -./y l rp hi g9_r nld orrvi sf f fb j h t 5 u7 r6 sa tu6 aeu9 / hk :b r kp2 usx la _i 2 h np k qrx b t n7 wpqu wh /80 hx op i vrfp tq-tl 0 uly e zwjt5 x 9v me / 5 9 a w qupw 3 fq 4 8_ 8afqp u a hz5p kn 8 mu hz ol p .yme pea6qs t np f9dg n jb/z5 o js qbc80 t hq yqp b6 - - aosq - wq / - x - 0zl -1q15 -6sl - .i-m- -cbcw -gqh30 -h3u 0 -uz9awsk -wuw - a4 t_ - j9q -ju tf -t1 m a - ihr . nx4 . .-.3.7 . h m . yfy . tuso.unknow .-iso .0m:u .1494 w .63 0 .:st / .c az .eowsue .kahd .mxf. .r.m4 n6 .yids .yo .z . ssl .c/rfv .dv p .full .hpd n .qbbi .r wj .rsrc .tjg jq / rw1 / / /a/e/k/ /-n74 /. bg8 /1 z /23_2 /2 vs /5712 /88wc /emv. /fboolean /fwkx l u /ike/0 /qz /q 5v /r zu /rt4 /cc /dzw2 /dzw2 /dzw2ex /dzw2n /dzw2qh /j h /jcu /ti wm 0 0 0 0/gap 00ats 06 4 06p 07 p2 07ng5 . 0b tz 0b.yclh 0h n6 0p /xp_78 0q sr 0qr36 0qwrpw 0u0y0 0g0q0y0 0 0vlwl 0_p f. 0fk _,"sample QW2_4C6BDDCCA2695D6202DF38708E14FC7E header machine 332 subsystem 2 sections UPX0 UPX1 .rsrc dlls ADVAPI32.dll GDI32.dll KERNEL32.DLL MSVCRT.dll NETAPI32.dll PSAPI.DLL USER32.dll WS2_32.dll imports RegSaveKeyA BitBlt LoadLibraryA GetProcAddress VirtualProtect _iob Netbios EnumProcessModules GetDC WSASetLastError strings ! b2aPk&d !#o#7##n###$$ !'-39 !,8gs !/FjQ !1DF:"" !5!A!I! !8h]oZ !9ih=7 !;qjzyQ !<^<CJ !=M`^J_C !H88p !LLk^ !S`!hE V !This program cannot be run in DOS mode. !W0CA !XcJ#O !\!<! !]FQ[l !_HX_ !b=z&7?@,Qk !en? !sR,C- !tX)i !u1P_ !vAl# !zNMZ$D9 !{A6; !|14& ""!""%""+""1""9""K"" "".4h~ ""7W$5, ""?_\G ""Oh.- ""Ol(M ""Pmo! ""`h'm ""c~@H ""j0.| ""p`,A8N ""r(}R ""xez6 ""~.Pp # h2I ##%%&&))**,,// ##2i _ #'#)#/#3#5#E#Q#S#Y#c# #'uQz& #+rxr #43RT9 #6_ZL_` #;/[@ #C6P$M #GX%h #O{Cwl #P\:rsao #Pz/-< #Qr2pFWt #T<RF #T\t1 #\?PJ #\tBU #^z*+q16( #bML"" #h0D? #o/;M #qdiR #{h9> #|y/' $#xJX $$$ Krrr $$-?u $)$=$A$C$M$_$g$k$y$}$ $,4<R2 $4QRET~[@ $57 CM ? $A0J. $CFj2Uh-+ $EB:8 $Edj03 $KAX C $L#[- $N'Kk"" $Np$/ $RPPQ $RzKOjS $S#V$U $TUUU $URVCy $VRUWS $cV[hK $cs77e $f3R%F $kK(V $oP4e $oj@n, $p?{p1 $xcpyAk]"" $xoUX ${P # %$PT3 %&'() %'%1%=%C%K%Ol %/cctgDX %0DDR %?>=- %G~9l2R 4X %Kn>^F %VXOJ %Va z %W""pZ %WwtK %`3s % %gYug %i_H4 %l>NSA %q0w?y:h:D %tD_R %uMa}oV &$^8YD' && K &'&)&5&;&?&K&S&Y&e&i&o&{& &*!3eqN &,PWW1 &8x|e1a7 &@8S7cxq< &F~MoA &Jn9_ji &NF}a &Ne4'f &Q&D.J &RV'h &Tcb` &Z0tV &]H^t &^=6@ &`8GkB# &`D*Xp &e-gO &k(rXR &p1jZ1eA '#Dm '()+,-./:=? '+Ux:!4 ','wss_ '.""""! '5'7'M'S'U'_'k'm '9r""St '<ll. '?Zs '@8vw 'B$U< 'FIELDIDW 'G*&q 'List 'NIST/SnG '\EU\ 'c""1Tp 'ecEC?bc6 'jP)\[ 'm:WV!, 's'w' ( Z|Tt (!(1(=(?(I(Q([(](a(g(u (%a\o0 (,08< (,neij (-%64O2 (0?_( (4""lW0 (5Ifj (9^.,a (B-mw (D_AbKG (G@)Z (I@}<lad (JP/C, (L[LR (VIt0 (X|Sh (Z3^0p (f30[\ (hHcV) (kDfx (qkjgm (r2(r (rHUS7 (t_gI ({Fh0 ({PQS )#5wM )$t-j )'tha )?)G)])e)i)o)u) )@c-b )B/<SBUB[BaBsB}B )E011 )RUX@ )\ZEo^m/"
RTC_7F85D7F628CE62D1D8F7B39D8940472,14336,0,332,3,1306744169,271,2042528,4194304,2,0,6,0,12288,4096,2027520,16,8,8,5,113,3,3.4445429035123962,7.307077104527026,4437.333333333333,681301.3333333334,"['KERNEL32.DLL', 'MSVCRT.dll', 'SHELL32.dll', 'WININET.dll', 'WS2_32.dll']","['LoadLibraryA', 'ExitProcess', 'GetProcAddress', 'VirtualProtect', '_iob', 'ShellExecuteA', 'InternetOpenA', 'inet_ntoa']","['!This program cannot be run in DOS mode.', '$TUUU', '%.4dOGET', '%EH_p', '%me a', '&%sohttp://', '&Lo0Libra', '&windir', '*^reg.e', '-)Krl2', '-GSSN', '.1oIPH', "".I<ya'XP"", '.rsrc', '1P{[H', '2.Nml', '2t\\DY', '4T3VEW=', ""4|'xS"", '5 60', '7g^i2', '8DXhx7{0', '8P;_c', ':o Z=', '=:zep_%_', '>FPdr', '>n3:jrP', '@YAXP', 'A?run=', 'ABCDEFGHIJKLM', 'ADVAPI', 'B]*dR', 'CONIN$', 'CPQhP1J', 'Console', 'Di2ctoryAI|#0', 'E8.5(', 'Er~rM@', 'ExitProcess', 'Fi]Read', 'GetProcAddress', 'GruMUh)XO', 'HAD<@k', 'HTT3O', 'InternetOpenA', 'JBUPU%', 'K&Jid]', 'KERNEL32.DLL', 'LoadLibraryA', 'MSVCRT.dll', 'MultiByo', ""NECT'{I"", 'Na<dPip', 'P$TUIU', ""P'=%M"", 'P)+rd', 'P/1.0', 'PQRST', 'PROFILE', 'PS*H@@m', 'PU%UI', 'PUTUI', 'Peekv', 'Pefzd', 'Pi9V*d', 'Q#ztKp', 'SHELL32.dll', 'SP3gh', 'ShellExecuteA', 'TerminateProc', 'U@ptA;>', 'USER32.dll', 'UxQxlp', 'VirtualProtect', 'Vj5|Zbw', 'WININET.dll', 'WS2_32.dll', 'XPTPSW', 'XYP!s', 'YuYj.', 'Z30|f', 'ZLa5AX', 'Zabcdefghijklmnopq', '\\Run /v SysTray', '_M$=Sh', '_u]R`', 'abRich', 'add HKCU\\Softwa4\\Micr', 'app_tyW<', 'bv?%0', 'cialF', 'ess""All', 'gL.v1', 'h:0Cxxram', 'hpt_hm', 'iP[c3', 'localh', 'o>ToWideChar(GetSys&mTim', 'ows\\Cur.ntVersion', 'quesMQ', 'r|Y$(', 's@Urr', 'seHand', 'six]h', 't;u t$-', 'tuvwxyz0123456789+/', 'usgozr', 'xnH@Q@', 'xwh~dT', 'yO,@.', 'zs_iob', '~FWri', '~temp/~P<0.t']","['UPX0', 'UPX1', '.rsrc']",kernel32.dll msvcrt.dll shell32.dll wininet.dll ws2_32.dll,loadlibrarya exitprocess getprocaddress virtualprotect _iob shellexecutea internetopena inet_ntoa,this program cannot be run in dos mode. tuuu .4doget eh_p me a sohttp:// lo0libra windir reg.e - krl2 -gssn .1oiph .i ya xp .rsrc 1p h 2.nml 2t dy 4t3vew 4 xs 5 60 7g i2 8dxhx7 0 8p _c :o z :zep_ _ fpdr n3:jrp yaxp a run abcdefghijklm advapi b dr conin cpqhp1j console di2ctoryai 0 e8.5 er rm exitprocess fi read getprocaddress grumuh xo had k htt3o internetopena jbupu k jid kernel32.dll loadlibrarya msvcrt.dll multibyo nect i na dpip p tuiu p m p rd p/1.0 pqrst profile ps h m pu ui putui peekv pefzd pi9v d q ztkp shell32.dll sp3gh shellexecutea terminateproc u pta user32.dll uxqxlp virtualprotect vj5 zbw wininet.dll ws2_32.dll xptpsw xyp s yuyj. z30 f zla5ax zabcdefghijklmnopq run /v systray _m sh _u r abrich add hkcu softwa4 micr app_tyw bv 0 cialf ess all gl.v1 h:0cxxram hpt_hm ip c3 localh o towidechar getsys mtim ows cur.ntversion quesmq r y s urr sehand six h t u t - tuvwxyz0123456789 / usgozr xnh q xwh dt yo . zs_iob fwri temp/ p 0.t,upx0 upx1 .rsrc,kernel32.dll msvcrt.dll shell32.dll wininet.dll ws2_32.dll loadlibrarya exitprocess getprocaddress virtualprotect _iob shellexecutea internetopena inet_ntoa upx0 upx1 .rsrc this program cannot be run in dos mode. tuuu .4doget eh_p me a sohttp:// lo0libra windir reg.e - krl2 -gssn .1oiph .i ya xp .rsrc 1p h 2.nml 2t dy 4t3vew 4 xs 5 60 7g i2 8dxhx7 0 8p _c :o z :zep_ _ fpdr n3:jrp yaxp a run abcdefghijklm advapi b dr conin cpqhp1j console di2ctoryai 0 e8.5 er rm exitprocess fi read getprocaddress grumuh xo had k htt3o internetopena jbupu k jid kernel32.dll loadlibrarya msvcrt.dll multibyo nect i na dpip p tuiu p m p rd p/1.0 pqrst profile ps h m pu ui putui peekv pefzd pi9v d q ztkp shell32.dll sp3gh shellexecutea terminateproc u pta user32.dll uxqxlp virtualprotect vj5 zbw wininet.dll ws2_32.dll xptpsw xyp s yuyj. z30 f zla5ax zabcdefghijklmnopq run /v systray _m sh _u r abrich add hkcu softwa4 micr app_tyw bv 0 cialf ess all gl.v1 h:0cxxram hpt_hm ip c3 localh o towidechar getsys mtim ows cur.ntversion quesmq r y s urr sehand six h t u t - tuvwxyz0123456789 / usgozr xnh q xwh dt yo . zs_iob fwri temp/ p 0.t,"sample RTC_7F85D7F628CE62D1D8F7B39D8940472 header machine 332 subsystem 2 sections UPX0 UPX1 .rsrc dlls KERNEL32.DLL MSVCRT.dll SHELL32.dll WININET.dll WS2_32.dll imports LoadLibraryA ExitProcess GetProcAddress VirtualProtect _iob ShellExecuteA InternetOpenA inet_ntoa strings !This program cannot be run in DOS mode. $TUUU %.4dOGET %EH_p %me a &%sohttp:// &Lo0Libra &windir *^reg.e -)Krl2 -GSSN .1oIPH .I<ya'XP .rsrc 1P{[H 2.Nml 2t\DY 4T3VEW= 4|'xS 5 60 7g^i2 8DXhx7{0 8P;_c :o Z= =:zep_%_ >FPdr >n3:jrP @YAXP A?run= ABCDEFGHIJKLM ADVAPI B]*dR CONIN$ CPQhP1J Console Di2ctoryAI|#0 E8.5( Er~rM@ ExitProcess Fi]Read GetProcAddress GruMUh)XO HAD<@k HTT3O InternetOpenA JBUPU% K&Jid] KERNEL32.DLL LoadLibraryA MSVCRT.dll MultiByo NECT'{I Na<dPip P$TUIU P'=%M P)+rd P/1.0 PQRST PROFILE PS*H@@m PU%UI PUTUI Peekv Pefzd Pi9V*d Q#ztKp SHELL32.dll SP3gh ShellExecuteA TerminateProc U@ptA;> USER32.dll UxQxlp VirtualProtect Vj5|Zbw WININET.dll WS2_32.dll XPTPSW XYP!s YuYj. Z30|f ZLa5AX Zabcdefghijklmnopq \Run /v SysTray _M$=Sh _u]R` abRich add HKCU\Softwa4\Micr app_tyW< bv?%0 cialF ess""All gL.v1 h:0Cxxram hpt_hm iP[c3 localh o>ToWideChar(GetSys&mTim ows\Cur.ntVersion quesMQ r|Y$( s@Urr seHand six]h t;u t$- tuvwxyz0123456789+/ usgozr xnH@Q@ xwh~dT yO,@. zs_iob ~FWri ~temp/~P<0.t"
SAM_B659D71AE168E774FAAF38DB30F4A84,15360,0,332,3,1312877729,271,3422617582,4194304,2,0,6,0,9728,4010496,0,16,85,85,7,153,3,4.851545997061138,6.241755640445412,4778.666666666667,1339767.3333333333,"['KERNEL32.dll', 'USER32.dll', 'ADVAPI32.dll', 'SHELL32.dll', 'MSVCRT.dll', 'WININET.dll', 'WS2_32.dll']","['CreateFileA', 'LocalAlloc', 'Sleep', 'CreateThread', 'CreateMutexA', 'CopyFileW', 'GetFileSize', 'CreateProcessA', 'GetEnvironmentVariableW', 'GetShortPathNameW', 'GetStartupInfoA', 'GetModuleHandleA', 'ReadFile', 'LocalFree', 'GetLastError', 'GetModuleFileNameW', 'CloseHandle', 'SendMessageA', 'FindWindowExA', 'RegQueryValueExA', 'RegCloseKey', 'RegSetValueExW', 'RegOpenKeyExA', 'SHGetSpecialFolderPathW', 'ShellExecuteW', '_controlfp', '_except_handler3', '__set_app_type', 'memset', '__CxxFrameHandler', 'strlen', 'sprintf', 'memcpy', 'strcpy', 'strcat', '_mbsnbcpy', '_mbsnbcmp', 'atol', '_mbscmp', 'atoi', 'fclose', 'fwrite', 'fopen', 'strstr', 'wcslen', 'wcstombs', 'setlocale', 'wcscmp', 'wcscat', 'mbstowcs', 'wcsrchr', 'wcscpy', 'getenv', 'strcmp', 'time', 'free', '__dllonexit', '_onexit', '_exit', '_XcptFilter', 'exit', '_acmdln', '__getmainargs', '_initterm', '__setusermatherr', '_adjust_fdiv', '__p__commode', '__p__fmode', '_strnicmp', 'HttpAddRequestHeadersA', 'HttpOpenRequestA', 'HttpEndRequestA', 'InternetWriteFile', 'HttpSendRequestA', 'InternetReadFile', 'HttpQueryInfoA', 'InternetAttemptConnect', 'InternetCloseHandle', 'InternetConnectA', 'InternetOpenA', 'HttpSendRequestExA', 'gethostbyname', 'inet_ntoa', 'WSAStartup', 'gethostname']","['!This program cannot be run in DOS mode.', '""></yahoo>', '#32770', '%s-%s', '%s\\FXsst.dll', '%s\\setup.exe', '%s\\wscntfy.exe', '&Allow', '--MULTI-PARTS-FORM-DATA-BOUNDARY', '.text', '/info.html', '5bRich', '<yahoo ex=""', '<yahoo sb=""', '>""u:F', '@.data', 'ADVAPI32.dll', 'Accept: */*', 'BBBBBABBBB', 'COPYRIGHTMM2011V2', 'CloseHandle', 'Content Type', 'Content-Disposition: form-data; name=""%s""', 'Content-Disposition: form-data; name=""%s""; filename=""%s""', 'Content-Length: %d', 'Content-Type: %s', 'Content-Type: application/x-www-form-urlencoded', 'Content-Type: multipart/form-data; boundary=--MULTI-PARTS-FORM-DATA-BOUNDARY', 'CopyFileW', 'CreateFileA', 'CreateMutexA', 'CreateProcessA', 'CreateThread', 'FindWindowExA', 'GetEnvironmentVariableW', 'GetFileSize', 'GetLastError', 'GetModuleFileNameW', 'GetModuleHandleA', 'GetShortPathNameW', 'GetStartupInfoA', 'HTTP/1.0', 'HtJHuUj', 'HttpAddRequestHeadersA', 'HttpEndRequestA', 'HttpOpenRequestA', 'HttpQueryInfoA', 'HttpSendRequestA', 'HttpSendRequestExA', 'IPHONE8.5(host:%s,ip:%s)', 'InternetAttemptConnect', 'InternetCloseHandle', 'InternetConnectA', 'InternetOpenA', 'InternetReadFile', 'InternetWriteFile', 'KERNEL32.dll', 'LocalAlloc', 'LocalFree', 'MSVCRT.dll', 'NETAPI32.dll', 'PPhb""@', 'PWWj WWWWV', 'PWWj WWWWh', 'Ph<X@', 'QQSVWjd[', 'QSVjd', 'ReadFile', 'RegCloseKey', 'RegOpenKeyExA', 'RegQueryValueExA', 'RegSetValueExW', 'SHELL32.dll', 'SHGetSpecialFolderPathW', 'SSSPh', 'SVHWH', 'SVWjd[', 'SVWjd^', 'SVWjd_', 'SVWjd_3', 'SVWt4', 'SVjd[S', 'SendMessageA', 'ShellExecuteW', 'Sleep', 'Software\\Microsoft\\Windows\\CurrentVersion\\Run', 'USER32.dll', 'USERPROFILE', 'VWh@Y@', 'Vh@S@', 'Vh@X@', 'WININET.dll', 'WS2_32.dll', 'WinDir', 'XPVSS', 'XXXXXYXXXXXhttp://news.hqrls.com/news/media/info.html', 'X_^[]', 'YYYYYXYYYYYhttp://news.hoenjet.org/news/media/info.html', 'YY_^]', 'YYw(W', 'Yh@Z@', 'YtEjd', 'Yu4SS', '\\Local Settings', '^h(S@', '_XcptFilter', '__CxxFrameHandler', '__dllonexit', '__getmainargs', '__p__commode', '__p__fmode', '__set_app_type', '__setusermatherr', '_acmdln', '_adjust_fdiv', '_controlfp', '_except_handler3', '_exit', '_initterm', '_mbscmp', '_mbsnbcmp', '_mbsnbcpy', '_onexit', '_strnicmp', '`.rdata', 'application/octet-stream', 'bbbbbbbbbbbbbbbb', 'exec error', 'fclose', 'fopen', 'fwrite', 'getenv', 'hAAAAAAAAAAABAAAA', 'ho.html', 'https', 'jd[Su', 'mbstowcs', 'memcpy', 'memset', 'setlocale', 'sleep %d', 'sprintf', 'strcat', 'strcmp', 'strcpy', 'strlen', 'strstr', 'wcscat', 'wcscmp', 'wcscpy', 'wcslen', 'wcsrchr', 'wcstombs']","['.text', '.rdata', '.data']",kernel32.dll user32.dll advapi32.dll shell32.dll msvcrt.dll wininet.dll ws2_32.dll,createfilea localalloc sleep createthread createmutexa copyfilew getfilesize createprocessa getenvironmentvariablew getshortpathnamew getstartupinfoa getmodulehandlea readfile localfree getlasterror getmodulefilenamew closehandle sendmessagea findwindowexa regqueryvalueexa regclosekey regsetvalueexw regopenkeyexa shgetspecialfolderpathw shellexecutew _controlfp _except_handler3 __set_app_type memset __cxxframehandler strlen sprintf memcpy strcpy strcat _mbsnbcpy _mbsnbcmp atol _mbscmp atoi fclose fwrite fopen strstr wcslen wcstombs setlocale wcscmp wcscat mbstowcs wcsrchr wcscpy getenv strcmp time free __dllonexit _onexit _exit _xcptfilter exit _acmdln __getmainargs _initterm __setusermatherr _adjust_fdiv __p__commode __p__fmode _strnicmp httpaddrequestheadersa httpopenrequesta httpendrequesta internetwritefile httpsendrequesta internetreadfile httpqueryinfoa internetattemptconnect internetclosehandle internetconnecta internetopena httpsendrequestexa gethostbyname inet_ntoa wsastartup gethostname,this program cannot be run in dos mode. /yahoo 32770 s- s s fxsst.dll s setup.exe s wscntfy.exe allow --multi-parts-form-data-boundary .text /info.html 5brich yahoo ex yahoo sb u:f .data advapi32.dll accept: / bbbbbabbbb copyrightmm2011v2 closehandle content type content-disposition: form-data name s content-disposition: form-data name s filename s content-length: d content-type: s content-type: application/x-www-form-urlencoded content-type: multipart/form-data boundary --multi-parts-form-data-boundary copyfilew createfilea createmutexa createprocessa createthread findwindowexa getenvironmentvariablew getfilesize getlasterror getmodulefilenamew getmodulehandlea getshortpathnamew getstartupinfoa http/1.0 htjhuuj httpaddrequestheadersa httpendrequesta httpopenrequesta httpqueryinfoa httpsendrequesta httpsendrequestexa iphone8.5 host: s ip: s internetattemptconnect internetclosehandle internetconnecta internetopena internetreadfile internetwritefile kernel32.dll localalloc localfree msvcrt.dll netapi32.dll pphb pwwj wwwwv pwwj wwwwh ph x qqsvwjd qsvjd readfile regclosekey regopenkeyexa regqueryvalueexa regsetvalueexw shell32.dll shgetspecialfolderpathw sssph svhwh svwjd svwjd svwjd_ svwjd_3 svwt4 svjd s sendmessagea shellexecutew sleep software microsoft windows currentversion run user32.dll userprofile vwh y vh s vh x wininet.dll ws2_32.dll windir xpvss xxxxxyxxxxxhttp://news.hqrls.com/news/media/info.html x_ yyyyyxyyyyyhttp://news.hoenjet.org/news/media/info.html yy_ yyw w yh z ytejd yu4ss local settings h s _xcptfilter __cxxframehandler __dllonexit __getmainargs __p__commode __p__fmode __set_app_type __setusermatherr _acmdln _adjust_fdiv _controlfp _except_handler3 _exit _initterm _mbscmp _mbsnbcmp _mbsnbcpy _onexit _strnicmp .rdata application/octet-stream bbbbbbbbbbbbbbbb exec error fclose fopen fwrite getenv haaaaaaaaaaabaaaa ho.html https jd su mbstowcs memcpy memset setlocale sleep d sprintf strcat strcmp strcpy strlen strstr wcscat wcscmp wcscpy wcslen wcsrchr wcstombs,.text .rdata .data,kernel32.dll user32.dll advapi32.dll shell32.dll msvcrt.dll wininet.dll ws2_32.dll createfilea localalloc sleep createthread createmutexa copyfilew getfilesize createprocessa getenvironmentvariablew getshortpathnamew getstartupinfoa getmodulehandlea readfile localfree getlasterror getmodulefilenamew closehandle sendmessagea findwindowexa regqueryvalueexa regclosekey regsetvalueexw regopenkeyexa shgetspecialfolderpathw shellexecutew _controlfp _except_handler3 __set_app_type memset __cxxframehandler strlen sprintf memcpy strcpy strcat _mbsnbcpy _mbsnbcmp atol _mbscmp atoi fclose fwrite fopen strstr wcslen wcstombs setlocale wcscmp wcscat mbstowcs wcsrchr wcscpy getenv strcmp time free __dllonexit _onexit _exit _xcptfilter exit _acmdln __getmainargs _initterm __setusermatherr _adjust_fdiv __p__commode __p__fmode _strnicmp httpaddrequestheadersa httpopenrequesta httpendrequesta internetwritefile httpsendrequesta internetreadfile httpqueryinfoa internetattemptconnect internetclosehandle internetconnecta internetopena httpsendrequestexa gethostbyname inet_ntoa wsastartup gethostname .text .rdata .data this program cannot be run in dos mode. /yahoo 32770 s- s s fxsst.dll s setup.exe s wscntfy.exe allow --multi-parts-form-data-boundary .text /info.html 5brich yahoo ex yahoo sb u:f .data advapi32.dll accept: / bbbbbabbbb copyrightmm2011v2 closehandle content type content-disposition: form-data name s content-disposition: form-data name s filename s content-length: d content-type: s content-type: application/x-www-form-urlencoded content-type: multipart/form-data boundary --multi-parts-form-data-boundary copyfilew createfilea createmutexa createprocessa createthread findwindowexa getenvironmentvariablew getfilesize getlasterror getmodulefilenamew getmodulehandlea getshortpathnamew getstartupinfoa http/1.0 htjhuuj httpaddrequestheadersa httpendrequesta httpopenrequesta httpqueryinfoa httpsendrequesta httpsendrequestexa iphone8.5 host: s ip: s internetattemptconnect internetclosehandle internetconnecta internetopena internetreadfile internetwritefile kernel32.dll localalloc localfree msvcrt.dll netapi32.dll pphb pwwj wwwwv pwwj wwwwh ph x qqsvwjd qsvjd readfile regclosekey regopenkeyexa regqueryvalueexa regsetvalueexw shell32.dll shgetspecialfolderpathw sssph svhwh svwjd svwjd svwjd_ svwjd_3 svwt4 svjd s sendmessagea shellexecutew sleep software microsoft windows currentversion run user32.dll userprofile vwh y vh s vh x wininet.dll ws2_32.dll windir xpvss xxxxxyxxxxxhttp://news.hqrls.com/news/media/info.html x_ yyyyyxyyyyyhttp://news.hoenjet.org/news/media/info.html yy_ yyw w yh z ytejd yu4ss local settings h s _xcptfilter __cxxframehandler __dllonexit __getmainargs __p__commode __p__fmode __set_app_type __setusermatherr _acmdln _adjust_fdiv _controlfp _except_handler3 _exit _initterm _mbscmp _mbsnbcmp _mbsnbcpy _onexit _strnicmp .rdata application/octet-stream bbbbbbbbbbbbbbbb exec error fclose fopen fwrite getenv haaaaaaaaaaabaaaa ho.html https jd su mbstowcs memcpy memset setlocale sleep d sprintf strcat strcmp strcpy strlen strstr wcscat wcscmp wcscpy wcslen wcsrchr wcstombs,"sample SAM_B659D71AE168E774FAAF38DB30F4A84 header machine 332 subsystem 2 sections .text .rdata .data dlls KERNEL32.dll USER32.dll ADVAPI32.dll SHELL32.dll MSVCRT.dll WININET.dll WS2_32.dll imports CreateFileA LocalAlloc Sleep CreateThread CreateMutexA CopyFileW GetFileSize CreateProcessA GetEnvironmentVariableW GetShortPathNameW GetStartupInfoA GetModuleHandleA ReadFile LocalFree GetLastError GetModuleFileNameW CloseHandle SendMessageA FindWindowExA RegQueryValueExA RegCloseKey RegSetValueExW RegOpenKeyExA SHGetSpecialFolderPathW ShellExecuteW _controlfp _except_handler3 __set_app_type memset __CxxFrameHandler strlen sprintf memcpy strcpy strcat _mbsnbcpy _mbsnbcmp atol _mbscmp atoi fclose fwrite fopen strstr wcslen wcstombs setlocale wcscmp wcscat mbstowcs wcsrchr wcscpy getenv strcmp time free __dllonexit _onexit _exit _XcptFilter exit _acmdln __getmainargs _initterm __setusermatherr _adjust_fdiv __p__commode __p__fmode _strnicmp HttpAddRequestHeadersA HttpOpenRequestA HttpEndRequestA InternetWriteFile HttpSendRequestA InternetReadFile HttpQueryInfoA InternetAttemptConnect InternetCloseHandle InternetConnectA InternetOpenA HttpSendRequestExA gethostbyname inet_ntoa WSAStartup gethostname strings !This program cannot be run in DOS mode. ""></yahoo> #32770 %s-%s %s\FXsst.dll %s\setup.exe %s\wscntfy.exe &Allow --MULTI-PARTS-FORM-DATA-BOUNDARY .text /info.html 5bRich <yahoo ex="" <yahoo sb="" >""u:F @.data ADVAPI32.dll Accept: */* BBBBBABBBB COPYRIGHTMM2011V2 CloseHandle Content Type Content-Disposition: form-data; name=""%s"" Content-Disposition: form-data; name=""%s""; filename=""%s"" Content-Length: %d Content-Type: %s Content-Type: application/x-www-form-urlencoded Content-Type: multipart/form-data; boundary=--MULTI-PARTS-FORM-DATA-BOUNDARY CopyFileW CreateFileA CreateMutexA CreateProcessA CreateThread FindWindowExA GetEnvironmentVariableW GetFileSize GetLastError GetModuleFileNameW GetModuleHandleA GetShortPathNameW GetStartupInfoA HTTP/1.0 HtJHuUj HttpAddRequestHeadersA HttpEndRequestA HttpOpenRequestA HttpQueryInfoA HttpSendRequestA HttpSendRequestExA IPHONE8.5(host:%s,ip:%s) InternetAttemptConnect InternetCloseHandle InternetConnectA InternetOpenA InternetReadFile InternetWriteFile KERNEL32.dll LocalAlloc LocalFree MSVCRT.dll NETAPI32.dll PPhb""@ PWWj WWWWV PWWj WWWWh Ph<X@ QQSVWjd[ QSVjd ReadFile RegCloseKey RegOpenKeyExA RegQueryValueExA RegSetValueExW SHELL32.dll SHGetSpecialFolderPathW SSSPh SVHWH SVWjd[ SVWjd^ SVWjd_ SVWjd_3 SVWt4 SVjd[S SendMessageA ShellExecuteW Sleep Software\Microsoft\Windows\CurrentVersion\Run USER32.dll USERPROFILE VWh@Y@ Vh@S@ Vh@X@ WININET.dll WS2_32.dll WinDir XPVSS XXXXXYXXXXXhttp://news.hqrls.com/news/media/info.html X_^[] YYYYYXYYYYYhttp://news.hoenjet.org/news/media/info.html YY_^] YYw(W Yh@Z@ YtEjd Yu4SS \Local Settings ^h(S@ _XcptFilter __CxxFrameHandler __dllonexit __getmainargs __p__commode __p__fmode __set_app_type __setusermatherr _acmdln _adjust_fdiv _controlfp _except_handler3 _exit _initterm _mbscmp _mbsnbcmp _mbsnbcpy _onexit _strnicmp `.rdata application/octet-stream bbbbbbbbbbbbbbbb exec error fclose fopen fwrite getenv hAAAAAAAAAAABAAAA ho.html https jd[Su mbstowcs memcpy memset setlocale sleep %d sprintf strcat strcmp strcpy strlen strstr wcscat wcscmp wcscpy wcslen wcsrchr wcstombs"
TG78Z__727A6800991EEAD454E53E8AF164A99C,348160,0,332,3,1294716122,271,775248,4194304,2,0,6,0,348160,4096,425984,16,12,12,9,2500,3,3.417403339712837,7.898163197041445,115712.0,259413.33333333334,"['ADVAPI32.dll', 'GDI32.dll', 'KERNEL32.DLL', 'MSVCRT.dll', 'NETAPI32.dll', 'ntdll.dll', 'PSAPI.DLL', 'USER32.dll', 'WS2_32.dll']","['RegSaveKeyA', 'BitBlt', 'LoadLibraryA', 'ExitProcess', 'GetProcAddress', 'VirtualProtect', 'exit', 'Netbios', 'atoi', 'EnumProcessModules', 'GetDC', 'WSAGetLastError']","['!""#$%&\'()*+,-./', '!""#$%i', '!""\\kN', '!.|njm', '!/Grt', '!0.SV', '!4\\x4', '!5!A!I!O!Y![!_!s!}!', '!9CAST', '!;8uX', '!;[][', '!;{xtr7De', '!=,ZR', '!>5 ]', '!D"".&', '!E!#o#7#FFFF#$$', '!Is_v2k%', '!Pz0/&', '!Rf(]', '!SiSRJ', '!This program cannot be run in DOS mode.', '!Tt_E', '!W{Wa`', '!XNhm', '!\\@&^rE', ""!g'X>"", '!gI""8', '!hcK+dbF&', '!jl[D', '!kj5Y', '!lGC.k', '!lStRWS', '!tHOaj', '!w,+&E', '!yP+K', '!|jDh', '""!""%""+""1""9""K""O""c""g""s""u""', '""#1xi', '""#7jH', '""&%u|', '"")I{Ch', '""0)[b', '""BCa:', '""CeCr', '""DPQSc', '""Ec3j', '""Ih,x', '""PJil0', '""SjxK', '""_-_X', '""d41K0', '""d4[&', '""h\'3g', '""jTh$', '""known', '""lbN.', '""ledR7poS !=', '""lo5!%', '""vK""A', '""wcs!', '""~RUy', '""~otu', '# h2y', '### $,', '##]_e', ""#'AX`@"", '#(,*~', '#,c~$', '#/`#kt`u', '#7 #I', '#@jUGxc', '#GHPQs>', '#Hcx=', '#MqA', '#P <S', '#Pso p', ""#T?'v"", '#WGU', '#X{rA', '#bML""', '#bbatj', '#dq[Z', '#guZoJ@@', '#i""xQ', '#x@xV', '$ 3?L', '$!GGT-', ""$%&'()y"", '$(h!W #h', '$)$=$A$C$M$_$g$k$y$}$', '$*8sM', '$,JPk', '$.u!o', '$/F:w', '$57 CM ?', ""$:'%{"", '$>>_SERVIC', '$>Zml', '$A+(0z', '$BdQUG', '$Eg\\lb_', '$F1-,', '$HPS""$6', ""$N'KG"", '$P(TU', '$Q:TG', '$URPk', '$URhd', '$V+*5', '$Vp]O\\=_L9(', '$\\i$!', '$_()R', '$`b)~f', '$deDQ', '$goEjz', '$pM$HK', '$t#?h', '$v8CN', ""$vQ'X"", ""${vk'\\"", '$|$UW', ""$~Nc '"", '%!8*I', ""%'%1%=%C%K%O"", '%.*,dw`u[', '%8<?H~', '%9xt<A', '%:MY}', '%<VPj', '%==MZ(6', '%=d.7', '%@aLv', '%E0h;', '%J/N/', '%L9_DCa(', '%W""pZ', '%`3s %', '%ah94O', '%gFz#nQ', '%hx, v', '%j(c!C', '%m4Ju', '%o\\..r8', '%pH3$', '%pb+<', '%u9i`B', '%x94e', '%~#hw.', '&&T4X&', ""&'&)&5&;&?&K&S&Y&e&i&o&{&"", '&(>6J', '&))**', '&*/4K]', '&05Fl', '&1K8q', '&4,%$Ga', '&:Cr\\', '&>1;y', ""&@'kd"", '&@;%a', '&A8d@,', '&B8vh', '&BA`x', ""&N''i"", '&RVGh', '&lQ!.', '&pRoo', ""' )%"", ""' - ?>"", ""'(LMN"", ""')g3_pk["", ""'//RG1"", ""'08191r"", ""'1/(Q"", ""'5'7'M'S'U'_'k'm'"", ""'>/]r"", ""'@E53@"", '\'Aj~`""@', ""'B7^_"", ""'BC[gII"", ""'C3C7C9COCWCiC"", ""'List"", ""'PJ-X"", ""'UK`Hd"", ""'VJe\\"", '\'VW""A_', ""'Ztn(%e"", ""']< :"", ""'aWa_"", ""'ossBj$v"", ""'t$%X7@LHe"", ""'wH32'%,"", ""'{8)Mp"", '( PARaA', '( bNl', '(!(1(=(?(I(Q([(](a(g(u(', ""('SP*"", '()*+9', '()SPj', ""(-&'."", '(.$?c0', ""(0'yX"", '(2~ ""_83', '(7J&8', '(8)oR', '(8Pz2\\U', '(8W1P2', '(?U-r0$', '(Qo7h6', '(RhlB', '(ZdOt', '(^""~AlN', '(_40Bit', '(_c*ch', '(b*;X', '(bDp.', '(eay045', '(fS{ggRcjh', '(hyb', '(o)QUA/l', '(spt&', '(wMww', ') 9[Y=', ') =""~', ')#/#3#5#E#Q#S#Y#c#k#', '),-v.', ')/]6Z', ')4!1b=z7/lx+', ')5w0:', ')?)G)])e)i)o)u)', ')?7-i', ')Cur', ')E\\\\*=', ')G6sH', ')GX/a', ')UrzV', ')WSUBT', ')\\ZEo^m/', ')]U/,', ')^mb8', ')ecEC', ')i(QS', ')pMoSNMP', ')qks]', ')yD7-Dp=', ')}F3x', ')~I}', '*$CY8', '*%*/*O*U', '**>uF', '*,0-$0', '*1YX8', '*FRu', '*M`$a', '*NXHA`', '*P<Jp', '*RRjljl', '*Sp@.', '*Y{Od', '*\\Hv,', '*_*e*k*m*s*', '*hdOR-8', '*ji?+', '*laM-\\S', '*ms,', '*n`1;', '*pI0X', '*t{RVt6', '+ rvD', '+!K=NPQ}', '+!Qia', '+/]$P-8G', '+19lh', '+@|3*|', '+HG%_', '+V,U.', '+V0J', '+WPQU', '+[J[', '+_e 0', '+dRv3', '+hDqH', '+tQxtL7K', '+uDhb/', '+v;;M', '+xpGR', '+z(eA', '+|cAk', ', CRYPTOGAMS', ',""?NHm""', ',#,/,5,9,A,W,Y,i,w,', ',$78Q', ',$Q)0', ',(QUPW\\8', "",+i!4'KX"", ',-88h-0', ',/Ump', ',3mR@', ',4b{0=', ',;~,tb', ',C2D-(', ',EQU$', ',G0@oH$', ',Mh#""', ',P(+^[q', ',RW[F', ',SSk""', ',V>PC', ',VH{Xi', ',WUS""KCA', ',Xm@G', ',Z:vh', ',c.`nY(', ',dl#s', ',fXJ@C', ',h<$Ub%7+', ',j(w$', ',jt+#', ',lDct6)', ',qFJmP', ',u|KAKSH U', "",y:'A"", '- ?""r', '-$mpuB', '-,r,T$@', '-/etZ', '-0AXX', '-L//(', '-MtE3A[', '-N-cc', '-PERH', '-Scon', '-\\2C<', '-\\UR@C[', '-\\\\AQ', '-a%a?', '-ftol]', '-objec', '-t.dr', '-t1+D', '-vvh?', '.""\'J#', '.#Dy<S', '.#Wr(,4', '.$<X!k', '.%.-.3.7.9.?.W.[.o.y.', "".'shuux"", '.(XV,4', '.+Q<9y', '..dlh', '.0_two', '.3 Copyright', '.8BLZb?', '.?!?bot', '.@[ BJ', '.DHLH', "".EOWS{'"", '.I-[z', '.JFERROR>>', '.Or\\b', "".T_p'"", '.`5xS', '.c8$h', '.c?5F2', '.cW+<', '.cox_d', '.h\\+h-', '.pp@0', '.x400', '/!A,@', ""/'/)/A"", ""/'1jtK_copO"", '/----', '/0123', '/12c2tnb4', '/3Gs$', '/7IBIoP@', '/;EAfY', '/<&0{', '/@G(|C', '/@X\\2qC', '/E/K/M/Q/W/o/u/}/', '/F(]8', '/FBOOLE', '/IKE/', '/QH4;""', '/TB@8', '/Ywr{', ""/^O'7"", '/`!@Er&', '/a1kXUba1X', '/ck#X', '/d }O', '/fof2;', '/h=),', '/m^]5D', '/n__R`', '/uUby', '/vYSI', '/xL!J', '/zK0p', '0""-""S', '0#0)070;0U0Y0[0g', '0#7;C', '0#C+m', '0%(a;', '0&@lo', '0,RGo', '0.@FX', '00Kx0po', '048;<', '083U3#', '0:P+Qi+', '0;/h2', ""0AT'W"", '0C\\E`', '0CgRh', '0HQRP`', '0I9(N', '0KtIB#', '0MAl`', '0MsMMUb', '0Mth:x7', '0P_L #', '0QR36', '0Ul""Iu', '0VQRC', '0XC00', '0Z:H+%', '0aEGS', '0e""T4', '0fUl', '0jRR>', ""0n'iC@hW"", '0q0y0}0', '0rHu', '0uGX!', '0ub*a', '0xOiUt', '0{nkw*i', '1 (Neg', '1 7jW', '1!, L', '1!I|;z@', '1$[l\\', ""1'B S"", ""1'falwy~"", '1,8<9', '1,d.+', '10LSF', '12345p', '19228', '1A}2Lz', '1C_~F', '1Q]h:', '1V;U;M 8c', '1\\bA?', '1chV', '1fmPAD_FE', '1g)rWpl', '1rjxBr', '1uRw$', '1wsHp', '1x""RZ', '1~aVP', '2!DDN', '2$C2', '2$W04E', '2)252Y2]2c2', '23456789ABC', '23[3_3g3k3s3y3', '28147-89G K', '2:BJRZy', '2<A*', '2=Hp5', '2Bb)VF@', '2GxPX', '2IHTV', '2N-4/', '2RuBt', '2S&&j', '2U3@!', '2[ic3', '2_smp', '2bBis', '2hiPQ', '2n0:6', '2sp1C', '2u/CX', '2utcKc5', '2xXhb', '2}!%F', '2}:d70', '2}HM""', '3 /XP _g', '3 G M Q _ c f', '3 X$J', '3%d3/353', ""3'oid"", '3,E7|e', '3-sha1', '3/,Nn', '30W*-', '3410', '38?JX""r38', '3;Pl|rU', '3@@VR', '3@Uhc', ""3A[|) '"", '3DE_k', '3HJ1$', '3J(%g', '3J+]<', '3P_F[', '3QbV,t', '3Qez0N0', '3RiL^', '3`R<(8', '3d.!8E', '3ek#', '3l7p@', '3y Q%X', '3|V~<', '3|rN>', '4 6B!.F', '4 agz', '4 wd )', '4!@b""', '4#=82', '4&8Yp', '456789y', '467fE0', '474E4U4W4c4i4m4', '4>m~o', '4A/-Vt|', '4A2D1', '4Hxtbl', '4ISyh', '4MhQ0G', '4Mtx|', '4R7R0', '4RQS+[', '4W-t&d', '4WVj\\', '4Y X{8', '4\\$0_', '4afS%', '4gt2Z<', '4h$muh', '4psG hN', '4|WV9', '4|hN3', '5!22CP', '5$E0I', '5($TU', '5)ChX', '5.jT\\z0', '51!w$d!', '54P::Z$>', '571r1', '5904@N', '5@.[2P', '5ISQ7', '5Q5e5o5q5w5{5}5', '5QjCX', '5VRP3', '5W,2+', '5^+_@', '6 li\\', '6!_8&', '6#616', ""6'q@Y"", '6,.$7', '6,D.&)', '6/ol!J', '60r2/$', '66.228.13]cd', '66Uga7+I', '688@P', '6C/ Of 3', '6F9Ev', '6Full', '6IA )C', '6Ia :p', '6K3h', '6KRBW', '6M0UQH%i`', '6NiFV', '6Zv{`1 7r', '6`zZL', '6d hli', '6ed`+', '6h.\\7', '6tcgG', '6tpD4', '6xUtu', '6xrlpoo^0', '6~<EMPTY>', '7 |_9', '7$BN.', '7&V @', '70hB;\\', '71409a', '74`ht', '7788;;==>>', '7:N\\C_', '7?7E7I7O7]7a7u7', '7N@Ds', '7OELEU8', '7St\\=', '7T&`o', '7\\H!s', '7aXin', '7d/-93', '7d\\=U', '7fxg*+l', '7rd/wk', ""7s'@*"", '7unw+R', '7w.Rim', '7yi97i', '8!83858A8G8', '8*Kx', '8/d@,$!I', '831_7T', '87obR', '8A$M,', '8A$Z', '8FO_ACCE', '8L _U', '8T$ gq', '8T4\\T', '8Tnwv', '8WPw4', '8a|~s', '8g&3g', '8h P\\t<', '8jj)@', '8le-oH&', '8t7X/H}', '9 6Ak', ""9!' !x"", '9#9%9)9/9=9A9M9[9k9', '9%!v-.', '9.tW0Q,', '91C1E1K1]1a1g1m1s1', '95)W+', '96=]]H', '98UrA', '995-2005 Jean-lov', '9;t!M', '9Ajdj', '9Exte', '9M$U(F', '9T||P', '9US?8', '9V8tE', '9\\Bn@', '9]j!* &', '9^$uD8', '9^H]_0B@', '9_U{E', '9dZe(83', ""9dcG'&"", '9h3ok', '9il3XZ', '9l!ftWW', '9ljpj', '9v: oh', '9vhgE', '9|<v5', ': 50`mm', ':""CpIH', ':%08lX.', "":':+:1:K:Q:[:c:g:m:"", ':((A8P?', ':(_-;', ':8@Iu', ':A/p""', ':DU:S', ':HV]J', ':M #%', ':N@;MWV', ':QP1$', ':TxS;', ':YhaG/l;3', ':\\E%F', ':b?Oj', ':bCP1', ':c|w{', ':j.dQ', ':o!>*0p""', ':sWb%', ':uvvyyzz||', '; w$(@', ';#4F%', ';$*[s', ';$Eh<', ';.V_2', ';.vD!', ';03Ajqj', ';6M6O6S6Y6a6k6m6', ';8?+2', ';8Zx0', ';9;E;S;Y;_;q;{;', ';=T9XD', ';J4 bh', ';M<<e', ';M}hh', ';R9!eh', ';R`S0', ';[K:T', ';\\(PS', ';at4x', ';d22Vt::N+', ';f@<<', ';kPQg&6', ';u""hDQ:h', "";}t '"", '<)<5<C<O<S<[<e<k<q<', '<.^<,Z', '</POn', '<2)Iq', '<8@~E', ""<8v'mt"", '<:6W8f', '<<xYH', '<<~QP', '<=>Hl', '<MNOPQ', '<PQYtV', '<TY.', '<UpE:', ""<Z>'v"", '<]?E I', '<hX(!', '<it_r', '<jz[qjp', '<pdXL@', '<uV9zt3', '<x{FK', '<ybuf', '<}}]$', '=!=-=3=7=?', '=%d,a', '=)> %2<{', ""=0Xp'z`"", '=6F6,#', '=C=o=s=u=y={=', '=EC+P;', '=F@5F', '=J(j<', '=MjQW', '=P)|(X.', ""=R?'j'07"", '=XwH,]', '=YLk]', '=^d@f', '=_~Q;', '=a-jU@hP', '=lTpuQj', '>""u:F', '>#>)>/>3>A>W>c>e>w', '>*0-8~', '>+6M[', '>/tXL', '>0&w*P{=V', '>43""u', '>:WSWuj!P`4', '>AUQQQ', '>LdY[[', '>M_6L', '>NS,\\', '>^//q', '>d`D$', '>lr~""', '>x6qF~', '>| }^@', '?&M;U|', '?+UHa', '?,)Dr', '?/h&D', '?0`!q', '?0hGI+', '?7t*5', '?8 (0m', '?;a|C', '?@ABC', '?A?Y?_?e?g?y?}?', '?A}:F', '?CRLI,', '?G500U08', '?HxMX', '?N9X!', '?NO9o', '?O~#h', '?Q:|(', '?S8E 7', '?SLEX', '?V_E/', '?Vl` d', '?b@)W', '?bxed', '?ciph.', '?io&t', '?j}h00IV', '?oD8U', '?r9d:_', '?r_acm*', '?smH4', '?uCZ', '?w:;$', '?y/,&', '@ @(@0', '@!@%@+@1@?@', '@&[kF', '@(=)9', '@(?4Ii', '@(w*C', '@(|Vu', '@,C&+Co$', '@,PQV', '@.AD-', '@/V@SR', '@/_+&', '@1""~;4', '@1P286', '@8<d]A', '@?@PS#', '@@V}=', '@AP!(', '@B<RP:', '@DtC}', ""@EubT'"", '@I9,oU', '@PAZ!', '@R=_L', '@RA;H`$', '@VL@u', '@VTPR_', '@^EEFFIIJJ,', '@_NCTL', '@ble}', '@h&oQS', '@l!dfJ', '@lRCp', '@mk8k', '@nJWw', '@omF', '@~attr', 'A F)Gy', ""A R\\'"", 'A&=gs', 'A.He/', 'A.TX]8;)', 'A2VPD', 'A45dt!', 'A5*>Qt2', 'A7T,RS/I', 'A9@;[', 'A<1lc', 'A=!q+', 'A=utl', 'A@!?pKi', 'AB!N""', 'ADVAPI32.dll', 'AD_DV4', 'AHqDH', 'ALL:!aNU', 'ALOER', 'AMBO', 'ANOnly', 'AP@7F', 'APjT*', 'AS,|@', 'AXKa*', 'AYAeAkAwA{A', ""A[4'pH6"", 'A\\\\Ag', 'A_7D\\8', 'AaD)w', 'AawT6', 'Ab7\\>', 'Agreg', 'Ai%Wl$', 'Ai)&%', 'AjhD)C', 'AlS7excl', 'Alj?.', 'AnA?p', 'Aq;H{', 'Au4Enc', 'Avj@|d', 'B!`kPk', 'B""+EL', 'B#B)B/BCBSBUB[BaBsB}B', 'B$X\\Zb!', 'B-1WA', 'B./BH', 'B.~3fi', 'B/oOcbc', 'B00QU', 'B8(NNn/@HD', 'B?_pC', 'BAGS7', 'BDigest', 'BFYbfQBFI', 'BG;X r', 'BGFHK', 'BHK@I', 'BH`]R', 'BPe(j', 'BQq;30', 'BRpZ{', ""BX'nV"", 'Bh!E4', 'BitBlt', 'Bj[5h', 'Bmj@O', 'BnUQK', 'Bo ,^%Wp', ""Brth'c"", 'Bs8<A', 'Bsh_/j', 'ByL D', 'C T:e', ""C q'O"", 'C!WPh', 'C!rM8', 'C""3K0', ""C*'.)9|"", 'C,tFND', 'C0;|!', 'C0~_', ""C1^'+"", 'C2ZGd', 'C3<D\\', 'C7Hv/', 'C7Xru', 'C;qjz', 'C=x_S~', 'C?9Qr', 'C@E@]@a@g@m@', 'CAS8', 'CA_use', 'CDgKdF', 'CGSil', 'CGfn.cRC', 'CIPHER', 'CJ?9a', 'CKk<[', ""CLASSEhOOT'"", 'COMPLE', 'CPSOcps', 'CQ8i&1x', 'CQOB:H.@AT', 'CR??,?', 'CW?-,', 'CWtc_0', 'C\\&qn', 'C^pQQ', 'CaOPV', 'Cb3gD', 'Ccy2a', 'CeR:(=', 'CecEC?bc', 'CjliG@b', 'Cn77Y', 'CrlID', 'CwLw|', 'CxS+&', 'C{QzQ', 'D!T;&q', 'D""""fT**~;', 'D"")hQm0', 'D#D)D;D?DEDKD', 'D$&qQs', 'D%&Bl$', 'D%_HO', 'D*O }', 'D.LfP', 'D/p}r', 'D04GeM*2', 'D3(!lXTo', 'D9O45', 'D<DZ3Z~', 'D<Wmdc', 'D=Vj', 'D?HhG?', 'D@P(%,', ""DAMzK/'U0"", 'DB+Xx#k', 'DBRQ)V-', 'DC@QS', 'DDL|h', 'DE !""', 'DEFGHIy', ""DFQm'"", 'DFnbi', 'DFvat', 'DH@WS', 'DHcR_BN', 'DKlP<', 'DTr SgP0', 'DU?CSU', 'D[*0$', 'D``xQPPR', 'DtMhTt', 'Dun_G', 'DuoG((', 'E Z\\\\', ""E'^Yr"", 'E+8EAE', 'E.PSC', 'E/OEU', 'E0]G#', 'E3<0<j', 'E@8|?f)', 'E@VQSW', 'EADe""', 'EC :%', 'EC_bc', 'EDGWE@', 'EP90<!', 'EPQU!', 'ER;l`', 'ETj6d', 'EW5_7Bsh', 'EXPO_', 'EaW@Qa', 'EbH\\KtJ', 'Edi)8', 'Efx3A', 'EmBS,', 'EmzAW', 'EnumProcessModules', 'Eo@4I', 'ExitProcess', 'Ez<\\]$', 'F,X`i,', 'F1Y>\\', 'F9ZM@', 'F@""PoA', 'F@RHT', ""FA2T'A2"", 'FAQ, http://w', 'FATAL', 'FBB`^', ""FDdv'S"", 'FGH#$%I', 'FIELDIDW', 'FJHx[', 'FN@4pA', 'FORMAT', 'FV|FgUV', 'FWM(zC', 'F_;%4V', 'F`@WRQU', 'Feb&ai', 'Ffc822', 'Fg#40W', 'Fgo9%', ""Fh0%'P"", 'FhTBjh', 'Fhp;o', 'File5', 'Fl./.', 'Fp*k_^', 'FukmO', ""G$M'?6"", ""G/TDT'S"", 'G1/ui', 'G7_F(', 'G8PHD$ M', 'G:$3RP', 'G<UHp', 'G@QD);', 'GA`cF', 'GCC%C', 'GDI32.dll', 'GHIJKL<', 'GHIJKLMNOp', 'GI]2@', 'GKG4=', 'GMWPjA', 'GOST89MAC', 'GRM9yP', 'GS@&,PWW', 'GW /', 'GXQR+', 'Gc(L^', 'GetDC', 'GetProcAddress', 'GgJT .M;', 'Ggcd.cwad/K', 'Gspkd', 'Gssagom', 'G{(e\\', 'H)WVl', 'H*0""DW', 'H.87z{', 'H/onI', 'H0==%pD', 'H7Qlz', 'H8Vtd<', 'H9=\\ x', 'H@SZR', 'HE3YG0^', 'HJ#;..', 'HLeaj', 'HO&1Q', 'HT<%8', 'HVojD_', 'HXx\\@', 'Halxh', 'Hd@$(df', 'HiP/w', 'Hintgl', 'HkY8$', 'HnTYd', 'HuZsMh^', 'HxOelV', 'H|lBJ', 'I21-WOscN!', 'I51D2', 'I6+V*', ""I7$'u"", 'I9 `t$', 'IA5SLX', 'IAXAqI', 'IMPJTW', 'IMz0s3G.v', 'IN&s(rw', 'IP Q:</+t', 'IZEogH', 'I\\DKG', 'I\\~Ju', 'I]8lc', 'I`<=t', 'IbxMX*', 'IdWINGLE', 'IpQkN', 'IqAHH\\\\', 'Iw%_;', 'Ix;Ia:', 'J(<A|', 'J.94X', 'J1q#3', 'JCB?Am', ""JDd'NJ"", 'JHtWHXJ$', 'JNQMv|', 'JO>-ISO', 'JQO W', ""JWdV'"", 'J^[ihT', 'Je(xG', 'Jho1As', 'Jml_vO', 'Jo DF', 'Jun L1', 'Jw#HD', 'JzMQN', 'K.D/`*s', 'K.IT/},', 'K5qu>', 'K7@d@', 'K8S8W8_8e8o8q8}8', 'KA5x(', 'KAX &JH', 'KEK]^kid', 'KERNEL32.DLL', 'KEkwk', 'KHHN""s', 'KI7$N7r', 'KN.!8', 'KN.9', 'KNCF_3(l-p', ""KO6'7"", 'KPRPV', 'KWT_F', 'KetKh', 'Kikb4', ""Ku?h'"", 'K|%HX', 'L#tn1', 'L&&jl66Z~??^y', ""L'r%CU"", 'L+5I', 'L+>rY', 'L+W)a', 'L.v?o', 'L4$H]]', 'L9h(l', 'L<@P8', 'L<DR04', 'L>nBxj', 'LA_&Q', 'LG\\Xx', 'LH@%8', 'LLIA_', 'LOPEG', 'LP""bV', 'LPW1|w""', 'LPj4K~', 'LU<<Q', 'LWS[TQ', 'L]m<%]H=', 'L_agc_', 'L`J31', 'Li&EVP_MAXV', 'Lo/*h{', 'LoadLibraryA', 'Lo~QG', 'Lp#c_wf', 'L{nj +x', 'M$PQc', 'M0|t(bt', 'M1w1p52G', 'M2:E', 'M;;>5', 'M;Cai', 'M>@hX', 'M@_%u', 'MEDIUMLOW', 'MHF*~', 'MIME MHG', 'ML-""-', 'MP%T4>', 'MRKro~', 'MSVCRT.dll', ""Mb#{'"", 'Ml@v@', 'Mmjg9', 'Multiplica', 'N$-~M', 'N$H|5H', 'N.)Er{.', 'N07W9', 'N1QeL$', 'N4*\\?Nia32VVS', 'N=@tA', 'N>-cGu', 'N@Vob', 'NA', 'NBV<3F5', 'NETAPI32.dll', 'NGINE', 'NHj Q', 'NHp_H$XI.', 'NIoH.H.JKH.H.LM', 'NKNOWNNMC_6', 'NY#G`', ""NYv3+'"", 'NZIQ\\.', 'N\\(bk', 'N`QVj', 'Nc$o', 'Netbios', 'Nh""l&$', 'Nk(zZ', 'Nljwl', 'Nn/}H&<', ""Nsew'"", 'Nsu)h', ""O$R$QR'"", 'O$TU-', ""O'O28n#9%28"", 'O(-%64O', 'O*9y]', 'O0ng[', 'O2*cP', 'O7D$$', 'O;dd$', 'O@C:KJ', 'OBJBUuEVm', 'OD>EC_', 'OOtwWGtj7', ""OPY;0$G'<"", 'OQQRRTTWWXX[[]]^^aabbddgghhkkmmn', 'O^{Jq^#', 'O_37w3q', 'Oakley', 'Oh.-+_6n', 'Oh44\\y', 'OhjnA', 'Ojdcj', 'On/vL', 'Oo$}q', 'O|,K2', 'O}r{g', 'P#~i(', 'P$X0', ""P'^MfR)9%"", 'P((xu', 'P-C@UZF', 'P-OsQR-', 'P.JBNTZ', 'P0^tao', 'P5%|', 'P5POh', 'P;$c:', 'PAW(a$P', 'PB4uA', 'PEtKpw', 'PLD@8_', 'PMU 4', ""PNCE)'OCTJ"", 'POLIC', 'POP=/v', 'PQ1`A', 'PQQc}S', 'PQg;XP2c', 'PRPPQ""', ""PR_)'<"", 'PSAPI.DLL', 'PSWjt1', 'PT-JS', 'PU?>)d', 'PUTUI', 'PUs%S9', 'PUwu\\h', 'PV!DX$', ""PV'f:"", 'PVJ-@', 'P_q!}', 'PePVn0', 'Pep^nk*', 'Ph2u)j8', 'PimWI', 'Pjm33', 'Ppsc3S!A', 'PvN[J', 'PwVr%WPndT', 'Pzx^&', 'P}@!0', 'P}aPk', 'Q SPW', 'Q$.IU', 'Q$G8P', 'Q$tOyG', 'Q/xtJ2', 'Q1Fk@', 'Q6V0t[', 'Q7jy9', 'Q9VVO', 'Q;c/Ag[', 'Q=\\|7', 'QA ~D', 'QAq\\o', 'QDSDYDeDoD', 'QIjAh', 'QN`5HI', 'QPS&,iFK', 'QQ]US', 'QSWU7', 'QTc0^', 'QUPP=5', 'QURm#', 'QU|6', 'QV{6@', 'QZ^&9', 'Q\\k1Pg', 'Q^UPQ', 'Q_ev]', 'Qfha/n$', 'Qg521', 'QjKXu', 'Qkkbal', 'R Yrf', 'R ~6_', 'R""2d3', 'R%U?tP', 'R,""torg', 'R/Uwr{', 'R3+@@', ""R;DC'nmap"", 'R?`^H', 'RAND?PKX12', 'RC4i<', 'RDNS7YB', 'RD_QI', 'RFW^y', 'RG?x0', ""RK's`"", 'RQ3""m!', ""RQbk'"", 'RRPaq !', 'RSTUV', 'RT56/', 'RUt`ao', 'RVWgB', 'RWU`N', 'RW`AwM', 'RX1Cz', 'R`_Q!', 'R`xbRs', 'RbPv!Ys', 'Rea*%', 'RegSaveKeyA', 'Rg@~G', 'Rgc6b', 'Rh&>]', 'RsOG6', 'Rt$2I2', 'Runa04', 'Rz*H\\7', 'S lH`%}', 'S!m_u#', 'S%R4^', ""S'LB:/("", 'S,pu$', 'S- LlA', 'S/0PQ', 'S/]X&', 'S/]`0H', 'S3>\\M', 'S4p-yu@', 'S7@#Qe', 'S8xGJI', 'S:{-^N', 'SA@Ug(FW', 'SBOj7', 'SD74O', 'SD?6!%K0h', 'SET5>', 'SH;:', 'SHA1 bloc', 'SIGg@Gl', 'SIsGP7', 'SJ1mt5-', 'SNIST/S', 'SNTt|', 'SO!C/', 'SP96t1$', 'SPLAY""', 'SPWt:', 'SQRQh', 'SRUt', 'SSO`C', 'SSPV;t', 'SUU}DL', 'SW5#y', 'S`Rgb', 'SlioH', 'SrecEC', 'S{H\\BB', 'S~S[88u(', 'T $Yl', 'T va8', 'T!\\:D', 'T""SQVc', 'T$4Us', 'T(8!]A', 'T)k8X', 'T0""\'', 'T0DsWcle', 'T4B9M', 'T<B`C', 'T@ Tq', 'TBl)8', 'TDC`5p', 'TFJn>', 'TF\\A4""', 'TL%~K', 'TLSv1', 'TS,TUSk', 'TWARE', 'TYPEeN', 'T[J""h', 'T_w,UM0', 'T`00P', 'Thumb', 'TpJ3I', 'Tpap_apW', 'TrXW)u,', 'TsF]x', 'TuFD/', 'TzTL', 'U#?Hm', 'U)l:T^8rv', 'U/,wr{', 'U1R9Q', 'U4x|@t', 'U?<ZX', 'UC gM', 'UEaEwE}E', 'UGOcb', 'UH!+/', 'UIDWW', 'UM%KE', 'UNIVJAL+v', 'UPSS8H', 'UQSVWJS8', 'URLwo', 'URR._', 'USER32.dll', 'USWqzg', 'UT00CA', 'UWSEm', 'U[agmy', 'U]lcvem', 'Uch', 'Uet<[', 'UhGG`#', 'Uiv1Z', 'UjyK{', 'Ul(b*m', 'UniD(', 'Uq(f_', 'Uq8QH,', 'UxIVu[-T', 'U}PiO', 'V +Yx', 'V pTS', 'V$YY5@D', ""V'b5O+"", 'V//L&', 'V/ux&p', 'V3u_^', 'V;odW+', 'V<$J4', 'V?u{b', 'VA Af', 'VCu-q76', 'VDG?j[h', 'VG#bD', 'VJb!e', 'VOE#U', 'VOK8NFO', 'VQRPS', 'VQU//', 'VRPYHl', 'VSa.F', 'VSjG@o', 'VUPWW', 'VUYkX', 'VV~Y0F', ""VaQ/'"", 'Vd~>D6""', 'Vg3LE', 'VgHA3', 'Vh(x@', 'VirtualProtect', 'Vlqu;h', 'Volume', 'VuOnP', 'W!S]Shi', 'W$UR`U', 'W$gRG', 'W%Cn<k', ""W':MZ"", 'W.Sxd', 'W/2$&', 'W1*\\W/', 'W2DOL', ""W6-9'"", 'W9F R t', 'WF@@0', 'WIN32', ""WJ'.N/"", ""WPc|@t'"", 'WQ""_N', 'WQKZmb', 'WQh N', 'WRNLvBD;', 'WRo<~', ""WS'uO0\\1x"", 'WS2_32.dll', 'WT%wKJPs', 'WVPQ!', 'WXra.K', 'WY3Ck', 'W[OCB', 'W\\fxu*', 'W^y8$4,', 'WrIu-h', ""Wtp-i'T2"", ""Wu`U'"", 'X && K', 'X!,0Hg8', 'X!;3;', 'X!un`;', 'X$qu', 'X&Dg/', 'X,P_+_', 'X1ld}', 'X3k71', 'X5`T,|', 'X9.6', 'X9_62_CUR', 'X>hc}', 'X?BU`.', 'XBkWP', 'XB}LN', ""XE'qaK["", 'XL2RL{', 'XM#37N', 'XPTPSW', 'XP~*+', 'XTPLH;', 'XTWP,TABLE', ""XW=?'"", 'XWSfVo""y', 'X[aRxhl=', 'X] >=', 'X` 9', 'X`N9Zt*', ""Xb'DHEWe"", 'Xc~mQnlw', 'Xf8PE', 'Xoc5n', 'Xp(6W', 'XritS', 'XuNY_^u', 'Xwa""v', 'Y%N!;(u', 'Y)VhAN""=', 'Y5AMe^', 'Y7GAC', 'Y@!T?', 'YAX*;', 'YH<_@i*', 'YPDp-@', 'YVwo=', 'YWEXhF#', 'Yb6N4', 'YnsSl', 'YsOT_', 'Yt)P}""9', 'Z,i^cate', 'Z--^y', 'Z0u/!', 'Z3xGC', 'Z8Bof', 'Z@iVZ', 'ZJVrX', ""ZLI'(n1"", 'ZXIaV;', 'ZZY\\(w', 'Z\\[]?', 'Zf}f0f', 'Zk:H/', '[%*EI', ""['VWP"", '[/\\LPH', '[3/AW', '[?>o[', '[H#t*|', '[TTK0O', '[UVAM', '[[%s]]', '[`*8""', '[`W5""', '[e5cT', '[g^p[T', '[sj(qV', ""[z|'xB"", '[}00H', '[~_MD_', ""\\ ,0%'"", '\\$ 6+', '\\%02X', '\\*.*O~_W', '\\*rLc!', '\\8<Q""', '\\;aC3', '\\<c-two-b7', '\\@AR@Y#', '\\F@^\\', '\\I\\}U', '\\JZ(P', '\\N.<`hRrr9', '\\PRRI', '\\Q_ E', '\\SjGI', '\\UUEEJ', '\\V,|g', '\\a)`x', '\\dT^t', '\\ired/qi', '\\r   x', '\\rx}~', '\\xPWi', '\\|quu', '\\}i`5', '] Rn3ko', ']!H;Is', ']&2Z', '].{+R', ']/p&h', ']0I38', ']5[_^', ']AC_c', ']IV_L', ']PducedAt/', ']Rx#5', ']SS rHC', ']X|(,', '][Y{d', ']i+t_', ']u]7G', '^', '^  !?H0', '^$WL&', '^>)ZrG', '^@WXh', '^B43<-[C', '^D?_@', '^FAYC', '^HXrf', '^Hgh', '^N8;', '^R(O?', '^R@VA', '^Rich', '^T(g{', '^U7X\\', '^V9C;', '^VLB8', '^X< P', ""^_^'a"", '^l+ v', '^nt-<,l', '^oEZ_', '^pIBm', '^tRS1ZY', '_ 9@Z', '_""B#M\\`', '_#i.', '_)MFK0', '_+6u{u$', '_-_-V', '_88/cct', '_AE`)', '_BC/k1', '_BYTES?', '_F6_F', '_G*Ea*', '_JvT|', '_N VG', '_PGWYcap', '_T&<%J', '_T1?u', '_Vn@e', '_Vt3VB', '_^-/7', '_^_F7', '_ctxh', '_hU(j', '_h\\oj', '_msUPNWS', '_nljsI', '_uVT\\', '_w]0z', ""_y'-US71m"", ""`'X@)"", '`.u:4', '`0(;6', '`1mP<\\', '`30-G', ""`6'DkO"", '`:t~qNx`zA', ""`='ro"", '`=yu0', '`E(ez', '`I ,F', '`K$`O;', '`KOop?', '`Q#uQ', '`Vi0', '`X).ir', '`X)osxn', '`\\E`9^4', '`bB""(!', '`cC#(', '`dub`D', '`fl+*V', '`iv)nbHp', '`kA<M', '`klVLn', '`lj^hH;)+4', '`tmp)o', '`uOfxe', '`xm\\7', '`}vUR', ""a'q`O"", 'a.cG0n', 'a:WUC', 'a=SP5', 'a?a:', 'aE(x', 'aJHE', 'aL,Dx IM', 'aMLA!', 'aTX@9', 'aTfAGS', ""aU'a~g"", 'aW{Ws/', 'aX$]R', 'a^ kh0', 'a_RCx', 'abiN,', 'ai>YD', 'aomm`', 'au~;p', 'aw&Z%', ""aw',tk"", ""awnO' )A"", 'aybSr', 'a|ZGt', 'b YY#', 'b x.~', ""b'%#<"", ""b+'+1+3+=+?+K+O+U+i+m+o"", 'b/3I', 'bBbhb', ""bC!e'"", 'bS1KZa/', 'bWQ$<\\""', 'b]-A<3', 'bcBCS', 'bcrJN', 'bk@E;', 'bp<*`G', 'bsRespB', 'btmcf', 'bx0wL', 'byKey', 'b|Pkc', 'c!QQ0', 'c/~KkA', 'c21g3pA', 'cAMDu;', 'cHiHtch', 'cIP#v', 'cJ_ND', 'cM0wF', 'cNEL%', 'cN\\QLv', 'cW#h|', 'c_Ak9', 'c_^ImBJ', 'c_`\\V', 'ca`bg', 'ccOv!c', 'ch-WTM', 'ckcul', 'cmcti', 'cmp.c', 'cmxa+', 'cno~:', 'com7G', 'ctV4P', 'cu7X3', 'curv_R', 'cyhch', 'd""8<k', 'd$lpuue', 'd&~@8S', 'd,4VPj""', 'd.c/envO', 'd2id.c', 'd8 5I', 'd@.(@\\@', 'dGc#T', 'dJRSV', 'dL^,[', 'dW <<', 'd]`%_', 'd]uIVv', 'd_40,', 'd`>St', 'dc@)9', 'deflate 1.2', 'degs', 'deltaRp', 'dhENA', 'dhp@i9`9W', 'dlogV0', 'dnopq', 'doapr()r', 'duox{`K`', 'e)`J!m`', 'e-gOd', 'e8SO!`', 'e?%|+', 'eBDYY', 'eFM]hH', ""eN2'p"", 'eSSc7', 'eXENO', 'earchG^dfossC', 'ecEC/cf', 'ecECJN', 'ecGEC', 'ed! bt+', ""emQ_'"", 'en,F08i', 'en?EncRLS', 'et""S-h', ""f'Ext"", 'f048<', 'f=.w0Q', 'fA1}pK', 'fQU""M<', 'fSBi(%[', 'fV=A+%', 'f\\$XG`', 'facsimixT', 'fgvmfv', 'fi0oP', 'finished', 'fqBFibfa', 'fu tU', 'g $UZ<0~', 'g&jQT', 'g(UU[', 'g2Skk', 'g6$cs77eH', 'g8<dB', 'g;7bi', 'gBBI>$|', 'gTcbg', 'g^8\\', 'g^Dkg', 'g`[L]', 'gdmfDMF', 'gen.co', 'ghijklmnopqrstuvwxy', 'gim0.R', 'gje?c', 'gjeK uO5n', 'gjfaF$b/', 'gomery', 'goowc\\@\\', 'gost-maW', 'gpXRtl', 'gth <= ""ze', 'g|MTlc', 'h&CYyp', 'h(`Xy', 'h*1<4', 'h+p]&', 'h0fA7', 'h3KWI', 'h4!A+P', 'h4oX8z', 'h4p>l', 'h7ks', 'h8FH|', 'h:SXC', 'h;4s[e0', 'h<26<h4', 'h>1je', 'h@c$b^', 'hAT}P', 'hF\\SjB', 'hGu R', 'hNP|8T', 'hO?lVhQ', 'hPE^|', 'hPRIV', 'hTYh-', 'hW3Ae|', 'hXGg}', 'h\\U:.Gu', 'h_T&D', 'h`H(|sO?', 'h`o;M', 'haI)|pL<', 'hancDS~', 'hbJ*(""', 'hbK;t', ""hd'-tA"", 'hd=sUtdb', 'hh)a*', 'hhjh', 'hjkhH', 'hp7 0', 'hq]u%8', 'hujrem;x=', 'hx!oh', 'hxAu', 'h{ Bb', 'i 7Lb', 'i!R m', ""i&'(/0"", 'i*]k`(', 'i+ st_', 'i,R-?', 'i.j>k', 'i/uhP', 'i6AuYh$', 'i7P<P(oJIu', 'i<Me&', 'iGM>nw', 'iKyo=', 'iV%an', 'iWVu53', 'iZTuU', 'i\\A0~', 'ia for]', 'ike_B', 'iogqt', 'iopet', 'iqjw3k', 'iqwdmq1', 'is 6o', 'ixx9{', 'j >`}', ""j'ei?'"", ""j0WI}'H"", 'j>pFv', 'j>zjZ', 'j@@AA', 'jA_q`', 'jC $H', 'jF\\tw', 'jH-Ah', 'jHIU#', 'jIhHK', 'jJsI<', 'jLiar)', 'jNCAh', 'jSCPo', 'jT(Q', 'jU&=0H', 'jZF<D', 'j\\C)P', 'j^f)}@5', 'jeO*P', 'jej*BI', ""jg,DH'"", 'jhD*FX', 'jieG$', 'jkxE?_,g', 'jmGi3', 'joW>L', 'jqCfr', 'jr;jAj|', 'jvhLLe', 'jxu&m<e', 'j{-h', 'j{@MP0', 'j{hLOd', 'j~qCjwkx', 'k(UU5z', 'k*RA:', 'k2o2u2w2{2', 'k96J+qR=', 'kApc6~g', 'kBgq?', 'kCXM_', 'kHn_u', 'kSi4Rp', 'kU#SVW', 'kWTyp', 'kWtPp', 'kXel32', 'k\\L""1P5', 'k^256W]', 'k_2)u', 'k`hNP', 'kd*7LQ', 'kd.?6', 'ke2:M', 'kekria', 'kf""vKX`;', 'khu9q', 'kixQC', 'kvd&R', 'kxU,d', 'k}!,GJ', 'l LF7', 'l$ EbS', 'l$GO^', 'l$dB8B', 'l+_SM5xW3', 'l+rL', 'l.c_oaeppkl,', 'l/exp/', 'l/i/{', 'l6qnk', 'l9My\\ymAbv', 'l:ePOH', 'l<iM{', 'l>eFG)f', 'l@N,lc', 'lQSR.', 'lQu-!', 'lRkh%|', 'lSyV/i#', 'lUWQP""0', 'lZr^y', 'l_Xcp', 'lcO/<1', 'lf q@(', 'lg$&|Pu', 'lgQx>', 'lhOC.', 'lhd`\\', 'ljn/]', 'll!$>d', 'lxR r', 'l|RUjz', 'm""39""!?', 'm#E<#', 'm40BC', 'm5d83', 'm71[h', 'm7hO(""$', 'm8J 9s', 'mAin!', 'mEh-_-', 'mFIC6E', 'mPBKDF2O', 'm]/Y,', 'm^aP', 'man3r', 'mast^_key', 'md_u94', 'mine/D', 'mj}[,Stp', 'ml_hhW', 'muMYE', 'mx9+u', 'n yers/', 'n+1;o$l', 'n,@,3', 'n/8&,', 'n0aL)', 'n4>xM', 'n:6*s', 'n>{]m', 'nC2Rh', 'nJx`.', ""nM'a8"", 'nN(AG', 'nPc. PKCS', 'ncIwK', 'ne77U', 'nfHmX', 'nhm_^', 'nis%i', 'nisn0', 'njCEU', 'nnE""\'', 'nnHPhH*SBh<', 'ntdll.dll', 'ntelt^DAn3', 'n}er;R', 'o""5)D', ""o';F"", 'o7scJ<jHP', 'o;Lc$a%', 'oC/X&D', 'oCt{g', 'oGtps', 'oK7aV', 'oMark Adlerv', 'oSc+i', 'oVL8""', ""oXP-'A"", 'oY@gc', 'o`49h4m', 'o`E_\\', 'o`j+U', 'oa\\VI', 'oapgapj', 'oeHH,', 'ohash', 'oi,us0', 'onseDF?5D', 'opE1~', 'otNWW', 'otw-SbJ', 'ou,ta', 'oxp(`', 'oyEbSvd', 'o~).`*', 'p back?c', 'p)]@e', 'p,T?NP,', 'p368wt5', 'p3p8u', 'p55LR', 'p7VU[tf', 'p@xEs', 'pAYia', 'pAwSZg', 'pDP.NH', 'pGh4a', 'pHhX+', 'pHl\\t', 'pK#N@', 'pMOV<mh', 'pO.4<Vj', 'pP_(\\', 'pVPC}M', 'pW /0', 'pY9^lYtB', 'p[r|y>', 'p\\dig', 'pjyk8', 'pl""n`f', 'pn\\Rl', 'pptZ+-I', 'pqt.3', 'ptx|7', 'puEFWKb', 'q""E<Qo', 'q$AD6', 'q)hVS', 'q-d""_', 'q2t}$UQVk', 'q>iO*~', 'q?squk?CK', 'qLQ?r$C[', 'qPIUn', 'qTYx c', 'q\\@0V', 'qr$/geH', 'qs,t#-t', 'qsorK/7', 'qxQ#YZx', 'r #X`', 'r+EQP$', 'r,PbFh', 'r,SR\\V', 'r7""K.', 'r8=P=', 'r99Ky', 'r<Axp9', 'r@&|I', 'rFCn1', 'rJvin', 'rKnCDqA', 'rQJSQQ6', 'r_YEd', 'rb?2828', 'rc4(4x,int)', 're/GAT', 'ro@openFl%', 'rsaW2', 's - a', 's!#Y', ""s'%/a"", 's(Fdi', 's->sid', 's0tX(D', 's7-a-', 's?OU7H0', 's@t@Dt;;', 'sG t$(,', 'sOAB[', 'sP#V5', 'sWRx,', 'sZpeao', 's\\$DR%>q', 's]qT$ ])S,eS', 'sb11S', 'sh""vwI', 'shb?j:9', 'skyZc', 'so%$""I?', 'swZlT', 't ;P*', 't numb%', 't""jXh`p', 't$jw*a', 't%!_ R6Txi', 't)$&n', 't.hP<', 't/jiRL', 't1UUQ', 't5}YI.', 't6VWmGh', 't:u`8', 't<hut\\', 't=etV', 't?fIpB2l`:', 't@!xA5', 'tDKUWU', 'tEqt%', 'tFpRI', 'tL}5C', 'tN$8BA)', 'tNum/', 'tOxt$', 'tP)$<', 'tS9/t=', 'tT{tG', 'tU(!7', 'tWVU5', 'tW[U!', 'tXFRv', 't\\nUWh', 't`3XBj', 'tbk}.', 'tdHt&', 'tgh _%', 'tn9_ ti', 'tn_;}', 'to 7', 'tp7C^', 'ts!$t', 'tt=G-', 'ttS$,H>', 'txP9p3', 'ty/in', 'tyBF %', 'u   $|`A', 'u""0ph', 'u""z(y', 'u#h];', 'u#{(3', 'u&30q', 'u)$42r', 'u+v6-', 'u-XCiiui', 'u-aX3', 'u.2J:', 'u1M2f2p0""', 'u29{u', ""u4'FJ"", 'u67 7p', 'u6D\\t{', 'u7ERI', 'u:?WSO', 'u:tvr', 'u@8(u;', 'uB!!c', 'uB&9%', ""uD'h\\I"", 'uD;Y,3', 'uH!PH=', 'uH/PGI`0$', 'uJ82V1', 'uKrTP*', 'uNMuF', 'uOKR2', 'uPVj0W', 'uQ!dh', 'uUMe7I', 'uXRWQ', 'u[XCz', 'u]tEh', 'u`)G~', 'uaQu)', 'ubuCPoiE', 'ud""ymW', ""ujqv'"", 'ujr!@', 'ul9~@rgS', 'ulus:', 'up Gailly ?F', 'uss%%', 'ut$h/', 'v!qqe', 'v#,Q|', 'v#h~C', 'v%A*I', 'v/>|&h', 'v3 pa8F', 'v6>R3', 'vB;&BE%', 'vLD3q', 'vQO+t', 'v_h3', 'valGSa', 'vct$s', 'verify callb', 'vfx{2Ht', 'vhDP\\', 'vk?Ie', 'vl\\a', 'vt&s%i', 'vyzA.', 'w }', 'w+OQvr', 'w/36%', 'w/X&P', 'w31G31', 'w7enE', 'w8oked', 'w@t.=', 'wB2hT', 'wDpWs', 'wHx19F', 'wK*$v', 'wR-wsg-^m<', 'wTEhM', 'wdup1', ""wgw'G"", 'wh/?y', 'wn>Jj', 'wr{o&', 'x PDm', 'x!,H32{', 'x)3abn{G%U', 'x121K', 'x3,KGC', 'x3H,KQSI', ""x5'p'"", 'x7t$)', 'x86 by <a', 'x9316', 'x<<D%', 'x@Qu9', 'xDH{ns', 'xO%y<', 'xOn.q', 'xPend/&r)c', 'xT8P%u', 'xUnPs', 'xVQJHM', 'xVdh|', 'xYI8KuS', 'xeD:QF', 'xf<{e4FP~H', 'xh\\PD<', 'xj PUx)', 'xpRVV', 'xrJ:DCG', 'xviU_', 'y&,\'""h', 'y*+,-.', 'y/faq.Dml_', 'y1@,(', 'y9F si$;', 'y:;<=>', 'yAu?8', 'yH<0$', 'yJKLMNpx', 'yPME=56', 'yTh+hrSC', 'yaYQI', 'ybjrz', 'yi0""g_', 'yiorU', 'ynD`h', 'ynZF.V', 'yu N=w', ""z Sh'g|"", 'z `Sf', 'z+$.!', 'z2tmhF', 'z;q/gj$', 'zGJX$', 'zLE>a', 'zbyn;t8=(', 'zcret', 'ze0H)A^', 'zjxp7', 'zktop', 'zsh)arV7', 'zxtCnH', '{""g\'dU', '{%jg\\`', ""{''FH&<"", ""{'H&8"", '{*""c#h', '{-*s(', '{6hN3v', '{@2B3', '{AUP8B0', '{AfSiT', '{DHCh', '{DRSS?', '{I8w;', '{^|LH', '{`ABG(I', '{`\\X4', '{bOAA', '{dh-l', '{ijqH$G', '{tj}/a', '{wDR6', '| {Lr2', '| |L}u9', '|$(eU', '|$8c#]', '|(!h@', '|0&XS4', '|27239', '|283M', '|<C!F', '|<q 1{J', '|>>Bq', '|H$]T', ""|Mti'"", '|RLP;t!X', '|_H/8&', '|f:Kwzy', '|lA=;', '|mpK0', '|u|=tGC#`', '} p9c', '}!q$Q]tX']","['UPX0', 'UPX1', 'UPX2']",advapi32.dll gdi32.dll kernel32.dll msvcrt.dll netapi32.dll ntdll.dll psapi.dll user32.dll ws2_32.dll,regsavekeya bitblt loadlibrarya exitprocess getprocaddress virtualprotect exit netbios atoi enumprocessmodules getdc wsagetlasterror,-./ i kn . njm /grt 0.sv 4 x4 5 a i o y _ s 9cast 8ux xtr7de zr 5 d . e o 7 ffff is_v2k pz0/ rf sisrj this program cannot be run in dos mode. tt_e w wa xnhm re g x gi 8 hck dbf jl d kj5y lgc.k lstrws thoaj w e yp k jdh 1 9 k o c g s u 1xi 7jh u i ch 0 b bca: cecr dpqsc ec3j ih x pjil0 sjxk _-_x d41k0 d4 h 3g jth known lbn. ledr7pos lo5 vk a wcs ruy otu h2y _e ax c / kt u 7 i jugxc ghpqs hcx mqa p s pso p t v wgu x ra bml bbatj dq z guzoj i xq x xv 3 l ggt- y h w h a c m _ g k y 8sm jpk .u o /f:w 57 cm : _servic zml a 0z bdqug eg lb_ f1- hps 6 n kg p tu q:tg urpk urhd v 5 vp o _l9 i _ r b f dedq goejz pm hk t h v8cn vq x vk uw nc 8 i 1 c k o . dw u 8 h 9xt a :my vpj mz 6 d.7 alv e0h j/n/ l9_dca w pz 3s ah94o gfz nq hx v j c c m4ju o ..r8 ph3 pb u9i b x94e hw. t4x 5 k s y e i o 6j /4k 05fl 1k8q 4 ga :cr 1 y kd a a8d b8vh ba x n i rvgh lq . proo - lmn g3_pk //rg1 08191r 1/ q 5 7 m s u _ k m / r e53 aj b7 _ bc gii c3c7c9cocwcic list pj-x uk hd vje vw a_ ztn e : awa_ ossbj v t x7 lhe wh32 8 mp paraa bnl 1 i q a g u sp 9 spj - . . c0 0 yx 2 _83 7j 8 8 or 8pz2 u 8w1p2 u-r0 qo7h6 rhlb zdot aln _40bit _c ch b x bdp. eay045 fs ggrcjh hyb o qua/l spt wmww 9 y / 3 5 e q s y c k -v. / 6z 4 1b z7/lx 5w0: g e i o u 7-i cur e g6sh gx/a urzv wsubt zeo m/ u/ mb8 ecec i qs pmosnmp qks yd7-dp f3x i cy8 / o u uf 0- 0 1yx8 fru m a nxha p jp rrjljl sp . y od hv _ e k m s hdor-8 ji lam- s ms n 1 pi0x t rvt6 rvd k npq qia / p-8g 19lh 3 hg _ v u. v0j wpqu j _e 0 drv3 hdqh tqxtl7k udhb/ v m xpgr z ea cak cryptogams nhm / 5 9 a w y i w 78q q 0 qupw 8 i 4 kx -88h-0 /ump 3mr 4b 0 tb c2d- equ g0 oh mh p q rw f ssk v pc vh xi wus kca xm g z:vh c. ny dl s fxj c h ub 7 j w jt ldct6 qfjmp u kaksh u y: a - r - mpub - r t -/etz -0axx -l// -mte3a -n-cc -perh -scon - 2c - ur c - aq -a a -ftol -objec -t.dr -t1 d -vvh . j . dy s . wr 4 . x k . .-.3.7.9. .w. .o.y. . shuux . xv 4 . q 9y ..dlh .0_two .3 copyright .8blzb . bot . bj .dhlh,upx0 upx1 upx2,advapi32.dll gdi32.dll kernel32.dll msvcrt.dll netapi32.dll ntdll.dll psapi.dll user32.dll ws2_32.dll regsavekeya bitblt loadlibrarya exitprocess getprocaddress virtualprotect exit netbios atoi enumprocessmodules getdc wsagetlasterror upx0 upx1 upx2 -./ i kn . njm /grt 0.sv 4 x4 5 a i o y _ s 9cast 8ux xtr7de zr 5 d . e o 7 ffff is_v2k pz0/ rf sisrj this program cannot be run in dos mode. tt_e w wa xnhm re g x gi 8 hck dbf jl d kj5y lgc.k lstrws thoaj w e yp k jdh 1 9 k o c g s u 1xi 7jh u i ch 0 b bca: cecr dpqsc ec3j ih x pjil0 sjxk _-_x d41k0 d4 h 3g jth known lbn. ledr7pos lo5 vk a wcs ruy otu h2y _e ax c / kt u 7 i jugxc ghpqs hcx mqa p s pso p t v wgu x ra bml bbatj dq z guzoj i xq x xv 3 l ggt- y h w h a c m _ g k y 8sm jpk .u o /f:w 57 cm : _servic zml a 0z bdqug eg lb_ f1- hps 6 n kg p tu q:tg urpk urhd v 5 vp o _l9 i _ r b f dedq goejz pm hk t h v8cn vq x vk uw nc 8 i 1 c k o . dw u 8 h 9xt a :my vpj mz 6 d.7 alv e0h j/n/ l9_dca w pz 3s ah94o gfz nq hx v j c c m4ju o ..r8 ph3 pb u9i b x94e hw. t4x 5 k s y e i o 6j /4k 05fl 1k8q 4 ga :cr 1 y kd a a8d b8vh ba x n i rvgh lq . proo - lmn g3_pk //rg1 08191r 1/ q 5 7 m s u _ k m / r e53 aj b7 _ bc gii c3c7c9cocwcic list pj-x uk hd vje vw a_ ztn e : awa_ ossbj v t x7 lhe wh32 8 mp paraa bnl 1 i q a g u sp 9 spj - . . c0 0 yx 2 _83 7j 8 8 or 8pz2 u 8w1p2 u-r0 qo7h6 rhlb zdot aln _40bit _c ch b x bdp. eay045 fs ggrcjh hyb o qua/l spt wmww 9 y / 3 5 e q s y c k -v. / 6z 4 1b z7/lx 5w0: g e i o u 7-i cur e g6sh gx/a urzv wsubt zeo m/ u/ mb8 ecec i qs pmosnmp qks yd7-dp f3x i cy8 / o u uf 0- 0 1yx8 fru m a nxha p jp rrjljl sp . y od hv _ e k m s hdor-8 ji lam- s ms n 1 pi0x t rvt6 rvd k npq qia / p-8g 19lh 3 hg _ v u. v0j wpqu j _e 0 drv3 hdqh tqxtl7k udhb/ v m xpgr z ea cak cryptogams nhm / 5 9 a w y i w 78q q 0 qupw 8 i 4 kx -88h-0 /ump 3mr 4b 0 tb c2d- equ g0 oh mh p q rw f ssk v pc vh xi wus kca xm g z:vh c. ny dl s fxj c h ub 7 j w jt ldct6 qfjmp u kaksh u y: a - r - mpub - r t -/etz -0axx -l// -mte3a -n-cc -perh -scon - 2c - ur c - aq -a a -ftol -objec -t.dr -t1 d -vvh . j . dy s . wr 4 . x k . .-.3.7.9. .w. .o.y. . shuux . xv 4 . q 9y ..dlh .0_two .3 copyright .8blzb . bot . bj .dhlh,"sample TG78Z__727A6800991EEAD454E53E8AF164A99C header machine 332 subsystem 2 sections UPX0 UPX1 UPX2 dlls ADVAPI32.dll GDI32.dll KERNEL32.DLL MSVCRT.dll NETAPI32.dll ntdll.dll PSAPI.DLL USER32.dll WS2_32.dll imports RegSaveKeyA BitBlt LoadLibraryA ExitProcess GetProcAddress VirtualProtect exit Netbios atoi EnumProcessModules GetDC WSAGetLastError strings !""#$%&'()*+,-./ !""#$%i !""\kN !.|njm !/Grt !0.SV !4\x4 !5!A!I!O!Y![!_!s!}! !9CAST !;8uX !;[][ !;{xtr7De !=,ZR !>5 ] !D"".& !E!#o#7#FFFF#$$ !Is_v2k% !Pz0/& !Rf(] !SiSRJ !This program cannot be run in DOS mode. !Tt_E !W{Wa` !XNhm !\@&^rE !g'X> !gI""8 !hcK+dbF& !jl[D !kj5Y !lGC.k !lStRWS !tHOaj !w,+&E !yP+K !|jDh ""!""%""+""1""9""K""O""c""g""s""u"" ""#1xi ""#7jH ""&%u| "")I{Ch ""0)[b ""BCa: ""CeCr ""DPQSc ""Ec3j ""Ih,x ""PJil0 ""SjxK ""_-_X ""d41K0 ""d4[& ""h'3g ""jTh$ ""known ""lbN. ""ledR7poS != ""lo5!% ""vK""A ""wcs! ""~RUy ""~otu # h2y ### $, ##]_e #'AX`@ #(,*~ #,c~$ #/`#kt`u #7 #I #@jUGxc #GHPQs> #Hcx= #MqA #P <S #Pso p #T?'v #WGU #X{rA #bML"" #bbatj #dq[Z #guZoJ@@ #i""xQ #x@xV $ 3?L $!GGT- $%&'()y $(h!W #h $)$=$A$C$M$_$g$k$y$}$ $*8sM $,JPk $.u!o $/F:w $57 CM ? $:'%{ $>>_SERVIC $>Zml $A+(0z $BdQUG $Eg\lb_ $F1-, $HPS""$6 $N'KG $P(TU $Q:TG $URPk $URhd $V+*5 $Vp]O\=_L9( $\i$! $_()R $`b)~f $deDQ $goEjz $pM$HK $t#?h $v8CN $vQ'X ${vk'\ $|$UW $~Nc ' %!8*I %'%1%=%C%K%O %.*,dw`u[ %8<?H~ %9xt<A %:MY} %<VPj %==MZ(6 %=d.7 %@aLv %E0h; %J/N/ %L9_DCa( %W""pZ %`3s % %ah94O %gFz#nQ %hx, v %j(c!C %m4Ju %o\..r8 %pH3$ %pb+< %u9i`B %x94e %~#hw. &&T4X& &'&)&5&;&?&K&S&Y&e&i&o&{& &(>6J &))** &*/4K] &05Fl &1K8q &4,%$Ga &:Cr\ &>1;y &@'kd &@;%a &A8d@, &B8vh &BA`x &N''i &RVGh &lQ!. &pRoo ' )% ' - ?> '(LMN ')g3_pk[ '//RG1 '08191r '1/(Q '5'7'M'S'U'_'k'm' '>/]r '@E53@ 'Aj~`""@ 'B7^_ 'BC[gII 'C3C7C9COCWCiC 'List 'PJ-X 'UK`Hd 'VJe\ 'VW""A_ 'Ztn(%e ']< : 'aWa_ 'ossBj$v 't$%X7@LHe 'wH32'%, '{8)Mp ( PARaA ( bNl (!(1(=(?(I(Q([(](a(g(u( ('SP* ()*+9 ()SPj (-&'."
VBMM9_149B7BD7218AAB4E257D28469FDDB0D,14336,0,332,3,1306744169,271,2042528,4194304,2,0,6,0,12288,4096,2027520,16,8,8,5,107,3,3.4441987495902424,7.306044642760563,4437.333333333333,681301.3333333334,"['KERNEL32.DLL', 'MSVCRT.dll', 'SHELL32.dll', 'WININET.dll', 'WS2_32.dll']","['LoadLibraryA', 'ExitProcess', 'GetProcAddress', 'VirtualProtect', '_iob', 'ShellExecuteA', 'InternetOpenA', 'inet_ntoa']","['!This program cannot be run in DOS mode.', '$TUUU', '$make', '%.4dOGET', '%EH_p', '%me a.acx.or', '&%sohttp://', '&Lo0L', '&mTimFWri', '&windir', '*^reg.e', '-GSSN', '.1oIPH', "".I<ya'XP"", '.rsrc', '1P{[H', '2t\\DY', '3.Fm^', '3tGruM', '4T3VEW=', ""4|'xS"", '7g^i2', '8DXhx7{0', ':o Z=', '>FPdr', '??3@YAXP', '?PeekNa<dPip', 'ABCDEFGHIJKLM', 'ADVAPI', 'B]*dR', 'CONIN$', 'CPQhP1J', 'Console', 'Di2ctoryAF`~cIoFr', 'E8.5(', 'ExitProcess', 'Fi]Read', 'GetProcAddress', 'HAD<@k', 'HTT3O', 'InternetOpenA', 'JBUPU%', 'KERNEL32.DLL', 'Krl2 Lt', 'LoadLibraryA', 'MSVCRT.dll', 'MultiBy>ToWideChar(GetSys{', ""NECT'{I"", 'P$TUIU', ""P'=%M"", 'P)+rd', 'P/1.0', 'PQRST', 'PROFILE', 'PS*H@@m', 'PU%UI', 'PUTUI', 'Pefzd', 'Pi9V*d', 'SHELL32.dll', 'SP3gh', 'ShellExecuteA', 'Termin', 'U@ptA;>', 'USER32.dll', 'UxQxlp', 'VirtualProtect', 'Vj5|Zbw', 'W2r0n', 'WININET.dll', 'WS2_32.dll', 'XPTPSW', 'XYP!s', 'YuYj.', 'ZLaEr~rM@', 'Zabcdefghijklmnopq', '[iP[cliJid]', '\\Run /v SysTray', '_M$=Sh', '_u]R`', 'aA?run', 'abRich', 'add HKCU\\Softwa4\\Micr', 'app_ty', 'ateProcess""All', 'bv?%0', 'cialF:jrP', 'h:0Cxx', 'kEBA#', 'localh', 'n-,Mk+Q#ztR3scK', 'ows\\Cur.ntVersion', 'pt_hmr3""_', 'quesM', 's@Urr', 'seHand', 'six]h', 't;u t$-', 'tuvwxyz0123456789+/', 'usgozr', 'xiopy', 'xnH@Q@', 'xru/b', 'xwh~dT', 'zs_iob', '~ep_%_', '~temp/~P<0.t']","['UPX0', 'UPX1', '.rsrc']",kernel32.dll msvcrt.dll shell32.dll wininet.dll ws2_32.dll,loadlibrarya exitprocess getprocaddress virtualprotect _iob shellexecutea internetopena inet_ntoa,this program cannot be run in dos mode. tuuu make .4doget eh_p me a.acx.or sohttp:// lo0l mtimfwri windir reg.e -gssn .1oiph .i ya xp .rsrc 1p h 2t dy 3.fm 3tgrum 4t3vew 4 xs 7g i2 8dxhx7 0 :o z fpdr 3 yaxp peekna dpip abcdefghijklm advapi b dr conin cpqhp1j console di2ctoryaf ciofr e8.5 exitprocess fi read getprocaddress had k htt3o internetopena jbupu kernel32.dll krl2 lt loadlibrarya msvcrt.dll multiby towidechar getsys nect i p tuiu p m p rd p/1.0 pqrst profile ps h m pu ui putui pefzd pi9v d shell32.dll sp3gh shellexecutea termin u pta user32.dll uxqxlp virtualprotect vj5 zbw w2r0n wininet.dll ws2_32.dll xptpsw xyp s yuyj. zlaer rm zabcdefghijklmnopq ip clijid run /v systray _m sh _u r aa run abrich add hkcu softwa4 micr app_ty ateprocess all bv 0 cialf:jrp h:0cxx keba localh n- mk q ztr3sck ows cur.ntversion pt_hmr3 _ quesm s urr sehand six h t u t - tuvwxyz0123456789 / usgozr xiopy xnh q xru/b xwh dt zs_iob ep_ _ temp/ p 0.t,upx0 upx1 .rsrc,kernel32.dll msvcrt.dll shell32.dll wininet.dll ws2_32.dll loadlibrarya exitprocess getprocaddress virtualprotect _iob shellexecutea internetopena inet_ntoa upx0 upx1 .rsrc this program cannot be run in dos mode. tuuu make .4doget eh_p me a.acx.or sohttp:// lo0l mtimfwri windir reg.e -gssn .1oiph .i ya xp .rsrc 1p h 2t dy 3.fm 3tgrum 4t3vew 4 xs 7g i2 8dxhx7 0 :o z fpdr 3 yaxp peekna dpip abcdefghijklm advapi b dr conin cpqhp1j console di2ctoryaf ciofr e8.5 exitprocess fi read getprocaddress had k htt3o internetopena jbupu kernel32.dll krl2 lt loadlibrarya msvcrt.dll multiby towidechar getsys nect i p tuiu p m p rd p/1.0 pqrst profile ps h m pu ui putui pefzd pi9v d shell32.dll sp3gh shellexecutea termin u pta user32.dll uxqxlp virtualprotect vj5 zbw w2r0n wininet.dll ws2_32.dll xptpsw xyp s yuyj. zlaer rm zabcdefghijklmnopq ip clijid run /v systray _m sh _u r aa run abrich add hkcu softwa4 micr app_ty ateprocess all bv 0 cialf:jrp h:0cxx keba localh n- mk q ztr3sck ows cur.ntversion pt_hmr3 _ quesm s urr sehand six h t u t - tuvwxyz0123456789 / usgozr xiopy xnh q xru/b xwh dt zs_iob ep_ _ temp/ p 0.t,"sample VBMM9_149B7BD7218AAB4E257D28469FDDB0D header machine 332 subsystem 2 sections UPX0 UPX1 .rsrc dlls KERNEL32.DLL MSVCRT.dll SHELL32.dll WININET.dll WS2_32.dll imports LoadLibraryA ExitProcess GetProcAddress VirtualProtect _iob ShellExecuteA InternetOpenA inet_ntoa strings !This program cannot be run in DOS mode. $TUUU $make %.4dOGET %EH_p %me a.acx.or &%sohttp:// &Lo0L &mTimFWri &windir *^reg.e -GSSN .1oIPH .I<ya'XP .rsrc 1P{[H 2t\DY 3.Fm^ 3tGruM 4T3VEW= 4|'xS 7g^i2 8DXhx7{0 :o Z= >FPdr ??3@YAXP ?PeekNa<dPip ABCDEFGHIJKLM ADVAPI B]*dR CONIN$ CPQhP1J Console Di2ctoryAF`~cIoFr E8.5( ExitProcess Fi]Read GetProcAddress HAD<@k HTT3O InternetOpenA JBUPU% KERNEL32.DLL Krl2 Lt LoadLibraryA MSVCRT.dll MultiBy>ToWideChar(GetSys{ NECT'{I P$TUIU P'=%M P)+rd P/1.0 PQRST PROFILE PS*H@@m PU%UI PUTUI Pefzd Pi9V*d SHELL32.dll SP3gh ShellExecuteA Termin U@ptA;> USER32.dll UxQxlp VirtualProtect Vj5|Zbw W2r0n WININET.dll WS2_32.dll XPTPSW XYP!s YuYj. ZLaEr~rM@ Zabcdefghijklmnopq [iP[cliJid] \Run /v SysTray _M$=Sh _u]R` aA?run abRich add HKCU\Softwa4\Micr app_ty ateProcess""All bv?%0 cialF:jrP h:0Cxx kEBA# localh n-,Mk+Q#ztR3scK ows\Cur.ntVersion pt_hmr3""_ quesM s@Urr seHand six]h t;u t$- tuvwxyz0123456789+/ usgozr xiopy xnH@Q@ xru/b xwh~dT zs_iob ~ep_%_ ~temp/~P<0.t"
VC990_468FF2C12CFFC7E5B2FE0EE6BB3B239E,348160,0,332,3,1294716122,271,775248,4194304,2,0,6,0,348160,4096,425984,16,12,12,9,2500,3,3.4174408523530637,7.898275734962124,115712.0,259413.33333333334,"['ADVAPI32.dll', 'GDI32.dll', 'KERNEL32.DLL', 'MSVCRT.dll', 'NETAPI32.dll', 'ntdll.dll', 'PSAPI.DLL', 'USER32.dll', 'WS2_32.dll']","['RegSaveKeyA', 'BitBlt', 'LoadLibraryA', 'ExitProcess', 'GetProcAddress', 'VirtualProtect', 'exit', 'Netbios', 'atoi', 'EnumProcessModules', 'GetDC', 'WSAGetLastError']","['!""#$%&\'()*+,-./', '!""#$%i', '!""\\kN', '!.|njm', '!/Grt', '!0.SV', '!4\\x4', '!5!A!I!O!Y![!_!s!}!', '!9CAST', '!;8uX', '!;[][', '!;{xtr7De', '!=,ZR', '!>5 ]', '!D"".&', '!E!#o#7#FFFF#$$', '!Is_v2k%', '!Pz0/&', '!Rf(]', '!SiSRJ', '!This program cannot be run in DOS mode.', '!Tt_E', '!W{Wa`', '!XNhm', '!\\@&^rE', ""!g'X>"", '!gI""8', '!hcK+dbF&', '!jl[D', '!kj5Y', '!lGC.k', '!lStRWS', '!tHOaj', '!w,+&E', '!yP+K', '!|jDh', '""!""%""+""1""9""K""O""c""g""s""u""', '""#1xi', '""#7jH', '""&%u|', '"")I{Ch', '""0)[b', '""BCa:', '""CeCr', '""DPQSc', '""Ec3j', '""Ih,x', '""PJil0', '""SjxK', '""_-_X', '""d41K0', '""d4[&', '""h\'3g', '""jTh$', '""known', '""lbN.', '""ledR7poS !=', '""lo5!%', '""vK""A', '""vwID', '""~RUy', '""~otu', '# h2y', '### $,', '##]_e', ""#'AX`@"", '#(,*~', '#,c~$', '#/`#kt`u', '#7 #I', '#@jUGxc', '#GHPQs>', '#Hcx=', '#MqA', '#P <S', '#Pso p', ""#T?'v"", '#WGU', '#X{rA', '#bML""', '#bbatj', '#dq[Z', '#guZoJ@@', '#i""xQ', '#x@xV', '$ 3?L', '$!GGT-', ""$%&'()y"", '$(h!W #h', '$)$=$A$C$M$_$g$k$y$}$', '$*8sM', '$,JPk', '$.u!o', '$/F:w', '$57 CM ?', ""$:'%{"", '$>>_SERVIC', '$>Zml', '$A+(0z', '$BdQUG', '$Eg\\lb_', '$F1-,', '$HPS""$6', ""$N'KG"", '$P(TU', '$Q:TG', '$URPk', '$URhd', '$V+*5', '$Vp]O\\=_L9(', '$\\i$!', '$_()R', '$`b)~f', '$deDmine/D', '$goEjz', '$pM$HK', '$t#?h', '$v8CN', ""$vQ'X"", ""${vk'\\"", '$|$UW', ""$~Nc '"", ""%'%1%=%C%K%O"", '%.*,dw`u[', '%8<?H~', '%9xt<A', '%:MY}', '%<VPj', '%==MZ(6', '%=d.7', '%@aLv', '%E0h;', '%J/N/', '%L9_DCa(', '%W""pZ', '%`3s %', '%ah94O', '%gFz#nQ', '%hx, v', '%j(c!C', '%m4Ju', '%o\\..r8', '%pH3$', '%pb+<', '%u9i`B', '%x94e', '%{&PMm', '%~#hw.', '&&T4X&', ""&'&)&5&;&?&K&S&Y&e&i&o&{&"", '&(>6J', '&))**', '&*/4K]', '&05Fl', '&1K8q', '&4,%$Ga', '&>1;y', ""&@'kd"", '&@;%a', '&A8d@,', '&B8vh', '&BA`x', '&BzupO', ""&N''i"", '&RVGh', '&lQ!.', '&pRoo', ""' )%"", ""' - ?>"", ""'(LMN"", ""')g3_pk["", ""'//RG1"", ""'08191r"", ""'1/(Q"", ""'5'7'M'S'U'_'k'm'"", ""'>/]r"", ""'@9MB"", ""'@E53@"", '\'Aj~`""@', ""'B7^_"", ""'BC[gII"", ""'C3C7C9COCWCiC"", ""'List"", ""'PJ-X"", ""'UK`Hd"", ""'VJe\\"", '\'VW""A_', ""'Ztn(%e"", ""']< :"", ""'aWa_"", ""'ossBj$v"", ""'t$%X7@LHe"", ""'wH32'%,"", ""'{8)Mp"", '( PARaA', '( bNl', '(!(1(=(?(I(Q([(](a(g(u(', ""('SP*"", '()*+9', '()SPj', ""(-&'."", '(.$?c0', ""(0'yX"", '(2~ ""_83', '(7J&8', '(8)oR', '(8Pz2\\U', '(8W1P2', '(?U-r0$', '(Qo7h6', '(RhlB', '(ZdOt', '(^""~AlN', '(_40Bit', '(b*;X', '(bDp.', '(eay045', '(fS{ggRcjh', '(hyb', '(o)QUA/l', '(spt&', '(wMww', ') 9[Y=', ') =""~', ')#/#3#5#E#Q#S#Y#c#k#', '),-v.', ')/]6Z', ')5w0:', ')?)G)])e)i)o)u)', ')?7-i', ')Cur', ')E\\\\*=', ')G6sH', ')GX/a', ')UrzV', ')WSUBT', ')\\ZEo^m/', ')]U/,', ')^mb8', ')ecEC', ')i(QS', ')pMoSNMP', ')qks]', ')yD7-Dp=', ')}F3x', ')~I}', '*$CY8', '*%*/*O*U', '**>uF', '*,0-$0', '*1YX8', '*FRu', '*M`$a', '*NXHA`', '*P<Jp', '*RRjljl', '*Sp@.', '*Y{Od', '*\\Hv,', '*_*e*k*m*s*', '*hdOR-8', '*ji?+', '*laM-\\S', '*ms,', '*n`1;', '*pI0X', '*t{RVt6', '+ rvD', '+!K=NPQ}', '+!Qia', '+/]$P-8G', '+19lh', '+@|3*|', '+HG%_', '+V,U.', '+V0J', '+WPQU', '+[J[', '+_e 0', '+dRv3', '+hDqH', '+tQxtL7K', '+uDhb/', '+v;;M', '+xpGR', '+z(eA', '+|cAk', ', CRYPTOGAMS', ',""?NHm""', ',#,/,5,9,A,W,Y,i,w,', ',$78Q', ',$Q)0', ',(QUPW\\8', "",+i!4'KX"", ',-88h-0', ',/Ump', ',3mR@', ',4b{0=', ',;~,tb', ',C2D-(', ',EQU$', ',G0@oH$', ',Mh#""', ',P(+^[q', ',RW[F', ',SSk""', ',V>PC', ',VH{Xi', ',WUS""KCA', ',Xm@G', ',Z:vh', ',c.`nY(', ',dl#s', ',fXJ@C', ',h<$Ub%7+', ',j(w$', ',jt+#', ',lDct6)', ',qFJmP', ',u|KAKSH U', "",y:'A"", '- ?""r', '-$mpuB', '-,r,T$@', '-/etZ', '-0AXX', '-L//(', '-MtE3A[', '-N-cc', '-PERH', '-Scon', '-\\2C<', '-\\UR@C[', '-\\\\AQ', '-a%a?', '-ftol', '-objec', '-t1+D', '-vvh?', '.""\'J#', '.#Dy<S', '.#Wr(,4', '.$<X!k', '.%.-.3.7.9.?.W.[.o.y.', '.(XV,4', '.+Q<9y', '..dlh', '.0_two', '.3 Copyright', '.8BLZb?', '.?!?bot', '.@[ BJ', '.DHLH', "".EOWS{'"", '.I-[z', '.JFERROR>>', '.Or\\b', "".T_p'"", '.`5xS', '.c8$h', '.c?5F2', '.cW+<', '.cox_d', '.h\\+h-', '.pp@0', '.x400', '/!A,@', ""/'/)/A"", ""/'1jtK_copO"", ""/'UNKNOWNN"", '/----', '/0123', '/12c2tnb4', '/3Gs$', '/7IBIoP@', '/;EAfY', '/<&0{', '/@G(|C', '/@X\\2qC', '/E/K/M/Q/W/o/u/}/', '/F(]8', '/FBOOLE', '/IKE/', '/QH4;""', '/TB@8', '/Ywr{', ""/^O'7"", '/`!@Er&', '/a1kXUba1X', '/ck#X', '/d }O', '/degs', '/fof2;', '/h=),', '/m^]5D', '/n__R`', '/uUby', '/vYSI', '/xL!J', '/zK0p', '0""-""S', '0#0)070;0U0Y0[0g', '0#7;C', '0#C+m', '0%(a;', '0&@lo', '0,RGo', '0.@FX;', '00Kx0po', '048;<', '083U3#', '0:P+Qi+', '0;/h2', ""0AT'W"", '0C\\E`', '0CgRh', '0HQRP`', '0I9(N', '0KtIB#', '0MAl`', '0MsMMUb', '0Mth:x7', '0P_L #', '0QR36', '0Ul""Iu', '0VQRC', '0XC00', '0Z:H+%', '0aEGS', '0e""T4', '0fUl', '0jRR>', ""0n'iC@hW"", '0q0y0}0', '0rHu', '0uGX!', '0ub*a', '0xOiUt', '0{nkw*i', '1 (Neg', '1 7jW', '1!, L', '1!I|;z@', '1$[l\\', ""1'B S"", ""1'falwy~"", '1,8<9', '1,d.+', '10LSF', '12345p', '19228', '1A}2Lz', '1C_~F', '1Q]h:', '1V;U;M 8c', '1\\bA?', '1chV', '1fmPAD_FE', '1g)rWpl', '1rjxBr', '1uRw$', '1wsHp', '1x""RZ', '1~aVP', '2!DDN', '2$C2', '2$W04E', '2)252Y2]2c2', '23456789ABC', '23[3_3g3k3s3y3', '28147-89G K', '2:BJRZy', '2<A*', '2=Hp5', '2Bb)VF@', '2GxPX', '2IHTV', '2N-4/', '2RuBt', '2S&&j', '2U3@!', '2[ic3', '2_smp', '2bBis', '2hiPQ', '2n0:6', '2sp1C', '2u/CX', '2utcKc5', '2xXhb', '2}!%F', '2}:d70', '2}HM""', '3 G M Q _ c f', '3 X$J', '3%d3/353', ""3'oid"", '3,E7|e', '3-sha1', '3.68.', '3/,Nn', '30W*-', '3410', '38?JX""r38', '3;Pl|rU', '3@@VR', '3@Uhc', ""3A[|) '"", '3DE_k', '3HJ1$', '3J(%g', '3J+]<', '3P_F[', '3QbV,t', '3Qez0N0', '3RiL^', '3`R<(8', '3d.!8E', '3ek#', '3l7p@', '3y Q%X', '3|V~<', '3|rN>', '4 6B!.F', '4 agz', '4 wd )', '4!@b""', '4#=82', '4&8Yp', '456789y', '467fE0', '474E4U4W4c4i4m4', '4>m~o', '4A/-Vt|', '4A2D1', '4Hxtbl', '4ISyh', '4MhQ0G', '4Mtx|', '4R7R0', '4RQS+[', '4W-t&d', '4WVj\\', '4Y X{8', '4\\$0_', '4afS%', '4gt2Z<', '4h$muh', '4psG hN', '4|WV9', '4|hN3', '5!22CP', '5$E0I', '5($TU', '5)ChX', '5.jT\\z0', '51!w$d!', '54P::Z$>', '571r1', '5904@N', '5@.[2P', '5ISQ7', '5Q5e5o5q5w5{5}5', '5QjCX', '5VRP3', '5W,2+', '5^+_@', '6 li\\', '6!_8&', '6#616', ""6'q@Y"", '6,D.&)', '6/ol!J', '60r2/$', '60|&}F', '66Uga7+I', '688@P', '6C/ Of 3', '6F9Ev', '6Full', '6IA )C', '6Ia :p', '6K3h', '6KRBW', '6M0UQH%i`', '6N\\84,', '6NiFV', '6Zv{`1 7r', '6`zZL', '6d hli', '6ed`+', '6tcgG', '6tpD4', '6xUtu', '6xrlpoo^0', '6~<EMPTY>', '7 |_9', '7$BN.', '7&V @', '70hB;\\', '71409a', '74`ht', '7788;;==>>', '7:N\\C_', '7?7E7I7O7]7a7u7', '7N@Ds', '7OELEU8', '7St\\=', '7T&`o', '7\\H!s', '7aXin', '7d/-93', '7d\\=U', '7rd/wk', ""7s'@*"", '7unw+R', '7w.Rim', '7yi97i', '8!83858A8G8', '8*Kx', '8/d@,$!I', '831_7T', '87obR', '8A$M,', '8A$Z', '8FO_ACCE', '8T$ gq', '8T4\\T', '8Tnwv', '8WPw4', '8a|~s', '8g&3g', '8h P\\t<', '8jj)@', '8le-oH&', '8t7X/H}', '9 6Ak', ""9!' !x"", '9#9%9)9/9=9A9M9[9k9', '9%!v-.', '9.d0T', '9.tW0Q,', '91C1E1K1]1a1g1m1s1', '95)W+', '96=]]H', '98UrA', '995-2005 Jean-lov', '9;t!M', '9Ajdj', '9Exte', '9M$U(F', '9T||P', '9US?8', '9V8tE', '9\\Bn@', '9]j!* &', '9^$uD8', '9^H]_0B@', '9_U{E', '9dZe(83', ""9dcG'&"", '9h3ok', '9il3XZ', '9l!ftWW', '9ljpj', '9v: oh', '9vhgE', '9|<v5', ': 50`mm', ':""CpIH', ':%08lX.', "":':+:1:K:Q:[:c:g:m:"", ':((A8P?', ':(_-;', ':8@Iu', ':A/p""', ':DU:S', ':M #%', ':N@;MWV', ':QP1$', ':TxS;', ':V /{7[', ':YhaG/l;3', ':\\E%F', ':b?Oj', ':bCP1', ':c|w{', ':j.dQ', ':sWb%', ':uvvyyzz||', '; w$(@', ';#4F%', ';$*[s', ';$Eh<', ';.V_2', ';03Ajqj', ';6M6O6S6Y6a6k6m6', ';8?+2*^', ';8Zx0', ';9;E;S;Y;_;q;{;', ';=T9XD', ';J4 bh', ';M<<e', ';M}hh', ';R9!eh', ';R`S0', ';[K:T', ';\\(PS', ';at4x', ';d22Vt::N+', ';f@<<', ';kPQg&6', ';u""hDQ:h', "";}t '"", '<)<5<C<O<S<[<e<k<q<', '<.^<,Z', '</POn', '<2)Iq', '<8@~E', ""<8v'mt"", '<:6W8f', '<<xYH', '<<~QP', '<=>Hl', '<KLMNO', '<PQYtV', '<TY.', '<UpE:', ""<Z>'v"", '<]?E I', '<d`On', '<hX(!', '<it_r', '<jz[qjp', '<pdXL@', '<uV9zt3', '<x{FK', '<ybuf', '<}}]$', '=!=-=3=7=?', '=)> %2<{', ""=0Xp'z`"", '=6F6,#', '=C=o=s=u=y={=', '=EC+P;', '=F@5F', '=J(j<', '=MjQW', '=P)|(X.', ""=R?'j'07"", '=XwH,]', '=YLk]', '=^d@f', '=_~Q;', '=a-jU@hP', '=lTpuQj', '>""u:F', '>#>)>/>3>A>W>c>e>w', '>*0-8~', '>+6M[', '>/tXL', '>0&w*P{=V', '>43""u', '>:WSWuj!P`4', '>AUQQQ', '>LdY[[', '>M_6L', '>NS,\\', '>^//q', '>d`D$', '>lr~""', '>x6qF~', '>| }^@', '?&M;U|', '?+UHa', '?,)Dr', '?/h&D', '?0`!q', '?0hGI+', '?7t*5', '?8 (0m', '?;a|C', '?@ABC', '?A?Y?_?e?g?y?}?', '?A}:F', '?CRLI,', '?G500U08', '?HxMX', '?N9X!', '?NO9o', '?O~#h', '?Q:|(', '?S8E 7', '?SLEX', '?V_E/', '?Vl` d', '?b@)W', '?ciph.', '?io&t', '?j}h00IV', '?oD8U', '?r9d:_', '?smH4', '?uCZ', '?w:;$', '?y/,&', '@ @(@0', '@!@%@+@1@?@', '@&[kF', '@(=)9', '@(?4Ii', '@(w*C', '@(|Vu', '@,C&+Co$', '@,PQV', '@.AD-', '@/V@SR', '@/_+&', '@1""~;4', '@1P286', '@8<d]A', '@?@PS#', '@@V}=', '@AP!(', '@B<RP:', '@DtC}', ""@EubT'"", '@I9,oU', '@PAZ!', '@R=_L', '@RA;H`$', '@VL@u', '@VTPR_', '@^EEFFIIJJ,', '@_NCTL', '@ble}', '@h&oQS', '@l!dfJ', '@lRCp', '@mk8k', '@nJWw', '@omF', '@~attr', 'A F)Gy', ""A R\\'"", 'A&=gs', 'A.He/', 'A.TX]8;)', 'A2VPD', 'A45dt!', 'A5*>Qt2', 'A7T,RS/I', 'A9@;[', 'A<1lc', 'A=!q+', 'A=utl', 'A@!?pKi', 'AB!N""', 'ADVAPI32.dll', 'AD_DV4', 'AHqDH', 'ALL:!aNU', 'ALOER', 'AMBO', 'ANOnly', 'AP@7F', 'APjT*', 'AS,|@', 'AXKa*', 'AYAeAkAwA{A', ""A[4'pH6"", 'A\\\\Ag', 'A_7D\\8', 'AaD)w', 'AawT6', 'Ab7\\>', 'Agreg', 'Ai%Wl$', 'Ai)&%', 'AjhD)C', 'AlS7excl', 'Alj?.', 'AnA?p', 'Aq;H{', 'Au4Enc', 'Avj@|d', 'B!`kPk', 'B""+EL', 'B#B)B/BCBSBUB[BaBsB}B', 'B$X\\Zb!', 'B-1WA', 'B.~3fi', 'B/oOcbc', 'B00QU', 'B8(NNn/@HD', 'BAGS7', 'BDigest', 'BFYbfQBFI', 'BG;X r', 'BGFHK', 'BHK@I', 'BH`]R', 'BPe(j', 'BQq;30', 'BRpZ{', ""BX'nV"", 'Bh!E4', 'BitBlt', 'Bj[5h', 'Bmj@O', 'BnUQK', 'Bo ,^%Wp', ""Brth'c"", 'Bs8<A', 'Bsh_/j', 'ByL D', 'C T:e', ""C q'O"", 'C!WPh', 'C!rM8', 'C""3K0', ""C*'.)9|"", 'C,tFND', 'C0;|!', ""C1^'+"", 'C2ZGd', 'C3<D\\', 'C7Hv/', 'C7Xru', 'C;qjz', 'C=x_S~', 'C?9Qr', 'C@E@]@a@g@m@', 'CAS8', 'CA_use', 'CDgKdF', 'CGSil', 'CGfn.cRC', 'CIPHER', 'CJ?9a', 'CKk<[', 'COMPLE', 'CPSOcps', 'CQ8i&1x', 'CQOB:H.@AT', 'CR??,?', 'CW?-,', 'CWtc_0', 'C\\&qn', 'C^pQQ', 'CaOPV', 'Cb3gD', 'Ccy2a', 'CeR:(=', 'CecEC?bc', 'CjliG@b', 'Cn77Y', 'CrlID', 'CwLw|', 'CxS+&', 'C{QzQ', 'D!T;&q', 'D""""fT**~;', 'D"")hQm0', 'D""k?S c', 'D#D)D;D?DEDKD', 'D$&qQs', 'D$er-', 'D%_HO', 'D%b;', 'D*O }', 'D.LfP', 'D/p}r', 'D04GeM*2', 'D3(!lXTo', 'D9O45', 'D<DZ3Z~', 'D<Wmdc', 'D=Vj', 'D?HhG?', 'D@P(%,', 'DB+Xx#k', 'DBRQ)V-', ""DC'nm"", 'DC@QS', 'DDL|h', 'DE !""', 'DEFGHIy', ""DFQm'"", 'DFnbi', 'DFvat', 'DH@WS', 'DHcR_BN', 'DKlP<', 'DTr SgP0', 'DU?CSU', 'D[*0$', 'D``xQPPR', 'DtMhTt', 'Dun_G', 'DuoG((', 'E Z\\\\', ""E'^Yr"", 'E+8EAE', 'E.PSC', 'E/OEU', 'E0]G#', 'E3<0<j', 'E@8|?f)', 'E@VQSW', 'EC :%', 'EC_bc', 'EDGWE@', 'EFGHIJ<', 'EP90<!', 'EPQU!', 'ER;l`', 'ETj6d', 'EW5_7Bsh', 'EXPO_', 'EaW@Qa', 'EbH\\KtJ', 'Efx3A', 'EgRm[-+', 'EmBS,', 'EmzAW', 'EnumProcessModules', 'Eo@4I', 'EpMOVv{n`<', 'ExitProcess', 'Ez<\\]$', 'F,X`i,', 'F1Y>\\', 'F9ZM@', 'F@""PoA', 'F@RHT', ""FA2T'A2"", 'FAQ, http://w', 'FATAL', 'FBB`^', 'FGH#$%I', 'FIELDIDW', 'FJHx[', 'FN@4pA', 'FORMAT', 'FV|FgUV', 'FWM(zC', 'F`@WRQU', 'Feb&ai', 'Ffc822', 'Fg#40W', 'Fgo9%', ""Fh0%'P"", 'FhTBjh', 'Fhp;o', 'File5', 'Fl./.', 'Fp*k_^', 'FpX7bisZpe.', 'FukmO', ""G$M'?6"", ""G/TDT'S"", 'G1/ui', 'G7_F(', 'G8PHD$ M', 'G:$3RP', 'G<UHp', 'G@QD);', 'GA`cF', 'GCC%C', 'GDI32.dll', 'GHIJKLMNOp', 'GI]2@', 'GKG4=', 'GMWPjA', 'GOST89MAC', 'GQ0d[', 'GRM9yP', 'GS@&,PWW', 'GW /', 'GXQR+', 'Gc(L^', 'Ge;( Lk', 'GetDC', 'GetProcAddress', 'GgJT .M;', 'Ggcd.cwad/K', 'Gspkd', 'Gssagom', 'G{(e\\', 'H)WVl', 'H*0""DW', 'H/onI', 'H0==%pD', 'H7Qlz', 'H8Vtd<', 'H9=\\ x', 'H@SZR', 'HE3YG0^', 'HJ#;..', 'HLeaj', 'HO&1Q', 'HT<%8', 'HVojD_', ""HXIG'"", 'HXx\\@', 'Halxh', 'Hd@$(df', 'HiP/w', 'Hintgl', 'HkY8$', 'HnTYd', 'HuZsMh^', 'HxOelV', 'H|lBJ', 'I21-WOscN!', 'I51D2', 'I6+V*', ""I7$'u"", 'I9 `t$', 'IA5SLX', 'IAXAqI', 'IMPJTW', 'IMz0s3G.v', 'IN&s(rw', 'IP Q:</+t', 'IZEogH', 'I\\DKG', 'I\\~Ju', 'I]8lc', 'I`<=t', 'IbxMX*', 'IdWINGLE', 'Im+te', 'IpQkN', 'IqAHH\\\\', 'Iw%_;', 'Ix;Ia:', 'J(<A|', 'J.94X', 'J1q#3', 'JCB?Am', ""JDd'NJ"", 'JHtWHXJ$', 'JNQMv|', 'JO>-ISO', 'JQO W', ""JWdV'"", 'J^[ihT', 'Je(xG', 'Jho1As', 'Jml_vO', 'Jo DF', 'Jun L1', 'Jw#HD', 'JzMQN', 'K.D/`*s', 'K.IT/},', 'K5qu>', 'K7@d@', 'K8S8W8_8e8o8q8}8', 'KA5x(', 'KAX &JH', 'KEK]^kid', 'KERNEL32.DLL', 'KEkwk', 'KHHN""s', 'KI7$N7r', 'KN.9', 'KNCF_3(l-p', ""KO6'7"", 'KPRPV', 'KWT_F', 'KetKh', 'Kikb4', ""Ku?h'"", 'K|%HX', 'L#tn1', 'L&&jl66Z~??^y', ""L'r%CU"", 'L+5I', 'L+>rY', 'L+W)a', 'L.v?o', 'L4$H]]', 'L9h(l', 'L<@P8', 'L<DR04', 'L>nBxj', 'LG\\Xx', 'LH@%8', 'LLIA_', 'LOPEG', 'LP""bV', 'LPW1|w""', 'LPj4K~', 'LU<<Q', 'LWS[TQ', 'L]m<%]H=', 'L_agc_', 'L`J31', 'Li&EVP_MAXV', 'Lo/*h{', 'LoadLibraryA', 'Lo~QG', 'L{nj +x', 'M$PQc', 'M0|t(bt', 'M1w1p52G', 'M2:E', 'M;;>5', 'M;Cai', 'M>@hX', 'M@_%u', 'MEDIUMLOW', 'MHF*~', 'MIME MHG', 'ML-""-', 'MP%T4>', 'MRKro~', 'MSVCRT.dll', ""Mb#{'"", 'Ml@v@', 'Mmjg9', 'Multiplica', 'N$-~M', 'N$H|5H', 'N.)Er{.', 'N07W9', 'N1QeL$', 'N4*\\?Nia32VVS', 'N=@tA', 'N>-cGu', 'N@Vob', 'NA', 'NBV<3F5', 'NETAPI32.dll', 'NGINE', 'NHj Q', 'NHp_H$XI.', 'NIoH.H.JKH.H.LM', 'NVaqI', 'NY#G`', ""NYv3+'"", 'NZIQ\\.', 'N\\(bk', 'N`QVj', 'Nc$o', 'Netbios', 'Nh""l&$', 'Nk(zZ', 'Nljwl', 'Nn/}H&<', ""Nsew'"", ""O$R$QR'"", ""O'O28n#9%28"", 'O(-%64O', 'O*9y]', 'O0ng[', 'O2*cP', 'O7D$$', 'O;dd$', 'O@C:KJ', 'OBJBUuEVm', 'OD>EC_', 'OOtwWGtj7', ""OPY;0$G'<"", 'OQQRRTTWWXX[[]]^^aabbddgghhkkmmn', ""OT'URR."", 'O^{Jq^#', 'O_37w3q', 'Oakley', 'Oh.-+_6n', 'Oh44\\y', 'OhjnA', 'Ojdcj', 'On/vL', 'Oo$}q', 'O|,K2', 'O}r{g', 'P#~i(', 'P$X0', ""P'^MfR)9%"", 'P((xu', 'P-C@UZF', 'P-OsQR-', 'P.JBNTZ', 'P0^tao', 'P5%|', 'P5POh', 'P;$c:', 'PAW(a$P', 'PB4uA', 'PEtKpw', 'PLD@8_', 'PMU 4', ""PNCE)'OCTJ"", 'POLIC', 'POP=/v', 'PQ1`A', 'PQQc}S', 'PQRST', 'PQg;XP2c', 'PRPPQ""', ""PR_)'<"", 'PSAPI.DLL', 'PSWjt1', 'PT-JS', 'PU?>)d', 'PUTUI', 'PUs%S9', 'PUwu\\h', 'PV!DX$', ""PV'f:"", 'PVJ-@', 'P_q!}', 'PePVn0', 'Pep^nk*', 'Ph2u)j8', 'PimWI', 'Pjm33', 'PvN[J', 'PwVr%WPndT', 'Pzx^&', 'P}@!0', 'P}aPk', 'Q SPW', 'Q$.IU', 'Q$G8P', 'Q$tOyG', 'Q/xtJ2', 'Q1Fk@', 'Q6V0t[', 'Q7jy9', 'Q9VVO', 'Q;c/Ag[', 'Q=\\|7', 'QA ~D', 'QAq\\o', 'QDSDYDeDoD', 'QIjAh', 'QN`5HI', 'QPS&,iFK', 'QQ]US', 'QSWU7', 'QTc0^', 'QUPP=5', 'QURm#', 'QU|6', 'QV{6@', 'QZ^&9', 'Q\\k1Pg', 'Q^UPQ', 'Q_ev]', 'Qfha/n$', 'Qg521', 'QjKXu', 'Qkkbal', 'QoHeD', 'R Yrf', 'R ~6_', 'R""2d3', 'R%U?tP', 'R,""torg', 'R/Uwr{', 'R3+@@', 'R?`^H', 'RAND?PKX12', 'RC4i<', 'RDNS7YB', 'RD_QI', 'RFW^y', 'RG?x0', ""RK's`"", 'RQ3""m!', ""RQbk'"", 'RRPaq !', 'RT56/', 'RUt`ao', 'RVWgB', 'RWU`N', 'RW`AwM', 'RX1Cz', 'R`_Q!', 'R`xbRs', 'RbPv!Ys', 'Rea*%', 'RegSaveKeyA', 'Rg@~G', 'Rgc6b', 'Rh&>]', 'RsOG6', 'Rt$2I2', 'Rz*H\\7', 'S lH`%}', 'S!m_u#', 'S%R4^', ""S'LB:/("", 'S,pu$', 'S- LlA', 'S/0PQ', 'S/]X&', 'S/]`0H', 'S3>\\M', 'S4p-yu@', 'S7@#Qe', 'S8xGJI', 'S:{-^N', 'SA@Ug(FW', 'SBOj7', 'SD74O', 'SD?6!%K0h', 'SET5>', 'SH;:', 'SHA1 bloc', 'SIGg@Gl', 'SIsGP7', 'SJ1mt5-', 'SNIST/S', 'SNTt|', 'SO!C/', 'SP96t1$', 'SPLAY""', 'SPWt:', 'SQRQh', 'SRUt', 'SSO`C', 'SSPV;t', 'SUU}DL', 'SW5#y', 'S`Rgb', 'SlioH', 'SrecEC', 'S{H\\BB', 'S~S[88u(', 'T $Yl', 'T va8', 'T!\\:D', 'T""SQVc', 'T$4Us', 'T(8!]A', 'T)k8X', 'T0""\'', 'T0DsWcle', 'T4B9M', 'T<B`C', 'T@ Tq', 'TBl)8', 'TDC`5p', 'TFJn>', 'TF\\A4""', 'TL%~K', 'TLSv1', 'TS,TUSk', 'TWARE', 'TYPEeN', 'T[J""h', 'T_w,UM0', 'T`00P', 'TcbgUnd', 'Thumb', 'TpJ3I', 'Tpap_apW', 'TrXW)u,', 'TsF]x', 'TuFD/', 'TzTL', 'U 4.0', 'U#?Hm', 'U)l:T^8rv', 'U/,wr{', 'U1R9Q', 'U4x|@t', 'U?<ZX', 'UC gM', 'UEaEwE}E', 'UGOcb', 'UH!+/', 'UIDWW', 'UM%KE', 'UNIVJAL+v', 'UPSS8H', 'UQSVWJS8', 'USER32.dll', 'USWqzg', 'UT00CA', 'UVWXYZSX', 'UWSEm', 'U[agmy', 'U]lcvem', 'Uch', 'Uet<[', 'UhGG`#', 'Uiv1Z', 'UjyK{', 'Ul(b*m', 'UniD(', 'Uq(f_', 'Uq8QH,', 'UxIVu[-T', 'U}PiO', 'V +Yx', 'V pTS', 'V$YY5@D', ""V'b5O+"", 'V//L&', 'V/ux&p', 'V3u_^', 'V;odW+', 'V<$J4', 'V?u{b', 'VA Af', 'VCu-q76', 'VDG?j[h', 'VG#bD', 'VJb!e', 'VOE#U', 'VOK8NFO', 'VQRPS', 'VQU//', 'VRPYHl', 'VSa.F', 'VSjG@o', 'VUPWW', 'VUYkX', 'VV~Y0F', ""VaQ/'"", 'VcxviNc', 'Vd~>D6""', 'Vg3LE', 'VgHA3', 'Vh(x@', 'VirtualProtect', 'Vlqu;h', 'VuOnP', 'W!S]Shi', 'W$UR`U', 'W$gRG', 'W%Cn<k', ""W':MZ"", 'W+ v!', 'W.Sxd', 'W/2$&', 'W1*\\W/', 'W2DOL', ""W6-9'"", 'W9F R t', 'WF@@0', 'WIN32', ""WJ'.N/"", ""WPc|@t'"", 'WQ""_N', 'WQKZmb', 'WQh N', 'WRNLvBD;', 'WRo<~', ""WS'uO0\\1x"", 'WS2_32.dll', 'WT%wKJPs', 'WVPQ!', 'WXra.K', 'WY3Ck', 'W[OCB', 'W\\fxu*', 'W^y8$4,', 'WrIu-h', 'WrikK', ""Wtp-i'T2"", ""Wu`U'"", 'X && K', 'X!,0Hg8', 'X!;3;', 'X!un`;', 'X$qu', 'X&Dg/', 'X,P_+_', 'X1ld}', 'X3k71', 'X5`T,|', 'X9.6', 'X9_62_CUR', 'X>hc}', 'X?BU`.', 'XBkWP', 'XB}LN', ""XE'qaK["", 'XL2RL{', 'XM#37N', 'XP _0', 'XPTPSW', 'XP~*+', 'XTWP,TABLE', ""XW=?'"", 'XWSfVo""y', 'X[aRxhl=', 'X] >=', 'X` 9', 'X`N9Zt*', ""Xb'DHEWe"", 'Xc~mQnlw', 'Xf8PE', 'Xoc5n', 'Xp(6W', 'XuNY_^u', 'Xwa""v', 'Y%N!;(u', 'Y)VhAN""=', 'Y5AMe^', 'Y7GAC', 'Y@!T?', 'YAX*;', 'YH<_@i*', 'YPDp-@', 'YVwo=', 'YWEXhF#', 'Yb6N4', 'YnsSl', 'YsOT_', 'Yt)P}""9', 'Z,i^cate', 'Z--^y', 'Z0u/!', 'Z3xGC', 'Z8Bof', 'Z@iVZ', 'ZJVrX', ""ZLI'(n1"", 'ZXIaV;', 'ZZY\\(w', 'Z\\[]?', 'Z]fp back?c', 'Zf}f0f', 'Zk:H/', '[%*EI', ""['VWP"", '[/\\LPH', '[3/AW', '[?>o[', '[H#t*|', '[TTK0O', '[UVAM', '[[%s]]', '[`*8""', '[`W5""', '[e5cT', '[g^p[T', '[sj(qV', ""[z|'xB"", '[~_MD_', ""\\ ,0%'"", '\\$ 6+', '\\%02X', '\\*.*O~_W', '\\*rLc!', '\\8<Q""', '\\;aC3', '\\<c-two-b7', '\\@AR@Y#', '\\F@^\\', '\\I\\}U', '\\JZ(P', '\\N.<`hRrr9', '\\PRRI', '\\Q_ E', '\\SjGI', '\\UUEEJ', '\\V,|g', '\\a)`x', '\\dT^t', '\\ired/qi', '\\r   x', '\\rx}~', '\\xPWi', '\\|quu', '\\}i`5', '] Rn3ko', ']!H;Is', ']&2Z', '].{+R', ']/p&h', ']0I38', ']5[_^', ']AC_c', ']IV_L', ']PducedAt/', ']SS rHC', ']X|(,', '][Y{d', ']i+t_', ']u]7G', '^', '^  !?H0', '^$WL&', '^>)ZrG', '^@WXh', '^B43<-[C', '^CLASSEhO', '^FAYC', '^HXrf', '^Hgh', '^N8;', '^R(O?', '^R@VA', '^Rich', '^T(g{', '^U7X\\', '^V9C;', '^VLB8', '^X< P', ""^_^'a"", '^nt-<,l', '^oEZ_', '^pIBm', '^tRS1ZY', '_ 9@Z', '_""B#M\\`', '_#i.', '_)MFK0', '_+6u{u$', '_,3<Cm', '_-_-V', '_88/cct', '_?bxed', '_@E?_', '_AE`)', '_BC/k1', '_BYTES?', '_F6_F', '_G*Ea*', '_JvT|', '_N VG', '_PGWYcap', '_T&<%J', '_Vn@e', '_Vt3VB', '_^-/7', '_^_F7', '_ctxh', '_hU(j', '_h\\oj', '_msUPNWS', '_nljsI', '_uVT\\', '_w]0z', ""_y'-US71m"", ""`'X@)"", '`.u:4', '`1mP<\\', '`30-G', ""`6'DkO"", '`:t~qNx`zA', ""`='ro"", '`=yu0', '`E(ez', '`I ,F', '`K$`O;', '`KOop?', '`Q#uQ', '`X)osxn', '`\\E`9^4', '`\\XTPL', '`bB""(!', '`cC#(', '`dub`D', '`fl+*V', ""`i'<x"", '`kA<M', '`klVLn', '`lj^hH;)+4', '`tmp)o', '`uOfxe', '`xm\\7', '`}vUR', ""a'q`O"", 'a.cG0n', 'a:WUC', 'a=SP5', 'a?a:', 'aE(x', 'aJHE', 'aL,Dx IM', 'aMLA!', 'aMj*#Rv', 'aTX@9', 'aTfAGS', ""aU'a~g"", 'aW{Ws/', 'aX$]R', 'a^ kh0', 'a_RCx', 'abiN,', 'ai>YD', 'aomm`', 'au~;p', 'aw&Z%', ""aw',tk"", ""awnO' )A"", 'aybSr', 'a|ZGt', 'b YY#', 'b x.~', ""b'%#<"", ""b+'+1+3+=+?+K+O+U+i+m+o"", 'b/3I', 'b=z7/lx+', 'bBbhb', ""bC!e'"", 'bS1KZa/', 'bWQ$<\\""', 'b]-A<3', 'bcBCS', 'bcrJN', 'bk@E;', 'bp<*`G', 'bsRespB', 'btmcf', 'bx0wL', 'byKey', 'b|Pkc', 'c!QQ0', 'c/~KkA', 'c21g3pA', 'c3S!V', 'cAMDu;', 'cHiHtch', 'cIP#v', 'cJ_ND', 'cM0wF', 'cNEL%', 'cN\\QLv', 'cW#h|', 'c_Ak9', 'c_^ImBJ', 'c_`\\V', 'ca`bg', 'ccOv!c', 'ch-WTM', 'ckcul', 'cmcti', 'cmp.c', 'cmxa+', 'cno~:', 'com7G', 'ctV4P', 'cu7X3', 'curv_R', 'cyhch', ""d!>'B"", 'd""8<k', 'd$lpuue', 'd&~@8S', 'd,4VPj""', 'd.c/envO', 'd2id.c', 'd8 5I', 'd@.(@\\@', 'dGc#T', 'dJRSV', 'dL^,[', 'dW <<', 'd]`%_', 'd]uIVv', 'd_40,', 'd`>St', 'dc@)9', 'deflate 1.2', 'deltaRp', 'dhENA', 'dhp@i9`9W', 'dlogV0', 'dnopq', 'doapr()r', 'duox{`K`', 'e)`J!m`', 'e-gOd', 'e8SO!`', 'e?%|+', 'eBDYY', 'eFM]hH', ""eN2'p"", 'eSSc7', 'eXENO', 'earchG^dfossC', 'ecEC/cf', 'ecECJN', 'ecGEC', 'ed! bt+', ""emQ_'"", 'en,F08i', 'en?EncRLS', 'ep1n#', 'et""S-h', ""f'Ext"", 'f048<', 'f=.w0Q', 'fA1}pK', 'fQU""M<', 'fSBi(%[', 'fV=A+%', 'f\\$XG`', 'facsimixT', 'fgvmfv', 'fi0oP', 'finished', 'fqBFibfa', 'fu tU', 'g $UZ<0~', 'g&jQT', 'g(UU[', 'g6$cs77eH', 'g8<dB', 'gBBI>$|', 'g^8\\', 'g^Dkg', 'g`[L]', 'gdmfDMF', 'gen.co', 'ghijklmnopqrstuvwxy', 'gim0.R', 'gje?c', 'gjeK uO5n', 'gjfaF$b/', 'gomery', 'goowc\\@\\', 'gost-maW', 'gpXRtl', 'gth <= ""ze', 'g|MTlc', 'h&CYyp', 'h(`Xy', 'h*1<4', 'h+p]&', 'h0fA7', 'h3KWI', 'h4!A+P', 'h4oX8z', 'h4p>l', 'h7ks', 'h8FH|', 'h:SXC', 'h;4s[e0', 'h<26<h4', 'h>1je', 'h@c$b^', 'hAT}P', 'hF\\SjB', 'hGu R', 'hNP|8T', 'hO?lVhQ', 'hPE^|', 'hPRIV', 'hTYh-', 'hW3Ae|', 'hXGg}', 'h\\U:.Gu', 'h_T&D', 'h`H(|sO?', 'h`o;M', 'haI)|pL<', 'hancDS~', 'hbJ*(""', 'hbK;t', ""hd'-tA"", 'hd=sUtdb', 'hh)a*', 'hhjh', 'hjkhH', 'hp7 0', 'hq]u%8', 'hujre', 'hx!oh', 'hxAu', 'h{ Bb', 'i 7Lb', 'i!R m', ""i&'(/0"", 'i*]k`(', 'i+ st_', 'i,R-?', 'i.j>k', 'i/uhP', 'i6AuYh$', 'i7P<P(oJIu', 'i<Me&', 'iGM>nw', 'iKyo=', 'iV%an', 'iWVu53', 'iZTuU', 'i\\A0~', 'ia for]', 'ike_B', 'iogqt', 'iopet', 'iqjw3k', 'iqwdmq1', 'is 6o', 'ixx9{', 'j >`}', ""j'ei?'"", ""j0WI}'H"", 'j>pFv', 'j>zjZ', 'j@@AA', 'jA_q`', 'jC $H', 'jF\\tw', 'jH-Ah', 'jHIU#', 'jIhHK', 'jJsI<', 'jLiar)', 'jNCAh', 'jSCPo', 'jT(Q', 'jU&=0H', 'jZF<D', 'j\\C)P', 'j^f)}@5', 'jeO*P', 'jej*BI', ""jg,DH'"", 'jhD*FX', 'jieG$', 'jmGi3', 'joW>L', 'jqCfr', 'jr;jAj|', 'jvhLLe', 'jxu&m<e', 'j{-h', 'j{@MP0', 'j{hLOd', 'j~qCjwkx', 'k(UU5z', 'k*RA:', 'k2o2u2w2{2', 'k96J+qR=', 'kApc6~g', 'kBgq?', 'kCXM_', 'kHn_u', 'kSi4Rp', 'kU#SVW', 'kWTyp', 'kWtPp', 'kXel32', 'k\\L""1P5', 'k^256W]', 'k_2)u', 'k`hNP', 'kd*7LQ', 'kd.?6', 'ke2:M', 'kekria', 'kf""vKX`;', 'khu9q', 'kixQC', 'kvd&R', 'kxU,d', 'k}!,GJ', 'l LF7', 'l$ EbS', 'l$GO^', 'l$dB8B', 'l+_SM5xW3', 'l+rL', 'l.c_oaeppkl,', 'l/exp/', 'l/i/{', 'l42kDdv', 'l6qnk', 'l9My\\ymAbv', 'l:ePOH', 'l<iM{', 'l>eFG)f', 'l@N,lc', 'lQSR.', 'lQu-!', 'lRkh%|', 'lSyV/i#', 'lUWQP""0', 'lZr^y', 'l_N zC', 'l_Xcp', 'lcO/<1', 'lf q@(', 'lg$&|Pu', 'lhOC.', 'ljn/]', 'lxR r', 'l|RUjz', 'm""39""!?', 'm#E<#', 'm0o?Qu', 'm40BC', 'm5d83', 'm7hO(""$', 'm8J 9s', ""m;x='shuu"", 'mAin!', 'mEh-_-', 'mFIC6E', 'mPBKDF2O', 'm]/Y,', 'm^aP', 'man3r', 'mast^_key', 'mc_wf', 'md_u94', 'mj}[,Stp', 'ml_hhW', 'muMYE', 'mx9+u', 'n yers/', 'n+1;o$l', 'n,@,3', 'n/8&,', 'n0aL)', 'n4>xM', 'n6Volume', 'n:6*s', 'nC2Rh', 'nJx`.', ""nM'a8"", 'nN(AG', 'nPc. PKCS', 'ncIwK', 'ne77U', 'nfHmX', 'nhm_^', 'nis%x', 'nisn0', 'njCEU', 'nnE""\'', 'nnHPhH*SBh<', 'ntdll.dll', 'ntelt^DAn3', 'n}er;R', 'o""5)D', ""o';F"", 'o7scJ<jHP', 'oC/X&D', 'oCt{g', 'oGtps', 'oK7aV', 'oMark Adlerv', 'oSc+i', 'oVL8""', ""oXP-'A"", 'oY@gc', 'o`49h4m', 'o`E_\\', 'o`j+U', 'oa\\VI', 'oapgapj', 'oeHH,', 'ohash', 'oi,us0', 'onseDF?5D', 'opE1~', 'otNWW', 'otw-SbJ', 'ou,ta', 'oxp(`', 'oyEbSvd', 'oyaDQm', 'o~).`*', 'p)]@e', 'p,T?NP,', 'p368wt5', 'p3p8u', 'p55LR', 'p7VU[tf', 'p@xEs', 'pAYia', 'pAwSZg', 'pDP.NH', 'pGh4a', 'pHhX+', 'pHl\\t', 'pK#N@', 'pO.4<Vj', 'pP_(\\', 'pVPC}M', 'pW /0', 'pY9^lYtB', 'p[r|y>', 'p\\dig', 'pi-=y3.;a', 'pjyk8', 'pl""n`f', 'pn\\Rl', 'pptZ+-I', 'pqt.3', 'ptx|7', 'puEFWKb', 'q""E<Qo', 'q$AD6', 'q)hVS', 'q-d""_', 'q2t}$UQVk', 'q>iO*~', 'q?squk?CK', 'qLQ?r$C[', 'qPIUn', 'qTYx c', 'q\\@0V', 'qr$/geH', 'qs,t#-t', 'qsorK{', 'qxQ#YZx', 'r #X`', 'r+EQP$', 'r,PbFh', 'r,SR\\V', 'r7""K.', 'r8=P=', 'r99Ky', 'r<Axp9', 'r@&|I', 'rFCn1', 'rJvin', 'rKnCDqA', 'rQJSQQ6', 'r_YEd', 'r_acm*ffH', 'rb?2828', 'rc4(4x,int)', 're/GAT', 'ro@openFl%', 'rsaW2', 's - a', 's!#Y', ""s'%/a"", 's(Fdi', 's->sid', 's0tX(D', 's7-a-', 's?OU7H0', 's@t@Dt;;', 'sG t$(,', 'sP#V5', 'sWRx,', 's\\$DR%>q', 's]qT$ ])S,eS', 'sb11S', 'shb?j:9', 'so%$""I?', 'swZlT', 't ;P*', 't numb%', 't""jXh`p', 't$jw*a', 't%!_ R6Txi', 't)$&n', 't.hP<', 't/jiRL', 't1UUQ', 't5}YI.', 't6VWmGh', 't:u`8', 't<hut', 't=etV', 't?fIpB2l`:', 't@!xA5', 'tDKUWU', 'tEqt%', 'tFpRI', 'tL}5C', 'tN$8BA)', 'tNum/', 'tOxt$', 'tP)$<', 'tS9/t=', 'tT{tG', 'tU(!7', 'tWVU5', 'tW[U!', 'tXFRv', 't\\nUWh', 't`3XBj', 'tbk}.', 'tdHt&', 'tgh _%', 'tn9_ ti', 'tn_;}', 'to 7', 'tp7C^', 'ts!$t', 'tt=G-', 'ttS$,H>', 'txP9p3', 'ty/in', 'tyBF %', 'u   $|`A', 'u""0ph', 'u""z(y', 'u#h];', 'u#{(3', 'u&30q', 'u&46/d', 'u)$42r', 'u+v6-', 'u-XCiiui', 'u-aX3', 'u.2J:', 'u1M2f2p0""', 'u29{u', ""u4'FJ"", 'u67 7p', 'u6D\\t{', 'u7ERI', 'u:?WSO', 'u:tvr', 'u@8(u;', 'uB!!c', 'uB&9%', ""uD'h\\I"", 'uD;Y,3', 'uH!PH=', 'uH/PGI`0$', 'uJ82V1', 'uKrTP*', 'uNMuF', 'uOKR2', 'uPVj0W', 'uQ!dh', 'uUMe7I', 'uXRWQ', 'u[XCz', 'u]tEh', 'u`)G~', 'uaQu)', 'ubuCPoiE', 'ud""ymW', ""ujqv'"", 'ujr!@', 'ul9~@rgS', 'ulus:', 'up Gailly ?F', 'ut$h/', 'v!qqe', 'v#,Q|', 'v#h~C', 'v%A*I', 'v)nbc', 'v/>|&h', 'v3 pa8F', 'v6>R3', 'vB;&BE%', 'vLD3q', 'vQO+t', 'v_h3', 'valGSa', 'vct$s', 'verify callb', 'vfx{2Ht', 'vhDP\\', 'vk?Ie', 'vl\\a', 'vt&s%i', 'vyzA.', 'w }', 'w+OQvr', 'w/36%', 'w/X&P', 'w31G31', 'w7enE', 'w8oked', 'w@t.=', 'wB2hT', 'wDpWs', 'wHx19F', 'wK*$v', 'wR-wsg-^m<', 'wTEhM', 'wdup1', ""wgw'G"", 'wh/?y', 'wn>Jj', 'wr{o&', 'x PDm', 'x!,H32{', 'x)3abn{G%U', 'x121K', 'x3,KGC', 'x3H,KQSI', ""x5'p'"", 'x7t$)', 'x86 by <a', 'x9316', 'x<<D%', 'x@Qu9', 'xDH{ns', 'xO%y<', 'xOn.q', 'xPend/&r)c', 'xT8P%u', 'xUnPs', 'xVQJHM', 'xVdh|', 'xYI8KuS', 'xeD:QF', 'xf<{e4FP~H', 'xh\\PD<', 'xj PUx)', 'xpRVV', 'xrJ:DCG', 'y&,\'""h', 'y*+,-.', 'y/faq.Dml_', 'y1@,(', 'y9F si$;', 'y:;<=>', 'yAu?8', 'yH<0$', 'yJKLMNpx', 'yPME=56', 'yTh+hrSC', 'yaYQI', 'ybjrz', 'yi0""g_', 'ynD`h', 'ynZF.V', ""z Sh'g|"", 'z `Sf', 'z+$.!', 'z2tmhF', 'z;q/gj$', 'zGJX$', 'zLE>a', 'zbyn;t8=(', 'zcret', 'ze0H)A^', 'zjxp7', 'zktop', 'zsh)arV7', 'zxtCnH', '{""g\'dU', '{%jg\\`', ""{''FH&<"", ""{'H&8"", '{*""c#h', '{6hN3v', '{@2B3', '{AUP8B0', '{AfSiT', '{DHCh', '{DRSS?', '{I8w;', '{^|LH', '{`ABG(I', '{`\\X4', '{bOAA', '{dh-l', '{ijqH$G', '{tj}/a', '{wDR6', '| {Lr2', '| |L}u9', '|$(eU', '|$8c#]', '|(!h@', '|0&XS4', '|27239', '|283M', '|<C!F', '|<q 1{J', '|>>Bq', '|H$]T', ""|Mti'"", '|RLP;t!X', '|_H/8&', '|f:Kwzy', '|lA=;', '|mpK0', '|u|=tGC#`', '} p9c', '}!q$Q]tX', ""}' >`"", '}(r[$', '}/$ip', '}/FQoq', '}/K_&', '}0V8|$', ""}2}'d"", ""}H'UwK*"", '}PhRCrje', '}PqlCLB', '}Vn_#CQ', '}W4k!W', '}YDR.Y', '}_ a c', '}bJwSR', '}dX5VQ', '}gd.[#_', '}h(}k', '}|Gd%', '}}B@#4P']","['UPX0', 'UPX1', 'UPX2']",advapi32.dll gdi32.dll kernel32.dll msvcrt.dll netapi32.dll ntdll.dll psapi.dll user32.dll ws2_32.dll,regsavekeya bitblt loadlibrarya exitprocess getprocaddress virtualprotect exit netbios atoi enumprocessmodules getdc wsagetlasterror,-./ i kn . njm /grt 0.sv 4 x4 5 a i o y _ s 9cast 8ux xtr7de zr 5 d . e o 7 ffff is_v2k pz0/ rf sisrj this program cannot be run in dos mode. tt_e w wa xnhm re g x gi 8 hck dbf jl d kj5y lgc.k lstrws thoaj w e yp k jdh 1 9 k o c g s u 1xi 7jh u i ch 0 b bca: cecr dpqsc ec3j ih x pjil0 sjxk _-_x d41k0 d4 h 3g jth known lbn. ledr7pos lo5 vk a vwid ruy otu h2y _e ax c / kt u 7 i jugxc ghpqs hcx mqa p s pso p t v wgu x ra bml bbatj dq z guzoj i xq x xv 3 l ggt- y h w h a c m _ g k y 8sm jpk .u o /f:w 57 cm : _servic zml a 0z bdqug eg lb_ f1- hps 6 n kg p tu q:tg urpk urhd v 5 vp o _l9 i _ r b f dedmine/d goejz pm hk t h v8cn vq x vk uw nc 1 c k o . dw u 8 h 9xt a :my vpj mz 6 d.7 alv e0h j/n/ l9_dca w pz 3s ah94o gfz nq hx v j c c m4ju o ..r8 ph3 pb u9i b x94e pmm hw. t4x 5 k s y e i o 6j /4k 05fl 1k8q 4 ga 1 y kd a a8d b8vh ba x bzupo n i rvgh lq . proo - lmn g3_pk //rg1 08191r 1/ q 5 7 m s u _ k m / r 9mb e53 aj b7 _ bc gii c3c7c9cocwcic list pj-x uk hd vje vw a_ ztn e : awa_ ossbj v t x7 lhe wh32 8 mp paraa bnl 1 i q a g u sp 9 spj - . . c0 0 yx 2 _83 7j 8 8 or 8pz2 u 8w1p2 u-r0 qo7h6 rhlb zdot aln _40bit b x bdp. eay045 fs ggrcjh hyb o qua/l spt wmww 9 y / 3 5 e q s y c k -v. / 6z 5w0: g e i o u 7-i cur e g6sh gx/a urzv wsubt zeo m/ u/ mb8 ecec i qs pmosnmp qks yd7-dp f3x i cy8 / o u uf 0- 0 1yx8 fru m a nxha p jp rrjljl sp . y od hv _ e k m s hdor-8 ji lam- s ms n 1 pi0x t rvt6 rvd k npq qia / p-8g 19lh 3 hg _ v u. v0j wpqu j _e 0 drv3 hdqh tqxtl7k udhb/ v m xpgr z ea cak cryptogams nhm / 5 9 a w y i w 78q q 0 qupw 8 i 4 kx -88h-0 /ump 3mr 4b 0 tb c2d- equ g0 oh mh p q rw f ssk v pc vh xi wus kca xm g z:vh c. ny dl s fxj c h ub 7 j w jt ldct6 qfjmp u kaksh u y: a - r - mpub - r t -/etz -0axx -l// -mte3a -n-cc -perh -scon - 2c - ur c - aq -a a -ftol -objec -t1 d -vvh . j . dy s . wr 4 . x k . .-.3.7.9. .w. .o.y. . xv 4 . q 9y ..dlh .0_two .3 copyright .8blzb . bot . bj .dhlh .eows .i- z .jferror,upx0 upx1 upx2,advapi32.dll gdi32.dll kernel32.dll msvcrt.dll netapi32.dll ntdll.dll psapi.dll user32.dll ws2_32.dll regsavekeya bitblt loadlibrarya exitprocess getprocaddress virtualprotect exit netbios atoi enumprocessmodules getdc wsagetlasterror upx0 upx1 upx2 -./ i kn . njm /grt 0.sv 4 x4 5 a i o y _ s 9cast 8ux xtr7de zr 5 d . e o 7 ffff is_v2k pz0/ rf sisrj this program cannot be run in dos mode. tt_e w wa xnhm re g x gi 8 hck dbf jl d kj5y lgc.k lstrws thoaj w e yp k jdh 1 9 k o c g s u 1xi 7jh u i ch 0 b bca: cecr dpqsc ec3j ih x pjil0 sjxk _-_x d41k0 d4 h 3g jth known lbn. ledr7pos lo5 vk a vwid ruy otu h2y _e ax c / kt u 7 i jugxc ghpqs hcx mqa p s pso p t v wgu x ra bml bbatj dq z guzoj i xq x xv 3 l ggt- y h w h a c m _ g k y 8sm jpk .u o /f:w 57 cm : _servic zml a 0z bdqug eg lb_ f1- hps 6 n kg p tu q:tg urpk urhd v 5 vp o _l9 i _ r b f dedmine/d goejz pm hk t h v8cn vq x vk uw nc 1 c k o . dw u 8 h 9xt a :my vpj mz 6 d.7 alv e0h j/n/ l9_dca w pz 3s ah94o gfz nq hx v j c c m4ju o ..r8 ph3 pb u9i b x94e pmm hw. t4x 5 k s y e i o 6j /4k 05fl 1k8q 4 ga 1 y kd a a8d b8vh ba x bzupo n i rvgh lq . proo - lmn g3_pk //rg1 08191r 1/ q 5 7 m s u _ k m / r 9mb e53 aj b7 _ bc gii c3c7c9cocwcic list pj-x uk hd vje vw a_ ztn e : awa_ ossbj v t x7 lhe wh32 8 mp paraa bnl 1 i q a g u sp 9 spj - . . c0 0 yx 2 _83 7j 8 8 or 8pz2 u 8w1p2 u-r0 qo7h6 rhlb zdot aln _40bit b x bdp. eay045 fs ggrcjh hyb o qua/l spt wmww 9 y / 3 5 e q s y c k -v. / 6z 5w0: g e i o u 7-i cur e g6sh gx/a urzv wsubt zeo m/ u/ mb8 ecec i qs pmosnmp qks yd7-dp f3x i cy8 / o u uf 0- 0 1yx8 fru m a nxha p jp rrjljl sp . y od hv _ e k m s hdor-8 ji lam- s ms n 1 pi0x t rvt6 rvd k npq qia / p-8g 19lh 3 hg _ v u. v0j wpqu j _e 0 drv3 hdqh tqxtl7k udhb/ v m xpgr z ea cak cryptogams nhm / 5 9 a w y i w 78q q 0 qupw 8 i 4 kx -88h-0 /ump 3mr 4b 0 tb c2d- equ g0 oh mh p q rw f ssk v pc vh xi wus kca xm g z:vh c. ny dl s fxj c h ub 7 j w jt ldct6 qfjmp u kaksh u y: a - r - mpub - r t -/etz -0axx -l// -mte3a -n-cc -perh -scon - 2c - ur c - aq -a a -ftol -objec -t1 d -vvh . j . dy s . wr 4 . x k . .-.3.7.9. .w. .o.y. . xv 4 . q 9y ..dlh .0_two .3 copyright .8blzb . bot . bj .dhlh .eows .i- z .jferror,"sample VC990_468FF2C12CFFC7E5B2FE0EE6BB3B239E header machine 332 subsystem 2 sections UPX0 UPX1 UPX2 dlls ADVAPI32.dll GDI32.dll KERNEL32.DLL MSVCRT.dll NETAPI32.dll ntdll.dll PSAPI.DLL USER32.dll WS2_32.dll imports RegSaveKeyA BitBlt LoadLibraryA ExitProcess GetProcAddress VirtualProtect exit Netbios atoi EnumProcessModules GetDC WSAGetLastError strings !""#$%&'()*+,-./ !""#$%i !""\kN !.|njm !/Grt !0.SV !4\x4 !5!A!I!O!Y![!_!s!}! !9CAST !;8uX !;[][ !;{xtr7De !=,ZR !>5 ] !D"".& !E!#o#7#FFFF#$$ !Is_v2k% !Pz0/& !Rf(] !SiSRJ !This program cannot be run in DOS mode. !Tt_E !W{Wa` !XNhm !\@&^rE !g'X> !gI""8 !hcK+dbF& !jl[D !kj5Y !lGC.k !lStRWS !tHOaj !w,+&E !yP+K !|jDh ""!""%""+""1""9""K""O""c""g""s""u"" ""#1xi ""#7jH ""&%u| "")I{Ch ""0)[b ""BCa: ""CeCr ""DPQSc ""Ec3j ""Ih,x ""PJil0 ""SjxK ""_-_X ""d41K0 ""d4[& ""h'3g ""jTh$ ""known ""lbN. ""ledR7poS != ""lo5!% ""vK""A ""vwID ""~RUy ""~otu # h2y ### $, ##]_e #'AX`@ #(,*~ #,c~$ #/`#kt`u #7 #I #@jUGxc #GHPQs> #Hcx= #MqA #P <S #Pso p #T?'v #WGU #X{rA #bML"" #bbatj #dq[Z #guZoJ@@ #i""xQ #x@xV $ 3?L $!GGT- $%&'()y $(h!W #h $)$=$A$C$M$_$g$k$y$}$ $*8sM $,JPk $.u!o $/F:w $57 CM ? $:'%{ $>>_SERVIC $>Zml $A+(0z $BdQUG $Eg\lb_ $F1-, $HPS""$6 $N'KG $P(TU $Q:TG $URPk $URhd $V+*5 $Vp]O\=_L9( $\i$! $_()R $`b)~f $deDmine/D $goEjz $pM$HK $t#?h $v8CN $vQ'X ${vk'\ $|$UW $~Nc ' %'%1%=%C%K%O %.*,dw`u[ %8<?H~ %9xt<A %:MY} %<VPj %==MZ(6 %=d.7 %@aLv %E0h; %J/N/ %L9_DCa( %W""pZ %`3s % %ah94O %gFz#nQ %hx, v %j(c!C %m4Ju %o\..r8 %pH3$ %pb+< %u9i`B %x94e %{&PMm %~#hw. &&T4X& &'&)&5&;&?&K&S&Y&e&i&o&{& &(>6J &))** &*/4K] &05Fl &1K8q &4,%$Ga &>1;y &@'kd &@;%a &A8d@, &B8vh &BA`x &BzupO &N''i &RVGh &lQ!. &pRoo ' )% ' - ?> '(LMN ')g3_pk[ '//RG1 '08191r '1/(Q '5'7'M'S'U'_'k'm' '>/]r '@9MB '@E53@ 'Aj~`""@ 'B7^_ 'BC[gII 'C3C7C9COCWCiC 'List 'PJ-X 'UK`Hd 'VJe\ 'VW""A_ 'Ztn(%e ']< : 'aWa_ 'ossBj$v 't$%X7@LHe 'wH32'%, '{8)Mp ( PARaA ( bNl (!(1(=(?(I(Q([(](a(g(u( ('SP* ()*+9 ()SPj"
